user_id,operator_id,date,in_ans_calls,in_ans_wait_sum,in_miss_post_calls,in_miss_post_wait_sum,in_miss_pre_calls,in_miss_pre_wait_sum,out_ext_calls,any_activity,in_assigned_total,missed_rate_post_day,avg_wait_in_ans_day
166377,880022.000000,2019-11-05 00:00:00+03:00,1,15.000000,0,0.000000,0,0.000000,0,1,1,0.000000,15.000000
166377,880022.000000,2019-11-07 00:00:00+03:00,1,13.000000,0,0.000000,0,0.000000,0,1,1,0.000000,13.000000
166377,880022.000000,2019-11-08 00:00:00+03:00,1,17.000000,0,0.000000,0,0.000000,0,1,1,0.000000,17.000000
166377,880022.000000,2019-11-11 00:00:00+03:00,1,3.000000,0,0.000000,0,0.000000,0,1,1,0.000000,3.000000
166377,880022.000000,2019-11-15 00:00:00+03:00,0,0.000000,0,0.000000,0,0.000000,2,1,0,,
166377,880022.000000,2019-11-18 00:00:00+03:00,0,0.000000,0,0.000000,0,0.000000,2,1,0,,
166377,880022.000000,2019-11-19 00:00:00+03:00,1,18.000000,0,0.000000,0,0.000000,17,1,1,0.000000,18.000000
166377,880022.000000,2019-11-20 00:00:00+03:00,0,0.000000,0,0.000000,0,0.000000,1,1,0,,
166377,880022.000000,2019-11-22 00:00:00+03:00,0,0.000000,0,0.000000,0,0.000000,12,1,0,,
166377,880022.000000,2019-11-26 00:00:00+03:00,1,4.000000,0,0.000000,0,0.000000,0,1,1,0.000000,4.000000
166377,880022.000000,2019-11-27 00:00:00+03:00,0,0.000000,0,0.000000,0,0.000000,2,1,0,,
166377,880022.000000,2019-11-28 00:00:00+03:00,1,24.000000,0,0.000000,0,0.000000,0,1,1,0.000000,24.000000
166377,880026.000000,2019-11-01 00:00:00+03:00,0,0.000000,0,0.000000,0,0.000000,47,1,0,,
166377,880026.000000,2019-11-05 00:00:00+03:00,0,0.000000,0,0.000000,0,0.000000,39,1,0,,
166377,880026.000000,2019-11-06 00:00:00+03:00,1,9.000000,0,0.000000,0,0.000000,28,1,1,0.000000,9.000000
166377,880026.000000,2019-11-07 00:00:00+03:00,2,18.000000,0,0.000000,0,0.000000,45,1,2,0.000000,9.000000
166377,880026.000000,2019-11-08 00:00:00+03:00,0,0.000000,0,0.000000,0,0.000000,19,1,0,,
166377,880026.000000,2019-11-11 00:00:00+03:00,1,4.000000,0,0.000000,0,0.000000,40,1,1,0.000000,4.000000
166377,880026.000000,2019-11-12 00:00:00+03:00,0,0.000000,0,0.000000,0,0.000000,38,1,0,,
166377,880026.000000,2019-11-13 00:00:00+03:00,0,0.000000,0,0.000000,0,0.000000,28,1,0,,
166377,880026.000000,2019-11-14 00:00:00+03:00,0,0.000000,0,0.000000,0,0.000000,39,1,0,,
166377,880026.000000,2019-11-15 00:00:00+03:00,0,0.000000,0,0.000000,0,0.000000,42,1,0,,
166377,880026.000000,2019-11-18 00:00:00+03:00,0,0.000000,0,0.000000,0,0.000000,35,1,0,,
166377,880026.000000,2019-11-19 00:00:00+03:00,0,0.000000,0,0.000000,0,0.000000,33,1,0,,
166377,880026.000000,2019-11-20 00:00:00+03:00,0,0.000000,0,0.000000,0,0.000000,53,1,0,,
166377,880026.000000,2019-11-21 00:00:00+03:00,1,11.000000,0,0.000000,0,0.000000,8,1,1,0.000000,11.000000
166377,880026.000000,2019-11-22 00:00:00+03:00,0,0.000000,0,0.000000,0,0.000000,49,1,0,,
166377,880026.000000,2019-11-25 00:00:00+03:00,0,0.000000,0,0.000000,0,0.000000,28,1,0,,
166377,880026.000000,2019-11-26 00:00:00+03:00,0,0.000000,0,0.000000,0,0.000000,33,1,0,,
166377,880026.000000,2019-11-27 00:00:00+03:00,0,0.000000,0,0.000000,0,0.000000,46,1,0,,
166377,880026.000000,2019-11-28 00:00:00+03:00,0,0.000000,0,0.000000,0,0.000000,30,1,0,,
166377,880028.000000,2019-11-01 00:00:00+03:00,6,44.000000,0,0.000000,0,0.000000,43,1,6,0.000000,7.333333
166377,880028.000000,2019-11-05 00:00:00+03:00,1,3.000000,0,0.000000,0,0.000000,63,1,1,0.000000,3.000000
166377,880028.000000,2019-11-06 00:00:00+03:00,0,0.000000,0,0.000000,0,0.000000,37,1,0,,
166377,880028.000000,2019-11-07 00:00:00+03:00,1,3.000000,0,0.000000,0,0.000000,47,1,1,0.000000,3.000000
166377,880028.000000,2019-11-08 00:00:00+03:00,1,3.000000,0,0.000000,0,0.000000,22,1,1,0.000000,3.000000
166377,880028.000000,2019-11-11 00:00:00+03:00,0,0.000000,0,0.000000,0,0.000000,39,1,0,,
166377,880028.000000,2019-11-12 00:00:00+03:00,4,28.000000,0,0.000000,0,0.000000,78,1,4,0.000000,7.000000
166377,880028.000000,2019-11-13 00:00:00+03:00,2,6.000000,0,0.000000,0,0.000000,28,1,2,0.000000,3.000000
166377,880028.000000,2019-11-14 00:00:00+03:00,0,0.000000,0,0.000000,0,0.000000,16,1,0,,
166377,880028.000000,2019-11-15 00:00:00+03:00,0,0.000000,0,0.000000,0,0.000000,13,1,0,,
166377,880028.000000,2019-11-18 00:00:00+03:00,0,0.000000,0,0.000000,0,0.000000,18,1,0,,
166377,880028.000000,2019-11-19 00:00:00+03:00,0,0.000000,0,0.000000,0,0.000000,29,1,0,,
166377,880028.000000,2019-11-20 00:00:00+03:00,2,8.000000,0,0.000000,0,0.000000,14,1,2,0.000000,4.000000
166377,880028.000000,2019-11-21 00:00:00+03:00,2,5.000000,0,0.000000,0,0.000000,67,1,2,0.000000,2.500000
166377,880028.000000,2019-11-22 00:00:00+03:00,5,16.000000,0,0.000000,0,0.000000,46,1,5,0.000000,3.200000
166377,880028.000000,2019-11-25 00:00:00+03:00,2,32.000000,0,0.000000,0,0.000000,18,1,2,0.000000,16.000000
166377,880028.000000,2019-11-26 00:00:00+03:00,2,14.000000,0,0.000000,0,0.000000,43,1,2,0.000000,7.000000
166377,880028.000000,2019-11-27 00:00:00+03:00,0,0.000000,0,0.000000,0,0.000000,20,1,0,,
166377,880028.000000,2019-11-28 00:00:00+03:00,1,10.000000,0,0.000000,0,0.000000,19,1,1,0.000000,10.000000
166377,881278.000000,2019-11-07 00:00:00+03:00,0,0.000000,0,0.000000,0,0.000000,4,1,0,,
166377,881278.000000,2019-11-25 00:00:00+03:00,0,0.000000,0,0.000000,0,0.000000,1,1,0,,
166391,882476.000000,2019-11-22 00:00:00+03:00,1,64.000000,0,0.000000,0,0.000000,0,1,1,0.000000,64.000000
166392,891900.000000,2019-11-01 00:00:00+03:00,1,37.000000,0,0.000000,0,0.000000,0,1,1,0.000000,37.000000
166392,891900.000000,2019-11-06 00:00:00+03:00,1,42.000000,0,0.000000,0,0.000000,0,1,1,0.000000,42.000000
166392,891900.000000,2019-11-07 00:00:00+03:00,1,51.000000,0,0.000000,0,0.000000,0,1,1,0.000000,51.000000
166392,891900.000000,2019-11-14 00:00:00+03:00,1,42.000000,0,0.000000,0,0.000000,0,1,1,0.000000,42.000000
166392,891900.000000,2019-11-25 00:00:00+03:00,2,82.000000,0,0.000000,0,0.000000,0,1,2,0.000000,41.000000
166392,891900.000000,2019-11-27 00:00:00+03:00,2,82.000000,0,0.000000,0,0.000000,0,1,2,0.000000,41.000000
166392,891906.000000,2019-11-05 00:00:00+03:00,3,74.000000,0,0.000000,0,0.000000,0,1,3,0.000000,24.666667
166392,891906.000000,2019-11-06 00:00:00+03:00,3,81.000000,0,0.000000,0,0.000000,0,1,3,0.000000,27.000000
166392,891906.000000,2019-11-07 00:00:00+03:00,1,30.000000,0,0.000000,0,0.000000,0,1,1,0.000000,30.000000
166392,891906.000000,2019-11-08 00:00:00+03:00,3,81.000000,0,0.000000,0,0.000000,0,1,3,0.000000,27.000000
166392,891906.000000,2019-11-11 00:00:00+03:00,4,108.000000,0,0.000000,0,0.000000,0,1,4,0.000000,27.000000
166392,891906.000000,2019-11-18 00:00:00+03:00,8,212.000000,0,0.000000,0,0.000000,0,1,8,0.000000,26.500000
166392,891906.000000,2019-11-19 00:00:00+03:00,2,53.000000,0,0.000000,0,0.000000,0,1,2,0.000000,26.500000
166392,891906.000000,2019-11-20 00:00:00+03:00,5,128.000000,0,0.000000,0,0.000000,0,1,5,0.000000,25.600000
166392,891906.000000,2019-11-22 00:00:00+03:00,4,104.000000,0,0.000000,0,0.000000,0,1,4,0.000000,26.000000
166392,891906.000000,2019-11-25 00:00:00+03:00,6,168.000000,0,0.000000,0,0.000000,0,1,6,0.000000,28.000000
166392,891906.000000,2019-11-26 00:00:00+03:00,2,51.000000,0,0.000000,0,0.000000,0,1,2,0.000000,25.500000
166392,891906.000000,2019-11-28 00:00:00+03:00,4,98.000000,0,0.000000,0,0.000000,0,1,4,0.000000,24.500000
166405,882686.000000,2019-11-01 00:00:00+03:00,3,43.000000,0,0.000000,0,0.000000,5,1,3,0.000000,14.333333
166405,882686.000000,2019-11-04 00:00:00+03:00,0,0.000000,0,0.000000,0,0.000000,17,1,0,,
166405,882686.000000,2019-11-08 00:00:00+03:00,0,0.000000,0,0.000000,0,0.000000,15,1,0,,
166405,882686.000000,2019-11-09 00:00:00+03:00,1,15.000000,0,0.000000,0,0.000000,34,1,1,0.000000,15.000000
166405,882686.000000,2019-11-10 00:00:00+03:00,7,66.000000,0,0.000000,0,0.000000,19,1,7,0.000000,9.428571
166405,882686.000000,2019-11-11 00:00:00+03:00,4,29.000000,0,0.000000,0,0.000000,30,1,4,0.000000,7.250000
166405,882686.000000,2019-11-12 00:00:00+03:00,1,11.000000,0,0.000000,0,0.000000,44,1,1,0.000000,11.000000
166405,882686.000000,2019-11-13 00:00:00+03:00,0,0.000000,0,0.000000,0,0.000000,41,1,0,,
166405,882686.000000,2019-11-14 00:00:00+03:00,0,0.000000,0,0.000000,0,0.000000,52,1,0,,
166405,882686.000000,2019-11-15 00:00:00+03:00,0,0.000000,0,0.000000,0,0.000000,72,1,0,,
166405,882686.000000,2019-11-16 00:00:00+03:00,0,0.000000,0,0.000000,0,0.000000,67,1,0,,
166405,882686.000000,2019-11-18 00:00:00+03:00,0,0.000000,0,0.000000,0,0.000000,100,1,0,,
166405,882686.000000,2019-11-19 00:00:00+03:00,9,63.000000,0,0.000000,0,0.000000,36,1,9,0.000000,7.000000
166405,882686.000000,2019-11-20 00:00:00+03:00,66,446.000000,0,0.000000,0,0.000000,101,1,66,0.000000,6.757576
166405,882686.000000,2019-11-21 00:00:00+03:00,13,80.000000,1,5.000000,0,0.000000,107,1,14,0.071429,6.153846
166405,882686.000000,2019-11-22 00:00:00+03:00,21,127.000000,1,5.000000,0,0.000000,98,1,22,0.045455,6.047619
166405,882686.000000,2019-11-23 00:00:00+03:00,7,63.000000,0,0.000000,0,0.000000,127,1,7,0.000000,9.000000
166405,882686.000000,2019-11-25 00:00:00+03:00,10,80.000000,0,0.000000,0,0.000000,112,1,10,0.000000,8.000000
166405,882686.000000,2019-11-26 00:00:00+03:00,20,167.000000,0,0.000000,0,0.000000,150,1,20,0.000000,8.350000
166405,882686.000000,2019-11-27 00:00:00+03:00,16,149.000000,0,0.000000,0,0.000000,117,1,16,0.000000,9.312500
166405,882686.000000,2019-11-28 00:00:00+03:00,13,90.000000,0,0.000000,0,0.000000,106,1,13,0.000000,6.923077
166405,882690.000000,2019-11-01 00:00:00+03:00,13,205.000000,0,0.000000,0,0.000000,42,1,13,0.000000,15.769231
166405,882690.000000,2019-11-23 00:00:00+03:00,2,30.000000,0,0.000000,0,0.000000,0,1,2,0.000000,15.000000
166405,882690.000000,2019-11-27 00:00:00+03:00,0,0.000000,0,0.000000,0,0.000000,4,1,0,,
166405,882690.000000,2019-11-28 00:00:00+03:00,2,12.000000,0,0.000000,0,0.000000,1,1,2,0.000000,6.000000
166405,902510.000000,2019-11-01 00:00:00+03:00,0,0.000000,0,0.000000,0,0.000000,2,1,0,,
166405,902510.000000,2019-11-04 00:00:00+03:00,0,0.000000,0,0.000000,0,0.000000,10,1,0,,
166405,902510.000000,2019-11-05 00:00:00+03:00,1,5.000000,0,0.000000,0,0.000000,26,1,1,0.000000,5.000000
166405,902510.000000,2019-11-06 00:00:00+03:00,0,0.000000,0,0.000000,0,0.000000,34,1,0,,
166405,902510.000000,2019-11-08 00:00:00+03:00,0,0.000000,0,0.000000,0,0.000000,3,1,0,,
166405,902510.000000,2019-11-12 00:00:00+03:00,0,0.000000,0,0.000000,0,0.000000,44,1,0,,
166405,902510.000000,2019-11-13 00:00:00+03:00,0,0.000000,0,0.000000,0,0.000000,87,1,0,,
166405,902510.000000,2019-11-14 00:00:00+03:00,0,0.000000,0,0.000000,0,0.000000,91,1,0,,
166405,902510.000000,2019-11-15 00:00:00+03:00,0,0.000000,0,0.000000,0,0.000000,122,1,0,,
166405,902510.000000,2019-11-16 00:00:00+03:00,0,0.000000,0,0.000000,0,0.000000,2,1,0,,
166405,902510.000000,2019-11-18 00:00:00+03:00,0,0.000000,0,0.000000,0,0.000000,98,1,0,,
166405,902510.000000,2019-11-19 00:00:00+03:00,0,0.000000,0,0.000000,0,0.000000,49,1,0,,
166405,902510.000000,2019-11-20 00:00:00+03:00,1,19.000000,0,0.000000,0,0.000000,77,1,1,0.000000,19.000000
166405,902510.000000,2019-11-22 00:00:00+03:00,0,0.000000,0,0.000000,0,0.000000,55,1,0,,
166405,902510.000000,2019-11-23 00:00:00+03:00,0,0.000000,0,0.000000,0,0.000000,55,1,0,,
166405,902510.000000,2019-11-25 00:00:00+03:00,0,0.000000,0,0.000000,0,0.000000,1,1,0,,
166405,902510.000000,2019-11-27 00:00:00+03:00,0,0.000000,0,0.000000,0,0.000000,75,1,0,,
166405,902510.000000,2019-11-28 00:00:00+03:00,0,0.000000,0,0.000000,0,0.000000,63,1,0,,
166405,902532.000000,2019-11-01 00:00:00+03:00,0,0.000000,0,0.000000,0,0.000000,27,1,0,,
166405,902532.000000,2019-11-04 00:00:00+03:00,0,0.000000,0,0.000000,0,0.000000,51,1,0,,
166405,902532.000000,2019-11-08 00:00:00+03:00,3,36.000000,0,0.000000,0,0.000000,1,1,3,0.000000,12.000000
166405,902532.000000,2019-11-09 00:00:00+03:00,2,18.000000,0,0.000000,0,0.000000,30,1,2,0.000000,9.000000
166405,902532.000000,2019-11-12 00:00:00+03:00,5,80.000000,0,0.000000,0,0.000000,30,1,5,0.000000,16.000000
166405,902532.000000,2019-11-13 00:00:00+03:00,11,165.000000,0,0.000000,0,0.000000,29,1,11,0.000000,15.000000
166405,902532.000000,2019-11-14 00:00:00+03:00,13,121.000000,0,0.000000,0,0.000000,15,1,13,0.000000,9.307692
166405,902532.000000,2019-11-15 00:00:00+03:00,11,158.000000,0,0.000000,0,0.000000,15,1,11,0.000000,14.363636
166405,902532.000000,2019-11-16 00:00:00+03:00,6,97.000000,0,0.000000,0,0.000000,2,1,6,0.000000,16.166667
166405,902532.000000,2019-11-18 00:00:00+03:00,68,564.000000,0,0.000000,0,0.000000,73,1,68,0.000000,8.294118
166405,902532.000000,2019-11-19 00:00:00+03:00,12,87.000000,0,0.000000,0,0.000000,35,1,12,0.000000,7.250000
166405,902532.000000,2019-11-21 00:00:00+03:00,0,0.000000,0,0.000000,0,0.000000,1,1,0,,
166405,902532.000000,2019-11-22 00:00:00+03:00,0,0.000000,0,0.000000,0,0.000000,3,1,0,,
166405,902532.000000,2019-11-23 00:00:00+03:00,1,15.000000,0,0.000000,0,0.000000,4,1,1,0.000000,15.000000
166405,902532.000000,2019-11-24 00:00:00+03:00,1,12.000000,0,0.000000,0,0.000000,1,1,1,0.000000,12.000000
166405,902532.000000,2019-11-25 00:00:00+03:00,5,56.000000,0,0.000000,0,0.000000,3,1,5,0.000000,11.200000
166405,902532.000000,2019-11-26 00:00:00+03:00,4,65.000000,0,0.000000,0,0.000000,17,1,4,0.000000,16.250000
166405,902532.000000,2019-11-27 00:00:00+03:00,15,92.000000,0,0.000000,0,0.000000,58,1,15,0.000000,6.133333
166405,902532.000000,2019-11-28 00:00:00+03:00,26,244.000000,0,0.000000,0,0.000000,15,1,26,0.000000,9.384615
166405,939470.000000,2019-11-05 00:00:00+03:00,3,37.000000,0,0.000000,0,0.000000,0,1,3,0.000000,12.333333
166405,939470.000000,2019-11-18 00:00:00+03:00,0,0.000000,0,0.000000,0,0.000000,112,1,0,,
166405,939470.000000,2019-11-19 00:00:00+03:00,0,0.000000,0,0.000000,0,0.000000,140,1,0,,
166405,939470.000000,2019-11-20 00:00:00+03:00,1,8.000000,0,0.000000,0,0.000000,155,1,1,0.000000,8.000000
166405,939470.000000,2019-11-21 00:00:00+03:00,0,0.000000,0,0.000000,0,0.000000,146,1,0,,
166405,939470.000000,2019-11-22 00:00:00+03:00,0,0.000000,0,0.000000,0,0.000000,67,1,0,,
166405,939470.000000,2019-11-25 00:00:00+03:00,0,0.000000,0,0.000000,0,0.000000,2,1,0,,
166405,939470.000000,2019-11-26 00:00:00+03:00,3,33.000000,0,0.000000,0,0.000000,32,1,3,0.000000,11.000000
166405,939470.000000,2019-11-27 00:00:00+03:00,4,43.000000,0,0.000000,0,0.000000,29,1,4,0.000000,10.750000
166405,939470.000000,2019-11-28 00:00:00+03:00,5,65.000000,0,0.000000,0,0.000000,32,1,5,0.000000,13.000000
166405,939474.000000,2019-11-05 00:00:00+03:00,4,27.000000,0,0.000000,0,0.000000,0,1,4,0.000000,6.750000
166405,939474.000000,2019-11-08 00:00:00+03:00,0,0.000000,0,0.000000,0,0.000000,2,1,0,,
166405,939474.000000,2019-11-11 00:00:00+03:00,6,65.000000,0,0.000000,0,0.000000,7,1,6,0.000000,10.833333
166405,939474.000000,2019-11-12 00:00:00+03:00,3,26.000000,0,0.000000,0,0.000000,34,1,3,0.000000,8.666667
166405,939474.000000,2019-11-13 00:00:00+03:00,4,60.000000,0,0.000000,0,0.000000,34,1,4,0.000000,15.000000
166405,939474.000000,2019-11-14 00:00:00+03:00,6,93.000000,0,0.000000,0,0.000000,28,1,6,0.000000,15.500000
166405,939474.000000,2019-11-15 00:00:00+03:00,9,108.000000,0,0.000000,0,0.000000,28,1,9,0.000000,12.000000
166405,939474.000000,2019-11-16 00:00:00+03:00,12,126.000000,0,0.000000,0,0.000000,26,1,12,0.000000,10.500000
166405,939474.000000,2019-11-18 00:00:00+03:00,17,197.000000,0,0.000000,0,0.000000,53,1,17,0.000000,11.588235
166405,939474.000000,2019-11-19 00:00:00+03:00,4,51.000000,0,0.000000,0,0.000000,10,1,4,0.000000,12.750000
166405,939474.000000,2019-11-20 00:00:00+03:00,6,78.000000,0,0.000000,0,0.000000,17,1,6,0.000000,13.000000
166405,939474.000000,2019-11-21 00:00:00+03:00,7,98.000000,0,0.000000,0,0.000000,19,1,7,0.000000,14.000000
166405,939474.000000,2019-11-22 00:00:00+03:00,14,178.000000,0,0.000000,0,0.000000,57,1,14,0.000000,12.714286
166405,939474.000000,2019-11-23 00:00:00+03:00,3,44.000000,0,0.000000,0,0.000000,40,1,3,0.000000,14.666667
166405,939474.000000,2019-11-24 00:00:00+03:00,1,4.000000,0,0.000000,0,0.000000,21,1,1,0.000000,4.000000
166405,939474.000000,2019-11-25 00:00:00+03:00,48,844.000000,0,0.000000,0,0.000000,52,1,48,0.000000,17.583333
166405,939474.000000,2019-11-26 00:00:00+03:00,18,510.000000,0,0.000000,0,0.000000,30,1,18,0.000000,28.333333
166405,939474.000000,2019-11-27 00:00:00+03:00,22,226.000000,0,0.000000,0,0.000000,54,1,22,0.000000,10.272727
166405,939474.000000,2019-11-28 00:00:00+03:00,29,409.000000,0,0.000000,0,0.000000,65,1,29,0.000000,14.103448
166405,939476.000000,2019-11-01 00:00:00+03:00,0,0.000000,0,0.000000,0,0.000000,1,1,0,,
166405,939476.000000,2019-11-08 00:00:00+03:00,0,0.000000,0,0.000000,0,0.000000,2,1,0,,
166405,939476.000000,2019-11-09 00:00:00+03:00,0,0.000000,0,0.000000,0,0.000000,16,1,0,,
166405,939476.000000,2019-11-11 00:00:00+03:00,1,13.000000,0,0.000000,0,0.000000,53,1,1,0.000000,13.000000
166405,939476.000000,2019-11-12 00:00:00+03:00,2,35.000000,0,0.000000,0,0.000000,15,1,2,0.000000,17.500000
166405,939476.000000,2019-11-13 00:00:00+03:00,0,0.000000,0,0.000000,0,0.000000,28,1,0,,
166405,939476.000000,2019-11-14 00:00:00+03:00,0,0.000000,0,0.000000,0,0.000000,127,1,0,,
166405,939476.000000,2019-11-15 00:00:00+03:00,0,0.000000,0,0.000000,0,0.000000,137,1,0,,
166405,939476.000000,2019-11-18 00:00:00+03:00,0,0.000000,0,0.000000,0,0.000000,106,1,0,,
166405,939476.000000,2019-11-19 00:00:00+03:00,8,68.000000,0,0.000000,0,0.000000,37,1,8,0.000000,8.500000
166405,939476.000000,2019-11-20 00:00:00+03:00,9,76.000000,1,5.000000,0,0.000000,47,1,10,0.100000,8.444444
166405,939476.000000,2019-11-21 00:00:00+03:00,28,250.000000,0,0.000000,0,0.000000,198,1,28,0.000000,8.928571
166405,939476.000000,2019-11-22 00:00:00+03:00,5,49.000000,0,0.000000,0,0.000000,102,1,5,0.000000,9.800000
166405,939476.000000,2019-11-27 00:00:00+03:00,0,0.000000,0,0.000000,0,0.000000,1,1,0,,
166405,939478.000000,2019-11-01 00:00:00+03:00,1,5.000000,0,0.000000,0,0.000000,7,1,1,0.000000,5.000000
166405,939478.000000,2019-11-04 00:00:00+03:00,0,0.000000,0,0.000000,0,0.000000,4,1,0,,
166405,939478.000000,2019-11-05 00:00:00+03:00,1,12.000000,0,0.000000,0,0.000000,11,1,1,0.000000,12.000000
166405,939478.000000,2019-11-08 00:00:00+03:00,0,0.000000,0,0.000000,0,0.000000,11,1,0,,
166405,939478.000000,2019-11-11 00:00:00+03:00,0,0.000000,0,0.000000,0,0.000000,2,1,0,,
166405,939478.000000,2019-11-12 00:00:00+03:00,1,9.000000,0,0.000000,0,0.000000,3,1,1,0.000000,9.000000
166405,939478.000000,2019-11-14 00:00:00+03:00,4,110.000000,0,0.000000,0,0.000000,2,1,4,0.000000,27.500000
166405,939478.000000,2019-11-15 00:00:00+03:00,1,215.000000,0,0.000000,0,0.000000,1,1,1,0.000000,215.000000
166405,939478.000000,2019-11-18 00:00:00+03:00,0,0.000000,0,0.000000,0,0.000000,2,1,0,,
166405,939478.000000,2019-11-19 00:00:00+03:00,1,7.000000,1,173.000000,0,0.000000,8,1,2,0.500000,7.000000
166405,939478.000000,2019-11-20 00:00:00+03:00,1,27.000000,0,0.000000,0,0.000000,5,1,1,0.000000,27.000000
166405,939478.000000,2019-11-21 00:00:00+03:00,3,24.000000,0,0.000000,0,0.000000,12,1,3,0.000000,8.000000
166405,939478.000000,2019-11-22 00:00:00+03:00,2,42.000000,0,0.000000,0,0.000000,2,1,2,0.000000,21.000000
166405,939478.000000,2019-11-25 00:00:00+03:00,2,15.000000,0,0.000000,0,0.000000,15,1,2,0.000000,7.500000
166405,939478.000000,2019-11-26 00:00:00+03:00,4,139.000000,0,0.000000,0,0.000000,2,1,4,0.000000,34.750000
166405,939478.000000,2019-11-27 00:00:00+03:00,0,0.000000,0,0.000000,0,0.000000,3,1,0,,
166406,879896.000000,2019-11-01 00:00:00+03:00,0,0.000000,0,0.000000,0,0.000000,5,1,0,,
166406,879896.000000,2019-11-06 00:00:00+03:00,0,0.000000,0,0.000000,0,0.000000,2,1,0,,
166406,879896.000000,2019-11-25 00:00:00+03:00,0,0.000000,0,0.000000,0,0.000000,3,1,0,,
166406,879898.000000,2019-11-01 00:00:00+03:00,0,0.000000,0,0.000000,0,0.000000,23,1,0,,
166406,879898.000000,2019-11-05 00:00:00+03:00,4,26.000000,0,0.000000,0,0.000000,122,1,4,0.000000,6.500000
166406,879898.000000,2019-11-06 00:00:00+03:00,1,12.000000,0,0.000000,0,0.000000,63,1,1,0.000000,12.000000
166406,879898.000000,2019-11-07 00:00:00+03:00,1,16.000000,0,0.000000,0,0.000000,97,1,1,0.000000,16.000000
166406,879898.000000,2019-11-08 00:00:00+03:00,1,3.000000,0,0.000000,0,0.000000,46,1,1,0.000000,3.000000
166406,879898.000000,2019-11-11 00:00:00+03:00,0,0.000000,0,0.000000,0,0.000000,88,1,0,,
166406,879898.000000,2019-11-12 00:00:00+03:00,0,0.000000,0,0.000000,0,0.000000,38,1,0,,
166406,879898.000000,2019-11-13 00:00:00+03:00,2,13.000000,0,0.000000,0,0.000000,52,1,2,0.000000,6.500000
166406,879898.000000,2019-11-14 00:00:00+03:00,0,0.000000,0,0.000000,0,0.000000,2,1,0,,
166406,879898.000000,2019-11-15 00:00:00+03:00,10,78.000000,0,0.000000,0,0.000000,110,1,10,0.000000,7.800000
166406,879898.000000,2019-11-18 00:00:00+03:00,1,15.000000,0,0.000000,0,0.000000,97,1,1,0.000000,15.000000
166406,879898.000000,2019-11-19 00:00:00+03:00,1,8.000000,0,0.000000,0,0.000000,46,1,1,0.000000,8.000000
166406,879898.000000,2019-11-20 00:00:00+03:00,1,10.000000,0,0.000000,0,0.000000,54,1,1,0.000000,10.000000
166406,879898.000000,2019-11-25 00:00:00+03:00,2,13.000000,0,0.000000,0,0.000000,174,1,2,0.000000,6.500000
166406,879898.000000,2019-11-26 00:00:00+03:00,1,16.000000,0,0.000000,0,0.000000,0,1,1,0.000000,16.000000
166406,879898.000000,2019-11-27 00:00:00+03:00,1,12.000000,0,0.000000,0,0.000000,56,1,1,0.000000,12.000000
166406,879898.000000,2019-11-28 00:00:00+03:00,0,0.000000,0,0.000000,0,0.000000,52,1,0,,
166407,888532.000000,2019-11-01 00:00:00+03:00,0,0.000000,0,0.000000,0,0.000000,1,1,0,,
166407,888532.000000,2019-11-05 00:00:00+03:00,0,0.000000,0,0.000000,0,0.000000,0,1,0,,
166407,888532.000000,2019-11-06 00:00:00+03:00,0,0.000000,0,0.000000,0,0.000000,0,1,0,,
166407,888532.000000,2019-11-08 00:00:00+03:00,0,0.000000,0,0.000000,0,0.000000,0,1,0,,
166407,888532.000000,2019-11-11 00:00:00+03:00,0,0.000000,0,0.000000,0,0.000000,0,1,0,,
166407,888532.000000,2019-11-12 00:00:00+03:00,0,0.000000,0,0.000000,0,0.000000,0,1,0,,
166407,888532.000000,2019-11-13 00:00:00+03:00,0,0.000000,0,0.000000,0,0.000000,0,1,0,,
166407,888532.000000,2019-11-14 00:00:00+03:00,0,0.000000,0,0.000000,0,0.000000,0,1,0,,
166407,888532.000000,2019-11-15 00:00:00+03:00,0,0.000000,0,0.000000,0,0.000000,0,1,0,,
166407,888532.000000,2019-11-19 00:00:00+03:00,0,0.000000,0,0.000000,0,0.000000,0,1,0,,
166407,888532.000000,2019-11-20 00:00:00+03:00,0,0.000000,0,0.000000,0,0.000000,0,1,0,,
166407,888532.000000,2019-11-21 00:00:00+03:00,0,0.000000,0,0.000000,0,0.000000,0,1,0,,
166407,888532.000000,2019-11-22 00:00:00+03:00,0,0.000000,0,0.000000,0,0.000000,0,1,0,,
166407,888532.000000,2019-11-25 00:00:00+03:00,0,0.000000,0,0.000000,0,0.000000,0,1,0,,
166407,888532.000000,2019-11-26 00:00:00+03:00,0,0.000000,0,0.000000,0,0.000000,0,1,0,,
166407,888532.000000,2019-11-27 00:00:00+03:00,0,0.000000,0,0.000000,0,0.000000,0,1,0,,
166407,888532.000000,2019-11-28 00:00:00+03:00,0,0.000000,0,0.000000,0,0.000000,0,1,0,,
166407,888534.000000,2019-11-01 00:00:00+03:00,0,0.000000,0,0.000000,0,0.000000,1,1,0,,
166407,888534.000000,2019-11-05 00:00:00+03:00,1,26.000000,0,0.000000,0,0.000000,2,1,1,0.000000,26.000000
166407,888534.000000,2019-11-06 00:00:00+03:00,2,49.000000,0,0.000000,0,0.000000,2,1,2,0.000000,24.500000
166407,888534.000000,2019-11-07 00:00:00+03:00,3,58.000000,0,0.000000,0,0.000000,1,1,3,0.000000,19.333333
166407,888534.000000,2019-11-08 00:00:00+03:00,0,0.000000,0,0.000000,0,0.000000,6,1,0,,
166407,888534.000000,2019-11-11 00:00:00+03:00,0,0.000000,0,0.000000,0,0.000000,0,1,0,,
166407,888534.000000,2019-11-12 00:00:00+03:00,0,0.000000,0,0.000000,0,0.000000,11,1,0,,
166407,888534.000000,2019-11-13 00:00:00+03:00,0,0.000000,0,0.000000,0,0.000000,1,1,0,,
166407,888534.000000,2019-11-14 00:00:00+03:00,0,0.000000,0,0.000000,0,0.000000,3,1,0,,
166407,888534.000000,2019-11-15 00:00:00+03:00,0,0.000000,0,0.000000,0,0.000000,1,1,0,,
166407,888534.000000,2019-11-18 00:00:00+03:00,0,0.000000,0,0.000000,0,0.000000,4,1,0,,
166407,888534.000000,2019-11-19 00:00:00+03:00,0,0.000000,0,0.000000,0,0.000000,0,1,0,,
166407,888534.000000,2019-11-20 00:00:00+03:00,0,0.000000,0,0.000000,0,0.000000,2,1,0,,
166407,888534.000000,2019-11-21 00:00:00+03:00,3,58.000000,0,0.000000,0,0.000000,1,1,3,0.000000,19.333333
166407,888534.000000,2019-11-22 00:00:00+03:00,2,44.000000,0,0.000000,0,0.000000,0,1,2,0.000000,22.000000
166407,888534.000000,2019-11-26 00:00:00+03:00,0,0.000000,0,0.000000,0,0.000000,4,1,0,,
166407,888534.000000,2019-11-27 00:00:00+03:00,3,94.000000,0,0.000000,0,0.000000,0,1,3,0.000000,31.333333
166407,888534.000000,2019-11-28 00:00:00+03:00,0,0.000000,0,0.000000,0,0.000000,2,1,0,,
166407,888536.000000,2019-11-06 00:00:00+03:00,1,18.000000,0,0.000000,0,0.000000,0,1,1,0.000000,18.000000
166407,888536.000000,2019-11-11 00:00:00+03:00,0,0.000000,0,0.000000,0,0.000000,0,1,0,,
166407,888536.000000,2019-11-13 00:00:00+03:00,0,0.000000,0,0.000000,0,0.000000,0,1,0,,
166407,888536.000000,2019-11-19 00:00:00+03:00,0,0.000000,0,0.000000,0,0.000000,0,1,0,,
166407,888536.000000,2019-11-20 00:00:00+03:00,0,0.000000,0,0.000000,0,0.000000,0,1,0,,
166407,888536.000000,2019-11-25 00:00:00+03:00,0,0.000000,0,0.000000,0,0.000000,0,1,0,,
166407,888536.000000,2019-11-27 00:00:00+03:00,0,0.000000,0,0.000000,0,0.000000,1,1,0,,
166407,888538.000000,2019-11-13 00:00:00+03:00,0,0.000000,0,0.000000,0,0.000000,0,1,0,,
166407,888538.000000,2019-11-19 00:00:00+03:00,0,0.000000,0,0.000000,0,0.000000,0,1,0,,
166407,888540.000000,2019-11-01 00:00:00+03:00,0,0.000000,0,0.000000,0,0.000000,0,1,0,,
166407,907440.000000,2019-11-01 00:00:00+03:00,0,0.000000,0,0.000000,0,0.000000,1,1,0,,
166407,907440.000000,2019-11-05 00:00:00+03:00,0,0.000000,0,0.000000,0,0.000000,0,1,0,,
166407,907440.000000,2019-11-06 00:00:00+03:00,0,0.000000,0,0.000000,0,0.000000,2,1,0,,
166407,907440.000000,2019-11-07 00:00:00+03:00,1,22.000000,0,0.000000,0,0.000000,1,1,1,0.000000,22.000000
166407,907440.000000,2019-11-08 00:00:00+03:00,1,20.000000,0,0.000000,0,0.000000,0,1,1,0.000000,20.000000
166407,907440.000000,2019-11-11 00:00:00+03:00,0,0.000000,0,0.000000,0,0.000000,0,1,0,,
166407,907440.000000,2019-11-12 00:00:00+03:00,0,0.000000,0,0.000000,0,0.000000,3,1,0,,
166407,907440.000000,2019-11-14 00:00:00+03:00,0,0.000000,0,0.000000,0,0.000000,4,1,0,,
166407,907440.000000,2019-11-15 00:00:00+03:00,0,0.000000,0,0.000000,0,0.000000,0,1,0,,
166407,907440.000000,2019-11-19 00:00:00+03:00,0,0.000000,0,0.000000,0,0.000000,0,1,0,,
166407,907440.000000,2019-11-20 00:00:00+03:00,0,0.000000,0,0.000000,0,0.000000,0,1,0,,
166407,907440.000000,2019-11-21 00:00:00+03:00,0,0.000000,0,0.000000,0,0.000000,3,1,0,,
166407,907440.000000,2019-11-22 00:00:00+03:00,0,0.000000,0,0.000000,0,0.000000,0,1,0,,
166407,907440.000000,2019-11-25 00:00:00+03:00,0,0.000000,0,0.000000,0,0.000000,3,1,0,,
166407,907440.000000,2019-11-26 00:00:00+03:00,0,0.000000,0,0.000000,0,0.000000,1,1,0,,
166407,907440.000000,2019-11-27 00:00:00+03:00,1,38.000000,0,0.000000,0,0.000000,0,1,1,0.000000,38.000000
166407,907440.000000,2019-11-28 00:00:00+03:00,0,0.000000,0,0.000000,0,0.000000,0,1,0,,
166407,907442.000000,2019-11-01 00:00:00+03:00,0,0.000000,0,0.000000,0,0.000000,0,1,0,,
166407,907442.000000,2019-11-06 00:00:00+03:00,0,0.000000,0,0.000000,0,0.000000,0,1,0,,
166407,907442.000000,2019-11-07 00:00:00+03:00,0,0.000000,0,0.000000,0,0.000000,1,1,0,,
166407,907442.000000,2019-11-11 00:00:00+03:00,0,0.000000,0,0.000000,0,0.000000,0,1,0,,
166407,907442.000000,2019-11-12 00:00:00+03:00,0,0.000000,0,0.000000,0,0.000000,0,1,0,,
166407,907442.000000,2019-11-13 00:00:00+03:00,0,0.000000,0,0.000000,0,0.000000,0,1,0,,
166407,907442.000000,2019-11-14 00:00:00+03:00,0,0.000000,0,0.000000,0,0.000000,11,1,0,,
166407,907442.000000,2019-11-15 00:00:00+03:00,0,0.000000,0,0.000000,0,0.000000,2,1,0,,
166407,907442.000000,2019-11-20 00:00:00+03:00,0,0.000000,0,0.000000,0,0.000000,0,1,0,,
166407,907442.000000,2019-11-21 00:00:00+03:00,0,0.000000,0,0.000000,0,0.000000,0,1,0,,
166407,907442.000000,2019-11-22 00:00:00+03:00,0,0.000000,0,0.000000,0,0.000000,0,1,0,,
166407,907442.000000,2019-11-25 00:00:00+03:00,0,0.000000,0,0.000000,0,0.000000,0,1,0,,
166407,907442.000000,2019-11-27 00:00:00+03:00,0,0.000000,0,0.000000,0,0.000000,6,1,0,,
166407,907442.000000,2019-11-28 00:00:00+03:00,0,0.000000,0,0.000000,0,0.000000,1,1,0,,
166407,960950.000000,2019-11-14 00:00:00+03:00,0,0.000000,0,0.000000,0,0.000000,0,1,0,,
166407,960950.000000,2019-11-15 00:00:00+03:00,0,0.000000,0,0.000000,0,0.000000,0,1,0,,
166407,960950.000000,2019-11-18 00:00:00+03:00,0,0.000000,0,0.000000,0,0.000000,0,1,0,,
166407,960950.000000,2019-11-19 00:00:00+03:00,0,0.000000,0,0.000000,0,0.000000,0,1,0,,
166407,960950.000000,2019-11-22 00:00:00+03:00,0,0.000000,0,0.000000,0,0.000000,0,1,0,,
166407,960950.000000,2019-11-25 00:00:00+03:00,0,0.000000,0,0.000000,0,0.000000,0,1,0,,
166407,960950.000000,2019-11-27 00:00:00+03:00,0,0.000000,0,0.000000,0,0.000000,0,1,0,,
166428,882680.000000,2019-11-05 00:00:00+03:00,2,20.000000,0,0.000000,0,0.000000,0,1,2,0.000000,10.000000
166428,882680.000000,2019-11-06 00:00:00+03:00,1,7.000000,0,0.000000,0,0.000000,0,1,1,0.000000,7.000000
166428,882680.000000,2019-11-07 00:00:00+03:00,2,19.000000,0,0.000000,0,0.000000,0,1,2,0.000000,9.500000
166428,882680.000000,2019-11-08 00:00:00+03:00,16,170.000000,0,0.000000,0,0.000000,0,1,16,0.000000,10.625000
166428,882680.000000,2019-11-11 00:00:00+03:00,2,26.000000,0,0.000000,0,0.000000,0,1,2,0.000000,13.000000
166428,882680.000000,2019-11-18 00:00:00+03:00,2,30.000000,0,0.000000,0,0.000000,0,1,2,0.000000,15.000000
166428,882680.000000,2019-11-24 00:00:00+03:00,1,12.000000,0,0.000000,0,0.000000,0,1,1,0.000000,12.000000
166428,882680.000000,2019-11-25 00:00:00+03:00,3,38.000000,0,0.000000,0,0.000000,0,1,3,0.000000,12.666667
166428,882680.000000,2019-11-26 00:00:00+03:00,4,54.000000,0,0.000000,0,0.000000,0,1,4,0.000000,13.500000
166428,882680.000000,2019-11-28 00:00:00+03:00,9,105.000000,0,0.000000,0,0.000000,0,1,9,0.000000,11.666667
166482,934074.000000,2019-11-02 00:00:00+03:00,1,11.000000,0,0.000000,0,0.000000,0,1,1,0.000000,11.000000
166482,934074.000000,2019-11-05 00:00:00+03:00,0,0.000000,1,15.000000,0,0.000000,0,1,1,1.000000,
166482,934074.000000,2019-11-09 00:00:00+03:00,1,14.000000,0,0.000000,0,0.000000,0,1,1,0.000000,14.000000
166482,934074.000000,2019-11-17 00:00:00+03:00,1,38.000000,0,0.000000,0,0.000000,0,1,1,0.000000,38.000000
166482,934074.000000,2019-11-18 00:00:00+03:00,2,22.000000,0,0.000000,0,0.000000,0,1,2,0.000000,11.000000
166482,934074.000000,2019-11-19 00:00:00+03:00,3,34.000000,0,0.000000,0,0.000000,0,1,3,0.000000,11.333333
166482,934074.000000,2019-11-20 00:00:00+03:00,1,14.000000,0,0.000000,0,0.000000,0,1,1,0.000000,14.000000
166482,934074.000000,2019-11-21 00:00:00+03:00,3,40.000000,0,0.000000,0,0.000000,0,1,3,0.000000,13.333333
166482,934074.000000,2019-11-22 00:00:00+03:00,1,13.000000,0,0.000000,0,0.000000,0,1,1,0.000000,13.000000
166482,934074.000000,2019-11-25 00:00:00+03:00,3,33.000000,0,0.000000,0,0.000000,0,1,3,0.000000,11.000000
166482,934074.000000,2019-11-28 00:00:00+03:00,2,23.000000,0,0.000000,0,0.000000,0,1,2,0.000000,11.500000
166482,934076.000000,2019-11-17 00:00:00+03:00,1,14.000000,0,0.000000,0,0.000000,0,1,1,0.000000,14.000000
166485,887276.000000,2019-11-01 00:00:00+03:00,15,509.000000,0,0.000000,0,0.000000,7,1,15,0.000000,33.933333
166485,887276.000000,2019-11-05 00:00:00+03:00,7,213.000000,0,0.000000,0,0.000000,13,1,7,0.000000,30.428571
166485,887276.000000,2019-11-06 00:00:00+03:00,6,215.000000,0,0.000000,0,0.000000,8,1,6,0.000000,35.833333
166485,887276.000000,2019-11-07 00:00:00+03:00,9,354.000000,0,0.000000,0,0.000000,2,1,9,0.000000,39.333333
166485,887276.000000,2019-11-08 00:00:00+03:00,8,234.000000,0,0.000000,0,0.000000,5,1,8,0.000000,29.250000
166485,887276.000000,2019-11-11 00:00:00+03:00,3,95.000000,0,0.000000,0,0.000000,19,1,3,0.000000,31.666667
166485,887276.000000,2019-11-12 00:00:00+03:00,4,110.000000,0,0.000000,0,0.000000,4,1,4,0.000000,27.500000
166485,887276.000000,2019-11-13 00:00:00+03:00,7,233.000000,0,0.000000,0,0.000000,22,1,7,0.000000,33.285714
166485,887276.000000,2019-11-14 00:00:00+03:00,4,110.000000,0,0.000000,0,0.000000,4,1,4,0.000000,27.500000
166485,887276.000000,2019-11-15 00:00:00+03:00,8,231.000000,0,0.000000,0,0.000000,26,1,8,0.000000,28.875000
166485,887276.000000,2019-11-18 00:00:00+03:00,8,177.000000,0,0.000000,0,0.000000,14,1,8,0.000000,22.125000
166485,887276.000000,2019-11-19 00:00:00+03:00,2,28.000000,0,0.000000,0,0.000000,4,1,2,0.000000,14.000000
166485,887276.000000,2019-11-20 00:00:00+03:00,6,157.000000,0,0.000000,0,0.000000,15,1,6,0.000000,26.166667
166485,887276.000000,2019-11-21 00:00:00+03:00,10,300.000000,0,0.000000,0,0.000000,18,1,10,0.000000,30.000000
166485,887276.000000,2019-11-22 00:00:00+03:00,12,321.000000,0,0.000000,0,0.000000,6,1,12,0.000000,26.750000
166485,887276.000000,2019-11-25 00:00:00+03:00,3,72.000000,0,0.000000,0,0.000000,1,1,3,0.000000,24.000000
166485,887276.000000,2019-11-26 00:00:00+03:00,6,250.000000,0,0.000000,0,0.000000,15,1,6,0.000000,41.666667
166485,887276.000000,2019-11-27 00:00:00+03:00,7,195.000000,0,0.000000,0,0.000000,4,1,7,0.000000,27.857143
166485,887276.000000,2019-11-28 00:00:00+03:00,8,270.000000,0,0.000000,0,0.000000,2,1,8,0.000000,33.750000
166485,887278.000000,2019-11-01 00:00:00+03:00,1,19.000000,0,0.000000,0,0.000000,3,1,1,0.000000,19.000000
166485,887278.000000,2019-11-05 00:00:00+03:00,2,21.000000,0,0.000000,0,0.000000,2,1,2,0.000000,10.500000
166485,887278.000000,2019-11-06 00:00:00+03:00,2,41.000000,0,0.000000,0,0.000000,0,1,2,0.000000,20.500000
166485,887278.000000,2019-11-13 00:00:00+03:00,3,42.000000,0,0.000000,0,0.000000,2,1,3,0.000000,14.000000
166485,887278.000000,2019-11-14 00:00:00+03:00,4,51.000000,0,0.000000,0,0.000000,1,1,4,0.000000,12.750000
166485,887278.000000,2019-11-15 00:00:00+03:00,2,30.000000,0,0.000000,0,0.000000,0,1,2,0.000000,15.000000
166485,887278.000000,2019-11-18 00:00:00+03:00,1,23.000000,0,0.000000,0,0.000000,0,1,1,0.000000,23.000000
166485,887278.000000,2019-11-19 00:00:00+03:00,1,18.000000,0,0.000000,0,0.000000,0,1,1,0.000000,18.000000
166485,887278.000000,2019-11-20 00:00:00+03:00,0,0.000000,0,0.000000,0,0.000000,0,1,0,,
166485,887278.000000,2019-11-21 00:00:00+03:00,0,0.000000,0,0.000000,0,0.000000,1,1,0,,
166485,887278.000000,2019-11-22 00:00:00+03:00,3,42.000000,0,0.000000,0,0.000000,2,1,3,0.000000,14.000000
166485,887278.000000,2019-11-25 00:00:00+03:00,2,38.000000,0,0.000000,0,0.000000,0,1,2,0.000000,19.000000
166485,887278.000000,2019-11-26 00:00:00+03:00,2,20.000000,0,0.000000,0,0.000000,0,1,2,0.000000,10.000000
166485,887278.000000,2019-11-27 00:00:00+03:00,3,76.000000,0,0.000000,0,0.000000,0,1,3,0.000000,25.333333
166485,887278.000000,2019-11-28 00:00:00+03:00,1,10.000000,0,0.000000,0,0.000000,0,1,1,0.000000,10.000000
166485,887282.000000,2019-11-01 00:00:00+03:00,1,50.000000,0,0.000000,0,0.000000,31,1,1,0.000000,50.000000
166485,887282.000000,2019-11-05 00:00:00+03:00,0,0.000000,0,0.000000,0,0.000000,85,1,0,,
166485,887282.000000,2019-11-06 00:00:00+03:00,0,0.000000,0,0.000000,0,0.000000,86,1,0,,
166485,887282.000000,2019-11-07 00:00:00+03:00,0,0.000000,0,0.000000,0,0.000000,40,1,0,,
166485,887282.000000,2019-11-08 00:00:00+03:00,0,0.000000,0,0.000000,0,0.000000,54,1,0,,
166485,887282.000000,2019-11-11 00:00:00+03:00,0,0.000000,0,0.000000,0,0.000000,137,1,0,,
166485,887282.000000,2019-11-12 00:00:00+03:00,0,0.000000,0,0.000000,0,0.000000,142,1,0,,
166485,887282.000000,2019-11-13 00:00:00+03:00,0,0.000000,0,0.000000,0,0.000000,114,1,0,,
166485,887282.000000,2019-11-14 00:00:00+03:00,0,0.000000,0,0.000000,0,0.000000,95,1,0,,
166485,887282.000000,2019-11-15 00:00:00+03:00,0,0.000000,0,0.000000,0,0.000000,85,1,0,,
166485,887282.000000,2019-11-18 00:00:00+03:00,1,26.000000,0,0.000000,0,0.000000,68,1,1,0.000000,26.000000
166485,887282.000000,2019-11-19 00:00:00+03:00,4,143.000000,0,0.000000,0,0.000000,90,1,4,0.000000,35.750000
166485,887282.000000,2019-11-20 00:00:00+03:00,0,0.000000,0,0.000000,0,0.000000,37,1,0,,
166485,887282.000000,2019-11-21 00:00:00+03:00,0,0.000000,0,0.000000,0,0.000000,37,1,0,,
166485,887282.000000,2019-11-22 00:00:00+03:00,2,147.000000,0,0.000000,0,0.000000,73,1,2,0.000000,73.500000
166485,887282.000000,2019-11-25 00:00:00+03:00,0,0.000000,0,0.000000,0,0.000000,112,1,0,,
166485,887282.000000,2019-11-26 00:00:00+03:00,1,26.000000,0,0.000000,0,0.000000,92,1,1,0.000000,26.000000
166485,887282.000000,2019-11-27 00:00:00+03:00,0,0.000000,0,0.000000,0,0.000000,34,1,0,,
166485,906866.000000,2019-11-07 00:00:00+03:00,0,0.000000,0,0.000000,0,0.000000,3,1,0,,
166485,906866.000000,2019-11-11 00:00:00+03:00,0,0.000000,0,0.000000,0,0.000000,32,1,0,,
166485,906866.000000,2019-11-12 00:00:00+03:00,0,0.000000,0,0.000000,0,0.000000,33,1,0,,
166485,906866.000000,2019-11-13 00:00:00+03:00,0,0.000000,0,0.000000,0,0.000000,79,1,0,,
166485,906866.000000,2019-11-14 00:00:00+03:00,0,0.000000,0,0.000000,0,0.000000,107,1,0,,
166485,906866.000000,2019-11-15 00:00:00+03:00,0,0.000000,0,0.000000,0,0.000000,106,1,0,,
166485,906866.000000,2019-11-18 00:00:00+03:00,0,0.000000,0,0.000000,0,0.000000,88,1,0,,
166485,906866.000000,2019-11-19 00:00:00+03:00,0,0.000000,0,0.000000,0,0.000000,29,1,0,,
166485,906866.000000,2019-11-20 00:00:00+03:00,0,0.000000,0,0.000000,0,0.000000,78,1,0,,
166485,906866.000000,2019-11-21 00:00:00+03:00,0,0.000000,0,0.000000,0,0.000000,68,1,0,,
166485,906866.000000,2019-11-22 00:00:00+03:00,0,0.000000,0,0.000000,0,0.000000,19,1,0,,
166485,907174.000000,2019-11-01 00:00:00+03:00,1,46.000000,0,0.000000,0,0.000000,82,1,1,0.000000,46.000000
166485,907174.000000,2019-11-05 00:00:00+03:00,0,0.000000,0,0.000000,0,0.000000,95,1,0,,
166485,907174.000000,2019-11-06 00:00:00+03:00,1,261.000000,0,0.000000,0,0.000000,47,1,1,0.000000,261.000000
166485,907174.000000,2019-11-07 00:00:00+03:00,0,0.000000,0,0.000000,0,0.000000,48,1,0,,
166485,907174.000000,2019-11-08 00:00:00+03:00,0,0.000000,0,0.000000,0,0.000000,42,1,0,,
166485,907174.000000,2019-11-11 00:00:00+03:00,0,0.000000,0,0.000000,0,0.000000,86,1,0,,
166485,907174.000000,2019-11-12 00:00:00+03:00,0,0.000000,0,0.000000,0,0.000000,26,1,0,,
166485,907174.000000,2019-11-13 00:00:00+03:00,2,71.000000,0,0.000000,0,0.000000,56,1,2,0.000000,35.500000
166485,907174.000000,2019-11-15 00:00:00+03:00,0,0.000000,0,0.000000,0,0.000000,86,1,0,,
166485,907174.000000,2019-11-18 00:00:00+03:00,0,0.000000,0,0.000000,0,0.000000,104,1,0,,
166485,907174.000000,2019-11-19 00:00:00+03:00,2,132.000000,0,0.000000,0,0.000000,59,1,2,0.000000,66.000000
166485,907174.000000,2019-11-20 00:00:00+03:00,0,0.000000,0,0.000000,0,0.000000,42,1,0,,
166485,907174.000000,2019-11-21 00:00:00+03:00,0,0.000000,0,0.000000,0,0.000000,48,1,0,,
166485,907174.000000,2019-11-22 00:00:00+03:00,0,0.000000,0,0.000000,0,0.000000,56,1,0,,
166485,907174.000000,2019-11-25 00:00:00+03:00,0,0.000000,0,0.000000,0,0.000000,53,1,0,,
166485,907174.000000,2019-11-26 00:00:00+03:00,0,0.000000,0,0.000000,0,0.000000,21,1,0,,
166485,907174.000000,2019-11-27 00:00:00+03:00,0,0.000000,0,0.000000,0,0.000000,37,1,0,,
166487,959312.000000,2019-11-12 00:00:00+03:00,2,15.000000,0,0.000000,0,0.000000,9,1,2,0.000000,7.500000
166487,959312.000000,2019-11-15 00:00:00+03:00,1,5.000000,0,0.000000,0,0.000000,0,1,1,0.000000,5.000000
166487,959312.000000,2019-11-18 00:00:00+03:00,7,40.000000,7,15.000000,0,0.000000,8,1,14,0.500000,5.714286
166487,959312.000000,2019-11-19 00:00:00+03:00,3,25.000000,0,0.000000,0,0.000000,2,1,3,0.000000,8.333333
166487,959312.000000,2019-11-20 00:00:00+03:00,4,37.000000,0,0.000000,0,0.000000,14,1,4,0.000000,9.250000
166487,959312.000000,2019-11-21 00:00:00+03:00,3,25.000000,0,0.000000,0,0.000000,8,1,3,0.000000,8.333333
166487,959312.000000,2019-11-22 00:00:00+03:00,4,34.000000,0,0.000000,0,0.000000,13,1,4,0.000000,8.500000
166487,959312.000000,2019-11-23 00:00:00+03:00,4,34.000000,0,0.000000,0,0.000000,0,1,4,0.000000,8.500000
166487,959312.000000,2019-11-25 00:00:00+03:00,11,97.000000,0,0.000000,0,0.000000,27,1,11,0.000000,8.818182
166487,959312.000000,2019-11-26 00:00:00+03:00,6,56.000000,0,0.000000,0,0.000000,4,1,6,0.000000,9.333333
166487,959312.000000,2019-11-27 00:00:00+03:00,1,8.000000,0,0.000000,0,0.000000,8,1,1,0.000000,8.000000
166487,959312.000000,2019-11-28 00:00:00+03:00,5,44.000000,0,0.000000,0,0.000000,14,1,5,0.000000,8.800000
166495,883942.000000,2019-11-14 00:00:00+03:00,0,0.000000,0,0.000000,0,0.000000,2,1,0,,
166495,883942.000000,2019-11-15 00:00:00+03:00,0,0.000000,0,0.000000,0,0.000000,13,1,0,,
166495,883942.000000,2019-11-18 00:00:00+03:00,1,21.000000,0,0.000000,0,0.000000,32,1,1,0.000000,21.000000
166495,883942.000000,2019-11-19 00:00:00+03:00,0,0.000000,0,0.000000,0,0.000000,49,1,0,,
166495,883942.000000,2019-11-20 00:00:00+03:00,0,0.000000,0,0.000000,0,0.000000,23,1,0,,
166495,883942.000000,2019-11-21 00:00:00+03:00,2,27.000000,0,0.000000,0,0.000000,48,1,2,0.000000,13.500000
166495,883942.000000,2019-11-22 00:00:00+03:00,3,11.000000,0,0.000000,0,0.000000,43,1,3,0.000000,3.666667
166495,883942.000000,2019-11-25 00:00:00+03:00,0,0.000000,0,0.000000,0,0.000000,23,1,0,,
166495,883942.000000,2019-11-26 00:00:00+03:00,0,0.000000,0,0.000000,0,0.000000,40,1,0,,
166495,883942.000000,2019-11-27 00:00:00+03:00,0,0.000000,0,0.000000,0,0.000000,41,1,0,,
166495,883942.000000,2019-11-28 00:00:00+03:00,1,7.000000,0,0.000000,0,0.000000,66,1,1,0.000000,7.000000
166503,884412.000000,2019-11-05 00:00:00+03:00,0,0.000000,0,0.000000,0,0.000000,6,1,0,,
166503,884412.000000,2019-11-06 00:00:00+03:00,0,0.000000,0,0.000000,0,0.000000,4,1,0,,
166503,884412.000000,2019-11-11 00:00:00+03:00,0,0.000000,0,0.000000,0,0.000000,2,1,0,,
166503,884412.000000,2019-11-12 00:00:00+03:00,1,37.000000,0,0.000000,0,0.000000,4,1,1,0.000000,37.000000
166503,884412.000000,2019-11-13 00:00:00+03:00,0,0.000000,0,0.000000,0,0.000000,14,1,0,,
166503,884412.000000,2019-11-15 00:00:00+03:00,0,0.000000,0,0.000000,0,0.000000,4,1,0,,
166503,884412.000000,2019-11-18 00:00:00+03:00,0,0.000000,0,0.000000,0,0.000000,1,1,0,,
166503,884412.000000,2019-11-19 00:00:00+03:00,1,37.000000,0,0.000000,0,0.000000,5,1,1,0.000000,37.000000
166503,884412.000000,2019-11-21 00:00:00+03:00,0,0.000000,0,0.000000,0,0.000000,5,1,0,,
166503,884412.000000,2019-11-22 00:00:00+03:00,1,34.000000,0,0.000000,0,0.000000,1,1,1,0.000000,34.000000
166503,884412.000000,2019-11-25 00:00:00+03:00,0,0.000000,0,0.000000,0,0.000000,2,1,0,,
166503,884412.000000,2019-11-27 00:00:00+03:00,1,37.000000,0,0.000000,0,0.000000,0,1,1,0.000000,37.000000
166503,884412.000000,2019-11-28 00:00:00+03:00,2,245.000000,0,0.000000,0,0.000000,1,1,2,0.000000,122.500000
166503,906680.000000,2019-11-01 00:00:00+03:00,5,173.000000,0,0.000000,0,0.000000,3,1,5,0.000000,34.600000
166503,906680.000000,2019-11-04 00:00:00+03:00,8,386.000000,0,0.000000,0,0.000000,0,1,8,0.000000,48.250000
166503,906680.000000,2019-11-05 00:00:00+03:00,4,213.000000,0,0.000000,0,0.000000,0,1,4,0.000000,53.250000
166503,906680.000000,2019-11-06 00:00:00+03:00,4,187.000000,0,0.000000,0,0.000000,0,1,4,0.000000,46.750000
166503,906680.000000,2019-11-07 00:00:00+03:00,3,96.000000,0,0.000000,0,0.000000,6,1,3,0.000000,32.000000
166503,906680.000000,2019-11-08 00:00:00+03:00,2,68.000000,0,0.000000,0,0.000000,2,1,2,0.000000,34.000000
166503,906680.000000,2019-11-09 00:00:00+03:00,2,105.000000,0,0.000000,0,0.000000,0,1,2,0.000000,52.500000
166503,906680.000000,2019-11-10 00:00:00+03:00,1,45.000000,0,0.000000,0,0.000000,0,1,1,0.000000,45.000000
166503,906680.000000,2019-11-11 00:00:00+03:00,5,178.000000,0,0.000000,0,0.000000,3,1,5,0.000000,35.600000
166503,906680.000000,2019-11-12 00:00:00+03:00,9,311.000000,0,0.000000,0,0.000000,9,1,9,0.000000,34.555556
166503,906680.000000,2019-11-13 00:00:00+03:00,10,392.000000,0,0.000000,0,0.000000,1,1,10,0.000000,39.200000
166503,906680.000000,2019-11-14 00:00:00+03:00,16,655.000000,0,0.000000,0,0.000000,4,1,16,0.000000,40.937500
166503,906680.000000,2019-11-15 00:00:00+03:00,1,35.000000,0,0.000000,0,0.000000,0,1,1,0.000000,35.000000
166503,906680.000000,2019-11-16 00:00:00+03:00,2,85.000000,0,0.000000,0,0.000000,0,1,2,0.000000,42.500000
166503,906680.000000,2019-11-17 00:00:00+03:00,1,41.000000,0,0.000000,0,0.000000,0,1,1,0.000000,41.000000
166503,906680.000000,2019-11-18 00:00:00+03:00,8,264.000000,0,0.000000,0,0.000000,3,1,8,0.000000,33.000000
166503,906680.000000,2019-11-19 00:00:00+03:00,7,244.000000,0,0.000000,0,0.000000,1,1,7,0.000000,34.857143
166503,906680.000000,2019-11-20 00:00:00+03:00,2,70.000000,0,0.000000,0,0.000000,7,1,2,0.000000,35.000000
166503,906680.000000,2019-11-21 00:00:00+03:00,8,272.000000,0,0.000000,0,0.000000,2,1,8,0.000000,34.000000
166503,906680.000000,2019-11-22 00:00:00+03:00,8,280.000000,0,0.000000,0,0.000000,4,1,8,0.000000,35.000000
166503,906680.000000,2019-11-23 00:00:00+03:00,4,175.000000,0,0.000000,0,0.000000,0,1,4,0.000000,43.750000
166503,906680.000000,2019-11-24 00:00:00+03:00,1,33.000000,0,0.000000,0,0.000000,0,1,1,0.000000,33.000000
166503,906680.000000,2019-11-25 00:00:00+03:00,6,215.000000,0,0.000000,0,0.000000,0,1,6,0.000000,35.833333
166503,906680.000000,2019-11-26 00:00:00+03:00,4,130.000000,0,0.000000,0,0.000000,2,1,4,0.000000,32.500000
166503,906680.000000,2019-11-27 00:00:00+03:00,3,106.000000,0,0.000000,0,0.000000,0,1,3,0.000000,35.333333
166503,906680.000000,2019-11-28 00:00:00+03:00,1,37.000000,0,0.000000,0,0.000000,0,1,1,0.000000,37.000000
166503,925106.000000,2019-11-03 00:00:00+03:00,1,25.000000,0,0.000000,0,0.000000,0,1,1,0.000000,25.000000
166503,925106.000000,2019-11-04 00:00:00+03:00,1,27.000000,0,0.000000,0,0.000000,0,1,1,0.000000,27.000000
166503,925106.000000,2019-11-06 00:00:00+03:00,1,28.000000,0,0.000000,0,0.000000,0,1,1,0.000000,28.000000
166503,925106.000000,2019-11-10 00:00:00+03:00,1,23.000000,0,0.000000,0,0.000000,0,1,1,0.000000,23.000000
166503,925106.000000,2019-11-24 00:00:00+03:00,2,52.000000,0,0.000000,0,0.000000,0,1,2,0.000000,26.000000
166503,925106.000000,2019-11-27 00:00:00+03:00,1,25.000000,0,0.000000,0,0.000000,0,1,1,0.000000,25.000000
166503,925106.000000,2019-11-28 00:00:00+03:00,1,24.000000,0,0.000000,0,0.000000,0,1,1,0.000000,24.000000
166511,891410.000000,2019-11-01 00:00:00+03:00,9,127.000000,0,0.000000,0,0.000000,23,1,9,0.000000,14.111111
166511,891410.000000,2019-11-02 00:00:00+03:00,0,0.000000,0,0.000000,0,0.000000,1,1,0,,
166511,891410.000000,2019-11-05 00:00:00+03:00,22,268.000000,0,0.000000,0,0.000000,62,1,22,0.000000,12.181818
166511,891410.000000,2019-11-06 00:00:00+03:00,21,224.000000,0,0.000000,0,0.000000,60,1,21,0.000000,10.666667
166511,891410.000000,2019-11-07 00:00:00+03:00,21,270.000000,1,16.000000,0,0.000000,46,1,22,0.045455,12.857143
166511,891410.000000,2019-11-08 00:00:00+03:00,17,194.000000,0,0.000000,0,0.000000,68,1,17,0.000000,11.411765
166511,891410.000000,2019-11-11 00:00:00+03:00,24,326.000000,0,0.000000,0,0.000000,29,1,24,0.000000,13.583333
166511,891410.000000,2019-11-12 00:00:00+03:00,4,46.000000,0,0.000000,0,0.000000,37,1,4,0.000000,11.500000
166511,891410.000000,2019-11-13 00:00:00+03:00,10,145.000000,0,0.000000,0,0.000000,19,1,10,0.000000,14.500000
166511,891410.000000,2019-11-14 00:00:00+03:00,3,46.000000,0,0.000000,0,0.000000,39,1,3,0.000000,15.333333
166511,891410.000000,2019-11-15 00:00:00+03:00,11,145.000000,0,0.000000,0,0.000000,38,1,11,0.000000,13.181818
166511,891410.000000,2019-11-18 00:00:00+03:00,10,115.000000,0,0.000000,0,0.000000,28,1,10,0.000000,11.500000
166511,891410.000000,2019-11-19 00:00:00+03:00,15,178.000000,0,0.000000,0,0.000000,42,1,15,0.000000,11.866667
166511,891410.000000,2019-11-20 00:00:00+03:00,10,169.000000,0,0.000000,0,0.000000,87,1,10,0.000000,16.900000
166511,891410.000000,2019-11-21 00:00:00+03:00,17,209.000000,0,0.000000,0,0.000000,45,1,17,0.000000,12.294118
166511,891410.000000,2019-11-22 00:00:00+03:00,40,444.000000,0,0.000000,0,0.000000,23,1,40,0.000000,11.100000
166511,891410.000000,2019-11-25 00:00:00+03:00,30,370.000000,0,0.000000,0,0.000000,36,1,30,0.000000,12.333333
166511,891410.000000,2019-11-26 00:00:00+03:00,17,230.000000,0,0.000000,0,0.000000,45,1,17,0.000000,13.529412
166511,891410.000000,2019-11-27 00:00:00+03:00,13,177.000000,0,0.000000,0,0.000000,46,1,13,0.000000,13.615385
166511,891410.000000,2019-11-28 00:00:00+03:00,14,178.000000,0,0.000000,0,0.000000,37,1,14,0.000000,12.714286
166511,891414.000000,2019-11-01 00:00:00+03:00,16,194.000000,0,0.000000,0,0.000000,42,1,16,0.000000,12.125000
166511,891414.000000,2019-11-04 00:00:00+03:00,0,0.000000,0,0.000000,0,0.000000,1,1,0,,
166511,891414.000000,2019-11-05 00:00:00+03:00,8,108.000000,0,0.000000,0,0.000000,50,1,8,0.000000,13.500000
166511,891414.000000,2019-11-06 00:00:00+03:00,14,181.000000,0,0.000000,0,0.000000,72,1,14,0.000000,12.928571
166511,891414.000000,2019-11-07 00:00:00+03:00,24,267.000000,0,0.000000,0,0.000000,28,1,24,0.000000,11.125000
166511,891414.000000,2019-11-08 00:00:00+03:00,10,73.000000,0,0.000000,0,0.000000,33,1,10,0.000000,7.300000
166511,891414.000000,2019-11-09 00:00:00+03:00,1,7.000000,0,0.000000,0,0.000000,3,1,1,0.000000,7.000000
166511,891414.000000,2019-11-10 00:00:00+03:00,0,0.000000,0,0.000000,0,0.000000,1,1,0,,
166511,891414.000000,2019-11-11 00:00:00+03:00,18,176.000000,0,0.000000,0,0.000000,21,1,18,0.000000,9.777778
166511,891414.000000,2019-11-12 00:00:00+03:00,4,38.000000,0,0.000000,0,0.000000,43,1,4,0.000000,9.500000
166511,891414.000000,2019-11-13 00:00:00+03:00,5,39.000000,0,0.000000,0,0.000000,85,1,5,0.000000,7.800000
166511,891414.000000,2019-11-14 00:00:00+03:00,15,142.000000,0,0.000000,0,0.000000,36,1,15,0.000000,9.466667
166511,891414.000000,2019-11-15 00:00:00+03:00,9,78.000000,0,0.000000,0,0.000000,28,1,9,0.000000,8.666667
166511,891414.000000,2019-11-18 00:00:00+03:00,9,74.000000,0,0.000000,0,0.000000,46,1,9,0.000000,8.222222
166511,891414.000000,2019-11-19 00:00:00+03:00,15,147.000000,0,0.000000,0,0.000000,52,1,15,0.000000,9.800000
166511,891414.000000,2019-11-20 00:00:00+03:00,7,82.000000,0,0.000000,0,0.000000,79,1,7,0.000000,11.714286
166511,891414.000000,2019-11-21 00:00:00+03:00,7,60.000000,0,0.000000,0,0.000000,19,1,7,0.000000,8.571429
166511,891414.000000,2019-11-22 00:00:00+03:00,5,43.000000,0,0.000000,0,0.000000,38,1,5,0.000000,8.600000
166511,891414.000000,2019-11-25 00:00:00+03:00,12,156.000000,0,0.000000,0,0.000000,24,1,12,0.000000,13.000000
166511,891414.000000,2019-11-26 00:00:00+03:00,6,77.000000,0,0.000000,0,0.000000,36,1,6,0.000000,12.833333
166511,891414.000000,2019-11-27 00:00:00+03:00,13,92.000000,0,0.000000,0,0.000000,48,1,13,0.000000,7.076923
166511,891414.000000,2019-11-28 00:00:00+03:00,12,114.000000,0,0.000000,0,0.000000,38,1,12,0.000000,9.500000
166511,891416.000000,2019-11-01 00:00:00+03:00,7,67.000000,0,0.000000,0,0.000000,7,1,7,0.000000,9.571429
166511,891416.000000,2019-11-05 00:00:00+03:00,1,11.000000,0,0.000000,0,0.000000,20,1,1,0.000000,11.000000
166511,891416.000000,2019-11-06 00:00:00+03:00,4,84.000000,0,0.000000,0,0.000000,13,1,4,0.000000,21.000000
166511,891416.000000,2019-11-07 00:00:00+03:00,3,24.000000,0,0.000000,0,0.000000,39,1,3,0.000000,8.000000
166511,891416.000000,2019-11-08 00:00:00+03:00,2,13.000000,0,0.000000,0,0.000000,3,1,2,0.000000,6.500000
166511,891416.000000,2019-11-11 00:00:00+03:00,0,0.000000,0,0.000000,0,0.000000,6,1,0,,
166511,891416.000000,2019-11-12 00:00:00+03:00,0,0.000000,0,0.000000,0,0.000000,3,1,0,,
166511,891416.000000,2019-11-13 00:00:00+03:00,0,0.000000,0,0.000000,0,0.000000,5,1,0,,
166511,891416.000000,2019-11-14 00:00:00+03:00,4,60.000000,0,0.000000,0,0.000000,7,1,4,0.000000,15.000000
166511,891416.000000,2019-11-15 00:00:00+03:00,2,21.000000,0,0.000000,0,0.000000,2,1,2,0.000000,10.500000
166511,891416.000000,2019-11-18 00:00:00+03:00,1,17.000000,0,0.000000,0,0.000000,4,1,1,0.000000,17.000000
166511,891416.000000,2019-11-19 00:00:00+03:00,3,28.000000,0,0.000000,0,0.000000,18,1,3,0.000000,9.333333
166511,891416.000000,2019-11-20 00:00:00+03:00,1,8.000000,0,0.000000,0,0.000000,11,1,1,0.000000,8.000000
166511,891416.000000,2019-11-21 00:00:00+03:00,9,129.000000,0,0.000000,0,0.000000,23,1,9,0.000000,14.333333
166511,891416.000000,2019-11-22 00:00:00+03:00,2,30.000000,0,0.000000,0,0.000000,11,1,2,0.000000,15.000000
166511,891416.000000,2019-11-25 00:00:00+03:00,2,22.000000,0,0.000000,0,0.000000,7,1,2,0.000000,11.000000
166511,891416.000000,2019-11-26 00:00:00+03:00,1,9.000000,0,0.000000,0,0.000000,13,1,1,0.000000,9.000000
166511,891416.000000,2019-11-27 00:00:00+03:00,1,6.000000,0,0.000000,0,0.000000,16,1,1,0.000000,6.000000
166511,891416.000000,2019-11-28 00:00:00+03:00,2,18.000000,0,0.000000,0,0.000000,4,1,2,0.000000,9.000000
166520,884946.000000,2019-11-02 00:00:00+03:00,0,0.000000,0,0.000000,0,0.000000,12,1,0,,
166520,884946.000000,2019-11-14 00:00:00+03:00,0,0.000000,0,0.000000,0,0.000000,2,1,0,,
166520,884946.000000,2019-11-23 00:00:00+03:00,0,0.000000,0,0.000000,0,0.000000,49,1,0,,
166520,884946.000000,2019-11-26 00:00:00+03:00,0,0.000000,0,0.000000,0,0.000000,51,1,0,,
166520,884946.000000,2019-11-27 00:00:00+03:00,0,0.000000,0,0.000000,0,0.000000,33,1,0,,
166520,890232.000000,2019-11-14 00:00:00+03:00,0,0.000000,0,0.000000,0,0.000000,1,1,0,,
166520,892028.000000,2019-11-02 00:00:00+03:00,0,0.000000,0,0.000000,0,0.000000,62,1,0,,
166520,892028.000000,2019-11-07 00:00:00+03:00,0,0.000000,0,0.000000,0,0.000000,2,1,0,,
166520,892028.000000,2019-11-11 00:00:00+03:00,0,0.000000,0,0.000000,0,0.000000,33,1,0,,
166520,892028.000000,2019-11-12 00:00:00+03:00,0,0.000000,0,0.000000,0,0.000000,21,1,0,,
166520,892028.000000,2019-11-14 00:00:00+03:00,0,0.000000,0,0.000000,0,0.000000,78,1,0,,
166520,892028.000000,2019-11-15 00:00:00+03:00,0,0.000000,0,0.000000,0,0.000000,104,1,0,,
166520,892028.000000,2019-11-22 00:00:00+03:00,0,0.000000,0,0.000000,0,0.000000,54,1,0,,
166520,892028.000000,2019-11-23 00:00:00+03:00,0,0.000000,0,0.000000,0,0.000000,59,1,0,,
166520,892028.000000,2019-11-26 00:00:00+03:00,0,0.000000,0,0.000000,0,0.000000,46,1,0,,
166520,892028.000000,2019-11-27 00:00:00+03:00,0,0.000000,0,0.000000,0,0.000000,13,1,0,,
166520,893674.000000,2019-11-02 00:00:00+03:00,0,0.000000,0,0.000000,0,0.000000,81,1,0,,
166520,893674.000000,2019-11-06 00:00:00+03:00,0,0.000000,0,0.000000,0,0.000000,36,1,0,,
166520,893674.000000,2019-11-07 00:00:00+03:00,0,0.000000,0,0.000000,0,0.000000,95,1,0,,
166520,893674.000000,2019-11-11 00:00:00+03:00,0,0.000000,0,0.000000,0,0.000000,137,1,0,,
166520,893674.000000,2019-11-12 00:00:00+03:00,0,0.000000,0,0.000000,0,0.000000,15,1,0,,
166520,893674.000000,2019-11-13 00:00:00+03:00,0,0.000000,0,0.000000,0,0.000000,38,1,0,,
166520,893674.000000,2019-11-14 00:00:00+03:00,0,0.000000,0,0.000000,0,0.000000,15,1,0,,
166520,893674.000000,2019-11-15 00:00:00+03:00,0,0.000000,0,0.000000,0,0.000000,51,1,0,,
166520,893674.000000,2019-11-18 00:00:00+03:00,0,0.000000,0,0.000000,0,0.000000,28,1,0,,
166520,893674.000000,2019-11-19 00:00:00+03:00,0,0.000000,0,0.000000,0,0.000000,30,1,0,,
166520,893674.000000,2019-11-20 00:00:00+03:00,0,0.000000,0,0.000000,0,0.000000,1,1,0,,
166520,893674.000000,2019-11-21 00:00:00+03:00,0,0.000000,0,0.000000,0,0.000000,40,1,0,,
166520,893674.000000,2019-11-23 00:00:00+03:00,0,0.000000,0,0.000000,0,0.000000,70,1,0,,
166520,893674.000000,2019-11-27 00:00:00+03:00,0,0.000000,0,0.000000,0,0.000000,59,1,0,,
166520,910902.000000,2019-11-07 00:00:00+03:00,0,0.000000,0,0.000000,0,0.000000,1,1,0,,
166520,910902.000000,2019-11-15 00:00:00+03:00,0,0.000000,0,0.000000,0,0.000000,5,1,0,,
166520,910902.000000,2019-11-18 00:00:00+03:00,0,0.000000,0,0.000000,0,0.000000,1,1,0,,
166520,910902.000000,2019-11-22 00:00:00+03:00,0,0.000000,0,0.000000,0,0.000000,2,1,0,,
166520,910902.000000,2019-11-23 00:00:00+03:00,0,0.000000,0,0.000000,0,0.000000,2,1,0,,
166520,923254.000000,2019-11-11 00:00:00+03:00,0,0.000000,0,0.000000,0,0.000000,1,1,0,,
166520,923254.000000,2019-11-27 00:00:00+03:00,1,45.000000,0,0.000000,0,0.000000,0,1,1,0.000000,45.000000
166520,930510.000000,2019-11-14 00:00:00+03:00,0,0.000000,0,0.000000,0,0.000000,1,1,0,,
166520,930510.000000,2019-11-27 00:00:00+03:00,1,29.000000,0,0.000000,0,0.000000,0,1,1,0.000000,29.000000
166520,930524.000000,2019-11-06 00:00:00+03:00,0,0.000000,0,0.000000,0,0.000000,8,1,0,,
166520,930524.000000,2019-11-07 00:00:00+03:00,0,0.000000,0,0.000000,0,0.000000,2,1,0,,
166520,930524.000000,2019-11-13 00:00:00+03:00,0,0.000000,0,0.000000,0,0.000000,3,1,0,,
166520,930524.000000,2019-11-14 00:00:00+03:00,0,0.000000,0,0.000000,0,0.000000,3,1,0,,
166520,930524.000000,2019-11-15 00:00:00+03:00,0,0.000000,0,0.000000,0,0.000000,3,1,0,,
166520,930524.000000,2019-11-21 00:00:00+03:00,0,0.000000,0,0.000000,0,0.000000,5,1,0,,
166520,930524.000000,2019-11-23 00:00:00+03:00,0,0.000000,0,0.000000,0,0.000000,2,1,0,,
166520,930524.000000,2019-11-27 00:00:00+03:00,0,0.000000,0,0.000000,0,0.000000,2,1,0,,
166520,947480.000000,2019-11-02 00:00:00+03:00,0,0.000000,0,0.000000,0,0.000000,0,1,0,,
166520,969600.000000,2019-11-23 00:00:00+03:00,0,0.000000,0,0.000000,0,0.000000,9,1,0,,
166520,969600.000000,2019-11-26 00:00:00+03:00,0,0.000000,0,0.000000,0,0.000000,20,1,0,,
166536,900194.000000,2019-11-05 00:00:00+03:00,0,0.000000,0,0.000000,0,0.000000,1,1,0,,
166536,900194.000000,2019-11-06 00:00:00+03:00,2,38.000000,0,0.000000,0,0.000000,0,1,2,0.000000,19.000000
166536,900194.000000,2019-11-09 00:00:00+03:00,1,31.000000,0,0.000000,0,0.000000,0,1,1,0.000000,31.000000
166536,900194.000000,2019-11-12 00:00:00+03:00,2,24.000000,0,0.000000,0,0.000000,1,1,2,0.000000,12.000000
166536,900194.000000,2019-11-14 00:00:00+03:00,0,0.000000,0,0.000000,0,0.000000,1,1,0,,
166536,900194.000000,2019-11-15 00:00:00+03:00,1,15.000000,0,0.000000,0,0.000000,0,1,1,0.000000,15.000000
166536,900194.000000,2019-11-16 00:00:00+03:00,1,25.000000,0,0.000000,0,0.000000,0,1,1,0.000000,25.000000
166536,900194.000000,2019-11-18 00:00:00+03:00,1,13.000000,0,0.000000,0,0.000000,0,1,1,0.000000,13.000000
166536,900194.000000,2019-11-20 00:00:00+03:00,0,0.000000,1,44.000000,0,0.000000,0,1,1,1.000000,
166536,900194.000000,2019-11-26 00:00:00+03:00,2,54.000000,0,0.000000,0,0.000000,1,1,2,0.000000,27.000000
166536,900194.000000,2019-11-27 00:00:00+03:00,2,62.000000,0,0.000000,0,0.000000,0,1,2,0.000000,31.000000
166536,900194.000000,2019-11-28 00:00:00+03:00,0,0.000000,2,86.000000,0,0.000000,0,1,2,1.000000,
166536,925826.000000,2019-11-01 00:00:00+03:00,7,54.000000,0,0.000000,0,0.000000,12,1,7,0.000000,7.714286
166536,925826.000000,2019-11-05 00:00:00+03:00,4,29.000000,0,0.000000,0,0.000000,3,1,4,0.000000,7.250000
166536,925826.000000,2019-11-06 00:00:00+03:00,2,16.000000,0,0.000000,0,0.000000,13,1,2,0.000000,8.000000
166536,925826.000000,2019-11-07 00:00:00+03:00,7,43.000000,0,0.000000,0,0.000000,13,1,7,0.000000,6.142857
166536,925826.000000,2019-11-08 00:00:00+03:00,5,47.000000,0,0.000000,0,0.000000,18,1,5,0.000000,9.400000
166536,925826.000000,2019-11-11 00:00:00+03:00,7,74.000000,1,5.000000,0,0.000000,18,1,8,0.125000,10.571429
166536,925826.000000,2019-11-12 00:00:00+03:00,2,16.000000,0,0.000000,0,0.000000,12,1,2,0.000000,8.000000
166536,925826.000000,2019-11-13 00:00:00+03:00,6,32.000000,0,0.000000,0,0.000000,16,1,6,0.000000,5.333333
166536,925826.000000,2019-11-14 00:00:00+03:00,5,38.000000,0,0.000000,0,0.000000,10,1,5,0.000000,7.600000
166536,925826.000000,2019-11-15 00:00:00+03:00,2,10.000000,0,0.000000,0,0.000000,12,1,2,0.000000,5.000000
166536,925826.000000,2019-11-18 00:00:00+03:00,6,36.000000,0,0.000000,0,0.000000,34,1,6,0.000000,6.000000
166536,925826.000000,2019-11-19 00:00:00+03:00,6,44.000000,0,0.000000,0,0.000000,3,1,6,0.000000,7.333333
166536,925826.000000,2019-11-20 00:00:00+03:00,4,32.000000,0,0.000000,0,0.000000,20,1,4,0.000000,8.000000
166536,925826.000000,2019-11-21 00:00:00+03:00,2,13.000000,0,0.000000,0,0.000000,9,1,2,0.000000,6.500000
166536,925826.000000,2019-11-22 00:00:00+03:00,1,5.000000,0,0.000000,0,0.000000,8,1,1,0.000000,5.000000
166536,925826.000000,2019-11-25 00:00:00+03:00,8,52.000000,0,0.000000,0,0.000000,7,1,8,0.000000,6.500000
166536,925826.000000,2019-11-26 00:00:00+03:00,5,35.000000,0,0.000000,0,0.000000,19,1,5,0.000000,7.000000
166536,925826.000000,2019-11-27 00:00:00+03:00,4,33.000000,0,0.000000,0,0.000000,14,1,4,0.000000,8.250000
166536,925826.000000,2019-11-28 00:00:00+03:00,7,35.000000,0,0.000000,0,0.000000,20,1,7,0.000000,5.000000
166536,925828.000000,2019-11-01 00:00:00+03:00,4,37.000000,0,0.000000,0,0.000000,16,1,4,0.000000,9.250000
166536,925828.000000,2019-11-05 00:00:00+03:00,4,28.000000,0,0.000000,0,0.000000,21,1,4,0.000000,7.000000
166536,925828.000000,2019-11-06 00:00:00+03:00,2,13.000000,0,0.000000,0,0.000000,13,1,2,0.000000,6.500000
166536,925828.000000,2019-11-07 00:00:00+03:00,6,38.000000,0,0.000000,0,0.000000,17,1,6,0.000000,6.333333
166536,925828.000000,2019-11-08 00:00:00+03:00,20,118.000000,0,0.000000,0,0.000000,20,1,20,0.000000,5.900000
166536,925828.000000,2019-11-11 00:00:00+03:00,9,44.000000,0,0.000000,0,0.000000,15,1,9,0.000000,4.888889
166536,925828.000000,2019-11-12 00:00:00+03:00,2,8.000000,0,0.000000,0,0.000000,12,1,2,0.000000,4.000000
166536,925828.000000,2019-11-13 00:00:00+03:00,1,5.000000,0,0.000000,0,0.000000,26,1,1,0.000000,5.000000
166536,925828.000000,2019-11-14 00:00:00+03:00,5,24.000000,0,0.000000,0,0.000000,8,1,5,0.000000,4.800000
166536,925828.000000,2019-11-15 00:00:00+03:00,4,25.000000,0,0.000000,0,0.000000,25,1,4,0.000000,6.250000
166536,925828.000000,2019-11-18 00:00:00+03:00,8,43.000000,0,0.000000,0,0.000000,11,1,8,0.000000,5.375000
166536,925828.000000,2019-11-19 00:00:00+03:00,6,35.000000,0,0.000000,0,0.000000,11,1,6,0.000000,5.833333
166536,925828.000000,2019-11-20 00:00:00+03:00,10,63.000000,0,0.000000,0,0.000000,17,1,10,0.000000,6.300000
166536,925828.000000,2019-11-21 00:00:00+03:00,4,27.000000,0,0.000000,0,0.000000,17,1,4,0.000000,6.750000
166536,925828.000000,2019-11-22 00:00:00+03:00,6,43.000000,0,0.000000,0,0.000000,4,1,6,0.000000,7.166667
166536,925828.000000,2019-11-25 00:00:00+03:00,10,57.000000,0,0.000000,0,0.000000,37,1,10,0.000000,5.700000
166536,925828.000000,2019-11-26 00:00:00+03:00,6,32.000000,0,0.000000,0,0.000000,8,1,6,0.000000,5.333333
166536,925828.000000,2019-11-27 00:00:00+03:00,9,64.000000,0,0.000000,0,0.000000,15,1,9,0.000000,7.111111
166536,925828.000000,2019-11-28 00:00:00+03:00,3,19.000000,0,0.000000,0,0.000000,2,1,3,0.000000,6.333333
166541,908958.000000,2019-11-01 00:00:00+03:00,10,187.000000,0,0.000000,0,0.000000,1,1,10,0.000000,18.700000
166541,908958.000000,2019-11-02 00:00:00+03:00,5,130.000000,1,84.000000,0,0.000000,0,1,6,0.166667,26.000000
166541,908958.000000,2019-11-03 00:00:00+03:00,7,297.000000,0,0.000000,0,0.000000,0,1,7,0.000000,42.428571
166541,908958.000000,2019-11-04 00:00:00+03:00,12,337.000000,0,0.000000,0,0.000000,0,1,12,0.000000,28.083333
166541,908958.000000,2019-11-05 00:00:00+03:00,30,692.000000,0,0.000000,0,0.000000,0,1,30,0.000000,23.066667
166541,908958.000000,2019-11-06 00:00:00+03:00,12,426.000000,0,0.000000,0,0.000000,0,1,12,0.000000,35.500000
166541,908958.000000,2019-11-07 00:00:00+03:00,14,354.000000,0,0.000000,0,0.000000,3,1,14,0.000000,25.285714
166541,908958.000000,2019-11-08 00:00:00+03:00,12,240.000000,0,0.000000,0,0.000000,0,1,12,0.000000,20.000000
166541,908958.000000,2019-11-09 00:00:00+03:00,6,98.000000,0,0.000000,0,0.000000,0,1,6,0.000000,16.333333
166541,908958.000000,2019-11-10 00:00:00+03:00,5,168.000000,0,0.000000,0,0.000000,0,1,5,0.000000,33.600000
166541,908958.000000,2019-11-11 00:00:00+03:00,13,493.000000,0,0.000000,0,0.000000,0,1,13,0.000000,37.923077
166541,908958.000000,2019-11-12 00:00:00+03:00,3,41.000000,0,0.000000,0,0.000000,0,1,3,0.000000,13.666667
166541,908958.000000,2019-11-13 00:00:00+03:00,12,343.000000,0,0.000000,0,0.000000,0,1,12,0.000000,28.583333
166541,908958.000000,2019-11-14 00:00:00+03:00,10,361.000000,0,0.000000,0,0.000000,0,1,10,0.000000,36.100000
166541,908958.000000,2019-11-15 00:00:00+03:00,6,122.000000,0,0.000000,0,0.000000,2,1,6,0.000000,20.333333
166541,908958.000000,2019-11-16 00:00:00+03:00,7,172.000000,0,0.000000,0,0.000000,0,1,7,0.000000,24.571429
166541,908958.000000,2019-11-17 00:00:00+03:00,6,114.000000,0,0.000000,0,0.000000,0,1,6,0.000000,19.000000
166541,908958.000000,2019-11-18 00:00:00+03:00,3,53.000000,0,0.000000,0,0.000000,1,1,3,0.000000,17.666667
166541,908958.000000,2019-11-19 00:00:00+03:00,8,185.000000,0,0.000000,0,0.000000,0,1,8,0.000000,23.125000
166541,908958.000000,2019-11-20 00:00:00+03:00,12,322.000000,0,0.000000,0,0.000000,11,1,12,0.000000,26.833333
166541,908958.000000,2019-11-21 00:00:00+03:00,5,115.000000,0,0.000000,0,0.000000,3,1,5,0.000000,23.000000
166541,908958.000000,2019-11-22 00:00:00+03:00,13,274.000000,0,0.000000,0,0.000000,4,1,13,0.000000,21.076923
166541,908958.000000,2019-11-23 00:00:00+03:00,5,137.000000,0,0.000000,0,0.000000,2,1,5,0.000000,27.400000
166541,908958.000000,2019-11-24 00:00:00+03:00,8,234.000000,0,0.000000,0,0.000000,0,1,8,0.000000,29.250000
166541,908958.000000,2019-11-25 00:00:00+03:00,10,248.000000,0,0.000000,0,0.000000,0,1,10,0.000000,24.800000
166541,908958.000000,2019-11-26 00:00:00+03:00,8,153.000000,0,0.000000,0,0.000000,1,1,8,0.000000,19.125000
166541,908958.000000,2019-11-27 00:00:00+03:00,13,264.000000,0,0.000000,0,0.000000,0,1,13,0.000000,20.307692
166541,908958.000000,2019-11-28 00:00:00+03:00,8,168.000000,0,0.000000,0,0.000000,1,1,8,0.000000,21.000000
166541,908960.000000,2019-11-01 00:00:00+03:00,7,139.000000,0,0.000000,0,0.000000,0,1,7,0.000000,19.857143
166541,908960.000000,2019-11-02 00:00:00+03:00,6,158.000000,0,0.000000,0,0.000000,0,1,6,0.000000,26.333333
166541,908960.000000,2019-11-03 00:00:00+03:00,11,199.000000,0,0.000000,0,0.000000,2,1,11,0.000000,18.090909
166541,908960.000000,2019-11-04 00:00:00+03:00,5,126.000000,0,0.000000,0,0.000000,1,1,5,0.000000,25.200000
166541,908960.000000,2019-11-05 00:00:00+03:00,18,333.000000,0,0.000000,0,0.000000,6,1,18,0.000000,18.500000
166541,908960.000000,2019-11-06 00:00:00+03:00,6,158.000000,0,0.000000,0,0.000000,1,1,6,0.000000,26.333333
166541,908960.000000,2019-11-07 00:00:00+03:00,9,221.000000,0,0.000000,0,0.000000,0,1,9,0.000000,24.555556
166541,908960.000000,2019-11-08 00:00:00+03:00,21,425.000000,0,0.000000,0,0.000000,1,1,21,0.000000,20.238095
166541,908960.000000,2019-11-09 00:00:00+03:00,7,165.000000,0,0.000000,0,0.000000,1,1,7,0.000000,23.571429
166541,908960.000000,2019-11-10 00:00:00+03:00,13,288.000000,0,0.000000,0,0.000000,3,1,13,0.000000,22.153846
166541,908960.000000,2019-11-11 00:00:00+03:00,17,341.000000,0,0.000000,0,0.000000,0,1,17,0.000000,20.058824
166541,908960.000000,2019-11-12 00:00:00+03:00,18,416.000000,0,0.000000,0,0.000000,8,1,18,0.000000,23.111111
166541,908960.000000,2019-11-13 00:00:00+03:00,8,155.000000,0,0.000000,0,0.000000,7,1,8,0.000000,19.375000
166541,908960.000000,2019-11-14 00:00:00+03:00,8,210.000000,0,0.000000,0,0.000000,0,1,8,0.000000,26.250000
166541,908960.000000,2019-11-15 00:00:00+03:00,6,93.000000,2,56.000000,0,0.000000,3,1,8,0.250000,15.500000
166541,908960.000000,2019-11-16 00:00:00+03:00,10,209.000000,0,0.000000,0,0.000000,0,1,10,0.000000,20.900000
166541,908960.000000,2019-11-17 00:00:00+03:00,2,40.000000,0,0.000000,0,0.000000,0,1,2,0.000000,20.000000
166541,908960.000000,2019-11-18 00:00:00+03:00,6,113.000000,0,0.000000,0,0.000000,11,1,6,0.000000,18.833333
166541,908960.000000,2019-11-19 00:00:00+03:00,29,585.000000,0,0.000000,0,0.000000,2,1,29,0.000000,20.172414
166541,908960.000000,2019-11-20 00:00:00+03:00,15,334.000000,1,15.000000,0,0.000000,6,1,16,0.062500,22.266667
166541,908960.000000,2019-11-21 00:00:00+03:00,10,198.000000,0,0.000000,0,0.000000,1,1,10,0.000000,19.800000
166541,908960.000000,2019-11-22 00:00:00+03:00,10,203.000000,0,0.000000,0,0.000000,3,1,10,0.000000,20.300000
166541,908960.000000,2019-11-23 00:00:00+03:00,6,112.000000,2,145.000000,0,0.000000,2,1,8,0.250000,18.666667
166541,908960.000000,2019-11-24 00:00:00+03:00,6,158.000000,2,41.000000,0,0.000000,0,1,8,0.250000,26.333333
166541,908960.000000,2019-11-25 00:00:00+03:00,11,231.000000,0,0.000000,0,0.000000,3,1,11,0.000000,21.000000
166541,908960.000000,2019-11-26 00:00:00+03:00,13,246.000000,0,0.000000,0,0.000000,2,1,13,0.000000,18.923077
166541,908960.000000,2019-11-27 00:00:00+03:00,4,69.000000,0,0.000000,0,0.000000,2,1,4,0.000000,17.250000
166541,908960.000000,2019-11-28 00:00:00+03:00,17,391.000000,0,0.000000,0,0.000000,2,1,17,0.000000,23.000000
166548,946468.000000,2019-11-09 00:00:00+03:00,1,25.000000,0,0.000000,0,0.000000,0,1,1,0.000000,25.000000
166582,885876.000000,2019-11-01 00:00:00+03:00,0,0.000000,0,0.000000,0,0.000000,28,1,0,,
166582,885876.000000,2019-11-05 00:00:00+03:00,1,14.000000,0,0.000000,0,0.000000,36,1,1,0.000000,14.000000
166582,885876.000000,2019-11-06 00:00:00+03:00,0,0.000000,0,0.000000,0,0.000000,11,1,0,,
166582,885876.000000,2019-11-07 00:00:00+03:00,1,4.000000,0,0.000000,0,0.000000,20,1,1,0.000000,4.000000
166582,885876.000000,2019-11-08 00:00:00+03:00,0,0.000000,0,0.000000,0,0.000000,69,1,0,,
166582,885876.000000,2019-11-11 00:00:00+03:00,0,0.000000,0,0.000000,0,0.000000,46,1,0,,
166582,885876.000000,2019-11-12 00:00:00+03:00,0,0.000000,0,0.000000,0,0.000000,28,1,0,,
166582,885876.000000,2019-11-13 00:00:00+03:00,0,0.000000,0,0.000000,0,0.000000,55,1,0,,
166582,885876.000000,2019-11-14 00:00:00+03:00,0,0.000000,0,0.000000,0,0.000000,30,1,0,,
166582,885876.000000,2019-11-15 00:00:00+03:00,1,6.000000,0,0.000000,0,0.000000,18,1,1,0.000000,6.000000
166582,885876.000000,2019-11-16 00:00:00+03:00,0,0.000000,0,0.000000,0,0.000000,1,1,0,,
166582,885876.000000,2019-11-18 00:00:00+03:00,1,4.000000,0,0.000000,0,0.000000,16,1,1,0.000000,4.000000
166582,885876.000000,2019-11-19 00:00:00+03:00,0,0.000000,0,0.000000,0,0.000000,11,1,0,,
166582,885876.000000,2019-11-20 00:00:00+03:00,0,0.000000,0,0.000000,0,0.000000,8,1,0,,
166582,885876.000000,2019-11-21 00:00:00+03:00,0,0.000000,0,0.000000,0,0.000000,26,1,0,,
166582,885876.000000,2019-11-22 00:00:00+03:00,0,0.000000,0,0.000000,0,0.000000,17,1,0,,
166582,885876.000000,2019-11-25 00:00:00+03:00,0,0.000000,0,0.000000,0,0.000000,75,1,0,,
166582,885876.000000,2019-11-26 00:00:00+03:00,1,5.000000,0,0.000000,0,0.000000,130,1,1,0.000000,5.000000
166582,885876.000000,2019-11-27 00:00:00+03:00,0,0.000000,0,0.000000,0,0.000000,56,1,0,,
166582,885876.000000,2019-11-28 00:00:00+03:00,0,0.000000,0,0.000000,0,0.000000,51,1,0,,
166604,893402.000000,2019-11-01 00:00:00+03:00,5,74.000000,0,0.000000,0,0.000000,1,1,5,0.000000,14.800000
166604,893402.000000,2019-11-02 00:00:00+03:00,6,87.000000,0,0.000000,0,0.000000,1,1,6,0.000000,14.500000
166604,893402.000000,2019-11-03 00:00:00+03:00,5,61.000000,0,0.000000,0,0.000000,2,1,5,0.000000,12.200000
166604,893402.000000,2019-11-04 00:00:00+03:00,4,55.000000,0,0.000000,0,0.000000,0,1,4,0.000000,13.750000
166604,893402.000000,2019-11-05 00:00:00+03:00,3,51.000000,0,0.000000,0,0.000000,2,1,3,0.000000,17.000000
166604,893402.000000,2019-11-06 00:00:00+03:00,4,64.000000,0,0.000000,0,0.000000,0,1,4,0.000000,16.000000
166604,893402.000000,2019-11-07 00:00:00+03:00,10,132.000000,0,0.000000,0,0.000000,4,1,10,0.000000,13.200000
166604,893402.000000,2019-11-08 00:00:00+03:00,6,63.000000,0,0.000000,0,0.000000,2,1,6,0.000000,10.500000
166604,893402.000000,2019-11-09 00:00:00+03:00,1,10.000000,1,23.000000,0,0.000000,1,1,2,0.500000,10.000000
166604,893402.000000,2019-11-10 00:00:00+03:00,2,20.000000,0,0.000000,0,0.000000,1,1,2,0.000000,10.000000
166604,893402.000000,2019-11-11 00:00:00+03:00,4,55.000000,0,0.000000,0,0.000000,6,1,4,0.000000,13.750000
166604,893402.000000,2019-11-12 00:00:00+03:00,7,72.000000,0,0.000000,0,0.000000,5,1,7,0.000000,10.285714
166604,893402.000000,2019-11-13 00:00:00+03:00,8,223.000000,0,0.000000,0,0.000000,0,1,8,0.000000,27.875000
166604,893402.000000,2019-11-14 00:00:00+03:00,12,133.000000,0,0.000000,0,0.000000,2,1,12,0.000000,11.083333
166604,893402.000000,2019-11-15 00:00:00+03:00,7,83.000000,0,0.000000,0,0.000000,2,1,7,0.000000,11.857143
166604,893402.000000,2019-11-16 00:00:00+03:00,4,46.000000,0,0.000000,0,0.000000,1,1,4,0.000000,11.500000
166604,893402.000000,2019-11-17 00:00:00+03:00,4,61.000000,0,0.000000,0,0.000000,0,1,4,0.000000,15.250000
166604,893402.000000,2019-11-18 00:00:00+03:00,4,85.000000,0,0.000000,0,0.000000,1,1,4,0.000000,21.250000
166604,893402.000000,2019-11-19 00:00:00+03:00,5,85.000000,0,0.000000,0,0.000000,1,1,5,0.000000,17.000000
166604,893402.000000,2019-11-20 00:00:00+03:00,10,187.000000,1,18.000000,0,0.000000,0,1,11,0.090909,18.700000
166604,893402.000000,2019-11-21 00:00:00+03:00,12,159.000000,0,0.000000,0,0.000000,0,1,12,0.000000,13.250000
166604,893402.000000,2019-11-22 00:00:00+03:00,8,125.000000,0,0.000000,0,0.000000,0,1,8,0.000000,15.625000
166604,893402.000000,2019-11-23 00:00:00+03:00,8,95.000000,0,0.000000,0,0.000000,0,1,8,0.000000,11.875000
166604,893402.000000,2019-11-24 00:00:00+03:00,6,74.000000,0,0.000000,0,0.000000,0,1,6,0.000000,12.333333
166604,893402.000000,2019-11-25 00:00:00+03:00,9,129.000000,0,0.000000,0,0.000000,1,1,9,0.000000,14.333333
166604,893402.000000,2019-11-26 00:00:00+03:00,1,48.000000,0,0.000000,0,0.000000,0,1,1,0.000000,48.000000
166604,893402.000000,2019-11-27 00:00:00+03:00,3,96.000000,0,0.000000,0,0.000000,3,1,3,0.000000,32.000000
166604,893402.000000,2019-11-28 00:00:00+03:00,50,1424.000000,1,71.000000,0,0.000000,0,1,51,0.019608,28.480000
166604,893420.000000,2019-11-01 00:00:00+03:00,1,41.000000,0,0.000000,0,0.000000,0,1,1,0.000000,41.000000
166604,893420.000000,2019-11-02 00:00:00+03:00,1,41.000000,0,0.000000,0,0.000000,0,1,1,0.000000,41.000000
166604,893420.000000,2019-11-03 00:00:00+03:00,0,0.000000,0,0.000000,0,0.000000,4,1,0,,
166604,893420.000000,2019-11-04 00:00:00+03:00,1,39.000000,0,0.000000,0,0.000000,0,1,1,0.000000,39.000000
166604,893420.000000,2019-11-05 00:00:00+03:00,2,90.000000,0,0.000000,0,0.000000,0,1,2,0.000000,45.000000
166604,893420.000000,2019-11-06 00:00:00+03:00,1,27.000000,0,0.000000,0,0.000000,0,1,1,0.000000,27.000000
166604,893420.000000,2019-11-07 00:00:00+03:00,4,123.000000,0,0.000000,0,0.000000,4,1,4,0.000000,30.750000
166604,893420.000000,2019-11-08 00:00:00+03:00,1,33.000000,0,0.000000,0,0.000000,0,1,1,0.000000,33.000000
166604,893420.000000,2019-11-09 00:00:00+03:00,3,77.000000,0,0.000000,0,0.000000,1,1,3,0.000000,25.666667
166604,893420.000000,2019-11-10 00:00:00+03:00,0,0.000000,0,0.000000,0,0.000000,1,1,0,,
166604,893420.000000,2019-11-12 00:00:00+03:00,1,38.000000,0,0.000000,0,0.000000,0,1,1,0.000000,38.000000
166604,893420.000000,2019-11-13 00:00:00+03:00,3,89.000000,0,0.000000,0,0.000000,0,1,3,0.000000,29.666667
166604,893420.000000,2019-11-14 00:00:00+03:00,5,83.000000,0,0.000000,0,0.000000,0,1,5,0.000000,16.600000
166604,893420.000000,2019-11-15 00:00:00+03:00,1,28.000000,0,0.000000,0,0.000000,0,1,1,0.000000,28.000000
166604,893420.000000,2019-11-16 00:00:00+03:00,2,70.000000,0,0.000000,0,0.000000,0,1,2,0.000000,35.000000
166604,893420.000000,2019-11-17 00:00:00+03:00,2,65.000000,0,0.000000,0,0.000000,0,1,2,0.000000,32.500000
166604,893420.000000,2019-11-19 00:00:00+03:00,2,55.000000,0,0.000000,0,0.000000,0,1,2,0.000000,27.500000
166604,893420.000000,2019-11-20 00:00:00+03:00,3,111.000000,0,0.000000,0,0.000000,0,1,3,0.000000,37.000000
166604,893420.000000,2019-11-21 00:00:00+03:00,4,147.000000,0,0.000000,0,0.000000,0,1,4,0.000000,36.750000
166604,893420.000000,2019-11-22 00:00:00+03:00,4,203.000000,0,0.000000,0,0.000000,0,1,4,0.000000,50.750000
166604,893420.000000,2019-11-23 00:00:00+03:00,2,42.000000,0,0.000000,0,0.000000,0,1,2,0.000000,21.000000
166604,893420.000000,2019-11-24 00:00:00+03:00,5,188.000000,0,0.000000,0,0.000000,0,1,5,0.000000,37.600000
166604,893420.000000,2019-11-25 00:00:00+03:00,10,228.000000,0,0.000000,0,0.000000,0,1,10,0.000000,22.800000
166604,893420.000000,2019-11-26 00:00:00+03:00,13,171.000000,0,0.000000,0,0.000000,0,1,13,0.000000,13.153846
166604,893420.000000,2019-11-27 00:00:00+03:00,39,458.000000,0,0.000000,0,0.000000,0,1,39,0.000000,11.743590
166604,893420.000000,2019-11-28 00:00:00+03:00,40,541.000000,0,0.000000,0,0.000000,0,1,40,0.000000,13.525000
166619,897872.000000,2019-11-06 00:00:00+03:00,0,0.000000,0,0.000000,0,0.000000,2,1,0,,
166619,897872.000000,2019-11-07 00:00:00+03:00,0,0.000000,0,0.000000,0,0.000000,1,1,0,,
166619,897872.000000,2019-11-15 00:00:00+03:00,0,0.000000,0,0.000000,0,0.000000,5,1,0,,
166619,897872.000000,2019-11-21 00:00:00+03:00,0,0.000000,0,0.000000,0,0.000000,1,1,0,,
166619,897872.000000,2019-11-28 00:00:00+03:00,0,0.000000,0,0.000000,0,0.000000,4,1,0,,
166636,890582.000000,2019-11-01 00:00:00+03:00,0,0.000000,0,0.000000,0,0.000000,1,1,0,,
166636,890582.000000,2019-11-05 00:00:00+03:00,1,16.000000,0,0.000000,0,0.000000,2,1,1,0.000000,16.000000
166636,890582.000000,2019-11-06 00:00:00+03:00,4,44.000000,0,0.000000,0,0.000000,3,1,4,0.000000,11.000000
166636,890582.000000,2019-11-07 00:00:00+03:00,4,26.000000,1,5.000000,0,0.000000,1,1,5,0.200000,6.500000
166636,890582.000000,2019-11-08 00:00:00+03:00,0,0.000000,0,0.000000,0,0.000000,2,1,0,,
166636,890582.000000,2019-11-11 00:00:00+03:00,0,0.000000,0,0.000000,0,0.000000,6,1,0,,
166636,890582.000000,2019-11-14 00:00:00+03:00,1,15.000000,0,0.000000,0,0.000000,1,1,1,0.000000,15.000000
166636,890582.000000,2019-11-17 00:00:00+03:00,0,0.000000,0,0.000000,0,0.000000,1,1,0,,
166636,890582.000000,2019-11-18 00:00:00+03:00,3,48.000000,0,0.000000,0,0.000000,0,1,3,0.000000,16.000000
166636,890582.000000,2019-11-19 00:00:00+03:00,2,22.000000,0,0.000000,0,0.000000,0,1,2,0.000000,11.000000
166636,890582.000000,2019-11-20 00:00:00+03:00,3,40.000000,0,0.000000,0,0.000000,0,1,3,0.000000,13.333333
166636,890582.000000,2019-11-22 00:00:00+03:00,2,26.000000,0,0.000000,0,0.000000,0,1,2,0.000000,13.000000
166636,890582.000000,2019-11-23 00:00:00+03:00,1,15.000000,0,0.000000,0,0.000000,0,1,1,0.000000,15.000000
166636,890582.000000,2019-11-24 00:00:00+03:00,1,22.000000,0,0.000000,0,0.000000,1,1,1,0.000000,22.000000
166636,890582.000000,2019-11-25 00:00:00+03:00,1,14.000000,0,0.000000,0,0.000000,0,1,1,0.000000,14.000000
166636,890582.000000,2019-11-26 00:00:00+03:00,1,13.000000,0,0.000000,0,0.000000,0,1,1,0.000000,13.000000
166636,890582.000000,2019-11-27 00:00:00+03:00,3,177.000000,0,0.000000,0,0.000000,4,1,3,0.000000,59.000000
166636,890582.000000,2019-11-28 00:00:00+03:00,4,132.000000,0,0.000000,0,0.000000,13,1,4,0.000000,33.000000
166649,887416.000000,2019-11-05 00:00:00+03:00,2,60.000000,0,0.000000,0,0.000000,0,1,2,0.000000,30.000000
166649,887416.000000,2019-11-12 00:00:00+03:00,1,26.000000,0,0.000000,0,0.000000,0,1,1,0.000000,26.000000
166649,887416.000000,2019-11-13 00:00:00+03:00,2,24.000000,0,0.000000,0,0.000000,0,1,2,0.000000,12.000000
166649,887416.000000,2019-11-14 00:00:00+03:00,2,37.000000,0,0.000000,0,0.000000,0,1,2,0.000000,18.500000
166658,890402.000000,2019-11-01 00:00:00+03:00,4,30.000000,0,0.000000,0,0.000000,24,1,4,0.000000,7.500000
166658,890402.000000,2019-11-03 00:00:00+03:00,0,0.000000,0,0.000000,0,0.000000,4,1,0,,
166658,890402.000000,2019-11-04 00:00:00+03:00,1,15.000000,0,0.000000,0,0.000000,0,1,1,0.000000,15.000000
166658,890402.000000,2019-11-05 00:00:00+03:00,5,37.000000,0,0.000000,0,0.000000,10,1,5,0.000000,7.400000
166658,890402.000000,2019-11-06 00:00:00+03:00,8,67.000000,0,0.000000,0,0.000000,12,1,8,0.000000,8.375000
166658,890402.000000,2019-11-07 00:00:00+03:00,5,55.000000,0,0.000000,0,0.000000,36,1,5,0.000000,11.000000
166658,890402.000000,2019-11-08 00:00:00+03:00,11,106.000000,0,0.000000,0,0.000000,10,1,11,0.000000,9.636364
166658,890402.000000,2019-11-11 00:00:00+03:00,13,84.000000,0,0.000000,0,0.000000,39,1,13,0.000000,6.461538
166658,890402.000000,2019-11-12 00:00:00+03:00,7,59.000000,0,0.000000,0,0.000000,22,1,7,0.000000,8.428571
166658,890402.000000,2019-11-13 00:00:00+03:00,7,68.000000,0,0.000000,0,0.000000,13,1,7,0.000000,9.714286
166658,890402.000000,2019-11-14 00:00:00+03:00,3,21.000000,0,0.000000,0,0.000000,10,1,3,0.000000,7.000000
166658,890402.000000,2019-11-15 00:00:00+03:00,9,78.000000,0,0.000000,0,0.000000,11,1,9,0.000000,8.666667
166658,890402.000000,2019-11-18 00:00:00+03:00,14,82.000000,0,0.000000,0,0.000000,18,1,14,0.000000,5.857143
166658,890402.000000,2019-11-19 00:00:00+03:00,7,40.000000,0,0.000000,0,0.000000,23,1,7,0.000000,5.714286
166658,890402.000000,2019-11-20 00:00:00+03:00,0,0.000000,0,0.000000,0,0.000000,9,1,0,,
166658,890402.000000,2019-11-21 00:00:00+03:00,10,297.000000,0,0.000000,0,0.000000,16,1,10,0.000000,29.700000
166658,890402.000000,2019-11-22 00:00:00+03:00,14,96.000000,0,0.000000,0,0.000000,10,1,14,0.000000,6.857143
166658,890402.000000,2019-11-25 00:00:00+03:00,15,104.000000,0,0.000000,0,0.000000,32,1,15,0.000000,6.933333
166658,890402.000000,2019-11-26 00:00:00+03:00,23,157.000000,0,0.000000,0,0.000000,22,1,23,0.000000,6.826087
166658,890402.000000,2019-11-27 00:00:00+03:00,19,133.000000,0,0.000000,0,0.000000,23,1,19,0.000000,7.000000
166658,890402.000000,2019-11-28 00:00:00+03:00,12,93.000000,0,0.000000,0,0.000000,21,1,12,0.000000,7.750000
166658,890404.000000,2019-11-01 00:00:00+03:00,3,27.000000,0,0.000000,0,0.000000,15,1,3,0.000000,9.000000
166658,890404.000000,2019-11-05 00:00:00+03:00,5,36.000000,0,0.000000,0,0.000000,20,1,5,0.000000,7.200000
166658,890404.000000,2019-11-06 00:00:00+03:00,15,125.000000,0,0.000000,0,0.000000,15,1,15,0.000000,8.333333
166658,890404.000000,2019-11-07 00:00:00+03:00,10,75.000000,0,0.000000,0,0.000000,19,1,10,0.000000,7.500000
166658,890404.000000,2019-11-08 00:00:00+03:00,14,95.000000,0,0.000000,0,0.000000,20,1,14,0.000000,6.785714
166658,890404.000000,2019-11-10 00:00:00+03:00,0,0.000000,0,0.000000,0,0.000000,11,1,0,,
166658,890404.000000,2019-11-11 00:00:00+03:00,6,61.000000,0,0.000000,0,0.000000,25,1,6,0.000000,10.166667
166658,890404.000000,2019-11-12 00:00:00+03:00,24,146.000000,0,0.000000,0,0.000000,41,1,24,0.000000,6.083333
166658,890404.000000,2019-11-13 00:00:00+03:00,5,26.000000,0,0.000000,0,0.000000,13,1,5,0.000000,5.200000
166658,890404.000000,2019-11-14 00:00:00+03:00,6,45.000000,0,0.000000,0,0.000000,16,1,6,0.000000,7.500000
166658,890404.000000,2019-11-15 00:00:00+03:00,8,81.000000,0,0.000000,0,0.000000,20,1,8,0.000000,10.125000
166658,890404.000000,2019-11-18 00:00:00+03:00,5,54.000000,0,0.000000,0,0.000000,28,1,5,0.000000,10.800000
166658,890404.000000,2019-11-19 00:00:00+03:00,11,153.000000,0,0.000000,0,0.000000,39,1,11,0.000000,13.909091
166658,890404.000000,2019-11-20 00:00:00+03:00,5,28.000000,0,0.000000,0,0.000000,30,1,5,0.000000,5.600000
166658,890404.000000,2019-11-21 00:00:00+03:00,8,75.000000,0,0.000000,0,0.000000,19,1,8,0.000000,9.375000
166658,890404.000000,2019-11-22 00:00:00+03:00,5,69.000000,0,0.000000,0,0.000000,12,1,5,0.000000,13.800000
166658,890404.000000,2019-11-25 00:00:00+03:00,6,80.000000,1,12.000000,0,0.000000,11,1,7,0.142857,13.333333
166658,890404.000000,2019-11-26 00:00:00+03:00,6,45.000000,0,0.000000,0,0.000000,14,1,6,0.000000,7.500000
166658,890404.000000,2019-11-27 00:00:00+03:00,2,10.000000,0,0.000000,0,0.000000,19,1,2,0.000000,5.000000
166658,890404.000000,2019-11-28 00:00:00+03:00,2,39.000000,0,0.000000,0,0.000000,8,1,2,0.000000,19.500000
166658,890406.000000,2019-11-01 00:00:00+03:00,5,34.000000,0,0.000000,0,0.000000,25,1,5,0.000000,6.800000
166658,890406.000000,2019-11-05 00:00:00+03:00,10,74.000000,0,0.000000,0,0.000000,13,1,10,0.000000,7.400000
166658,890406.000000,2019-11-06 00:00:00+03:00,12,101.000000,0,0.000000,0,0.000000,29,1,12,0.000000,8.416667
166658,890406.000000,2019-11-07 00:00:00+03:00,6,31.000000,0,0.000000,0,0.000000,32,1,6,0.000000,5.166667
166658,890406.000000,2019-11-08 00:00:00+03:00,8,89.000000,0,0.000000,0,0.000000,15,1,8,0.000000,11.125000
166658,890406.000000,2019-11-11 00:00:00+03:00,14,90.000000,0,0.000000,0,0.000000,21,1,14,0.000000,6.428571
166658,890406.000000,2019-11-12 00:00:00+03:00,9,63.000000,0,0.000000,0,0.000000,20,1,9,0.000000,7.000000
166658,890406.000000,2019-11-13 00:00:00+03:00,9,57.000000,0,0.000000,0,0.000000,14,1,9,0.000000,6.333333
166658,890406.000000,2019-11-14 00:00:00+03:00,2,13.000000,0,0.000000,0,0.000000,16,1,2,0.000000,6.500000
166658,890406.000000,2019-11-15 00:00:00+03:00,2,20.000000,0,0.000000,0,0.000000,14,1,2,0.000000,10.000000
166658,890406.000000,2019-11-18 00:00:00+03:00,5,28.000000,0,0.000000,0,0.000000,19,1,5,0.000000,5.600000
166658,890406.000000,2019-11-19 00:00:00+03:00,6,34.000000,0,0.000000,0,0.000000,36,1,6,0.000000,5.666667
166658,890406.000000,2019-11-20 00:00:00+03:00,4,36.000000,1,13.000000,0,0.000000,20,1,5,0.200000,9.000000
166658,890406.000000,2019-11-21 00:00:00+03:00,4,32.000000,0,0.000000,0,0.000000,27,1,4,0.000000,8.000000
166658,890406.000000,2019-11-22 00:00:00+03:00,0,0.000000,0,0.000000,0,0.000000,11,1,0,,
166658,890406.000000,2019-11-25 00:00:00+03:00,1,7.000000,0,0.000000,0,0.000000,10,1,1,0.000000,7.000000
166658,890406.000000,2019-11-26 00:00:00+03:00,2,21.000000,0,0.000000,0,0.000000,13,1,2,0.000000,10.500000
166658,890406.000000,2019-11-27 00:00:00+03:00,1,7.000000,0,0.000000,0,0.000000,26,1,1,0.000000,7.000000
166658,890406.000000,2019-11-28 00:00:00+03:00,1,52.000000,0,0.000000,0,0.000000,10,1,1,0.000000,52.000000
166658,890410.000000,2019-11-01 00:00:00+03:00,0,0.000000,0,0.000000,0,0.000000,32,1,0,,
166658,890410.000000,2019-11-05 00:00:00+03:00,0,0.000000,0,0.000000,0,0.000000,21,1,0,,
166658,890410.000000,2019-11-06 00:00:00+03:00,0,0.000000,0,0.000000,0,0.000000,48,1,0,,
166658,890410.000000,2019-11-07 00:00:00+03:00,0,0.000000,0,0.000000,0,0.000000,42,1,0,,
166658,890410.000000,2019-11-08 00:00:00+03:00,0,0.000000,0,0.000000,0,0.000000,8,1,0,,
166658,890410.000000,2019-11-13 00:00:00+03:00,0,0.000000,0,0.000000,0,0.000000,10,1,0,,
166658,890410.000000,2019-11-14 00:00:00+03:00,0,0.000000,0,0.000000,0,0.000000,22,1,0,,
166658,890410.000000,2019-11-15 00:00:00+03:00,0,0.000000,0,0.000000,0,0.000000,10,1,0,,
166658,890410.000000,2019-11-18 00:00:00+03:00,0,0.000000,0,0.000000,0,0.000000,20,1,0,,
166658,890410.000000,2019-11-19 00:00:00+03:00,3,17.000000,0,0.000000,0,0.000000,11,1,3,0.000000,5.666667
166658,890410.000000,2019-11-20 00:00:00+03:00,5,37.000000,0,0.000000,0,0.000000,16,1,5,0.000000,7.400000
166658,890410.000000,2019-11-21 00:00:00+03:00,8,54.000000,0,0.000000,0,0.000000,33,1,8,0.000000,6.750000
166658,890410.000000,2019-11-22 00:00:00+03:00,0,0.000000,0,0.000000,0,0.000000,18,1,0,,
166658,890410.000000,2019-11-25 00:00:00+03:00,0,0.000000,0,0.000000,0,0.000000,13,1,0,,
166658,890410.000000,2019-11-26 00:00:00+03:00,0,0.000000,0,0.000000,0,0.000000,13,1,0,,
166658,890410.000000,2019-11-27 00:00:00+03:00,0,0.000000,0,0.000000,0,0.000000,7,1,0,,
166658,890410.000000,2019-11-28 00:00:00+03:00,0,0.000000,0,0.000000,0,0.000000,30,1,0,,
166658,890412.000000,2019-11-01 00:00:00+03:00,0,0.000000,0,0.000000,0,0.000000,6,1,0,,
166658,890412.000000,2019-11-05 00:00:00+03:00,0,0.000000,0,0.000000,0,0.000000,32,1,0,,
166658,890412.000000,2019-11-06 00:00:00+03:00,0,0.000000,0,0.000000,0,0.000000,13,1,0,,
166658,890412.000000,2019-11-07 00:00:00+03:00,0,0.000000,0,0.000000,0,0.000000,38,1,0,,
166658,890412.000000,2019-11-08 00:00:00+03:00,0,0.000000,0,0.000000,0,0.000000,5,1,0,,
166658,890412.000000,2019-11-11 00:00:00+03:00,0,0.000000,0,0.000000,0,0.000000,25,1,0,,
166658,890412.000000,2019-11-12 00:00:00+03:00,0,0.000000,0,0.000000,0,0.000000,21,1,0,,
166658,890412.000000,2019-11-13 00:00:00+03:00,0,0.000000,0,0.000000,0,0.000000,7,1,0,,
166658,890412.000000,2019-11-14 00:00:00+03:00,0,0.000000,0,0.000000,0,0.000000,13,1,0,,
166658,890412.000000,2019-11-15 00:00:00+03:00,0,0.000000,0,0.000000,0,0.000000,3,1,0,,
166658,890412.000000,2019-11-18 00:00:00+03:00,0,0.000000,0,0.000000,0,0.000000,37,1,0,,
166658,890412.000000,2019-11-19 00:00:00+03:00,0,0.000000,0,0.000000,0,0.000000,53,1,0,,
166658,890412.000000,2019-11-20 00:00:00+03:00,0,0.000000,0,0.000000,0,0.000000,14,1,0,,
166658,890412.000000,2019-11-21 00:00:00+03:00,0,0.000000,0,0.000000,0,0.000000,26,1,0,,
166658,890412.000000,2019-11-22 00:00:00+03:00,0,0.000000,0,0.000000,0,0.000000,22,1,0,,
166658,890412.000000,2019-11-25 00:00:00+03:00,0,0.000000,0,0.000000,0,0.000000,11,1,0,,
166658,890412.000000,2019-11-26 00:00:00+03:00,0,0.000000,0,0.000000,0,0.000000,8,1,0,,
166658,890416.000000,2019-11-01 00:00:00+03:00,0,0.000000,0,0.000000,0,0.000000,4,1,0,,
166658,890416.000000,2019-11-05 00:00:00+03:00,0,0.000000,0,0.000000,0,0.000000,13,1,0,,
166658,890416.000000,2019-11-06 00:00:00+03:00,0,0.000000,0,0.000000,0,0.000000,28,1,0,,
166658,890416.000000,2019-11-07 00:00:00+03:00,0,0.000000,0,0.000000,0,0.000000,53,1,0,,
166658,890416.000000,2019-11-08 00:00:00+03:00,0,0.000000,0,0.000000,0,0.000000,22,1,0,,
166658,890416.000000,2019-11-10 00:00:00+03:00,0,0.000000,0,0.000000,0,0.000000,23,1,0,,
166658,890416.000000,2019-11-11 00:00:00+03:00,0,0.000000,0,0.000000,0,0.000000,19,1,0,,
166658,890416.000000,2019-11-12 00:00:00+03:00,0,0.000000,0,0.000000,0,0.000000,6,1,0,,
166658,890416.000000,2019-11-13 00:00:00+03:00,0,0.000000,0,0.000000,0,0.000000,16,1,0,,
166658,890416.000000,2019-11-14 00:00:00+03:00,0,0.000000,0,0.000000,0,0.000000,11,1,0,,
166658,890416.000000,2019-11-15 00:00:00+03:00,0,0.000000,0,0.000000,0,0.000000,14,1,0,,
166658,890416.000000,2019-11-18 00:00:00+03:00,0,0.000000,0,0.000000,0,0.000000,29,1,0,,
166658,890416.000000,2019-11-19 00:00:00+03:00,0,0.000000,0,0.000000,0,0.000000,37,1,0,,
166658,890416.000000,2019-11-20 00:00:00+03:00,0,0.000000,0,0.000000,0,0.000000,32,1,0,,
166658,890416.000000,2019-11-21 00:00:00+03:00,0,0.000000,0,0.000000,0,0.000000,12,1,0,,
166658,890416.000000,2019-11-22 00:00:00+03:00,0,0.000000,0,0.000000,0,0.000000,19,1,0,,
166658,890416.000000,2019-11-24 00:00:00+03:00,0,0.000000,0,0.000000,0,0.000000,18,1,0,,
166658,890416.000000,2019-11-25 00:00:00+03:00,0,0.000000,0,0.000000,0,0.000000,22,1,0,,
166658,890416.000000,2019-11-26 00:00:00+03:00,0,0.000000,0,0.000000,0,0.000000,5,1,0,,
166658,890416.000000,2019-11-27 00:00:00+03:00,0,0.000000,0,0.000000,0,0.000000,15,1,0,,
166658,890416.000000,2019-11-28 00:00:00+03:00,0,0.000000,0,0.000000,0,0.000000,13,1,0,,
166658,891152.000000,2019-11-01 00:00:00+03:00,0,0.000000,0,0.000000,0,0.000000,8,1,0,,
166658,891152.000000,2019-11-05 00:00:00+03:00,0,0.000000,0,0.000000,0,0.000000,4,1,0,,
166658,891152.000000,2019-11-07 00:00:00+03:00,0,0.000000,0,0.000000,0,0.000000,1,1,0,,
166658,891152.000000,2019-11-18 00:00:00+03:00,0,0.000000,0,0.000000,0,0.000000,35,1,0,,
166658,891152.000000,2019-11-19 00:00:00+03:00,0,0.000000,0,0.000000,0,0.000000,25,1,0,,
166658,891152.000000,2019-11-20 00:00:00+03:00,0,0.000000,0,0.000000,0,0.000000,4,1,0,,
166658,891152.000000,2019-11-21 00:00:00+03:00,0,0.000000,0,0.000000,0,0.000000,1,1,0,,
166658,891152.000000,2019-11-26 00:00:00+03:00,0,0.000000,0,0.000000,0,0.000000,3,1,0,,
166658,891152.000000,2019-11-28 00:00:00+03:00,0,0.000000,0,0.000000,0,0.000000,1,1,0,,
166658,891154.000000,2019-11-01 00:00:00+03:00,0,0.000000,0,0.000000,0,0.000000,4,1,0,,
166658,891154.000000,2019-11-05 00:00:00+03:00,0,0.000000,0,0.000000,0,0.000000,2,1,0,,
166658,891154.000000,2019-11-06 00:00:00+03:00,0,0.000000,0,0.000000,0,0.000000,3,1,0,,
166658,891154.000000,2019-11-07 00:00:00+03:00,0,0.000000,0,0.000000,0,0.000000,6,1,0,,
166658,891154.000000,2019-11-08 00:00:00+03:00,0,0.000000,0,0.000000,0,0.000000,6,1,0,,
166658,891154.000000,2019-11-11 00:00:00+03:00,0,0.000000,0,0.000000,0,0.000000,12,1,0,,
166658,891154.000000,2019-11-12 00:00:00+03:00,0,0.000000,0,0.000000,0,0.000000,8,1,0,,
166658,891154.000000,2019-11-13 00:00:00+03:00,0,0.000000,0,0.000000,0,0.000000,9,1,0,,
166658,891154.000000,2019-11-14 00:00:00+03:00,0,0.000000,0,0.000000,0,0.000000,4,1,0,,
166658,891154.000000,2019-11-15 00:00:00+03:00,0,0.000000,0,0.000000,0,0.000000,2,1,0,,
166658,891154.000000,2019-11-18 00:00:00+03:00,0,0.000000,0,0.000000,0,0.000000,6,1,0,,
166658,891154.000000,2019-11-19 00:00:00+03:00,0,0.000000,0,0.000000,0,0.000000,6,1,0,,
166658,891154.000000,2019-11-20 00:00:00+03:00,0,0.000000,0,0.000000,0,0.000000,2,1,0,,
166658,891154.000000,2019-11-21 00:00:00+03:00,0,0.000000,0,0.000000,0,0.000000,18,1,0,,
166658,891154.000000,2019-11-25 00:00:00+03:00,0,0.000000,0,0.000000,0,0.000000,6,1,0,,
166658,891154.000000,2019-11-26 00:00:00+03:00,0,0.000000,0,0.000000,0,0.000000,7,1,0,,
166658,891154.000000,2019-11-27 00:00:00+03:00,0,0.000000,0,0.000000,0,0.000000,1,1,0,,
166658,891154.000000,2019-11-28 00:00:00+03:00,0,0.000000,0,0.000000,0,0.000000,5,1,0,,
166658,891156.000000,2019-11-05 00:00:00+03:00,0,0.000000,0,0.000000,0,0.000000,5,1,0,,
166658,891156.000000,2019-11-07 00:00:00+03:00,0,0.000000,0,0.000000,0,0.000000,4,1,0,,
166658,891156.000000,2019-11-19 00:00:00+03:00,0,0.000000,0,0.000000,0,0.000000,2,1,0,,
166658,891156.000000,2019-11-21 00:00:00+03:00,0,0.000000,0,0.000000,0,0.000000,3,1,0,,
166658,891156.000000,2019-11-28 00:00:00+03:00,0,0.000000,0,0.000000,0,0.000000,1,1,0,,
166658,891158.000000,2019-11-01 00:00:00+03:00,0,0.000000,0,0.000000,0,0.000000,1,1,0,,
166658,891158.000000,2019-11-05 00:00:00+03:00,0,0.000000,0,0.000000,0,0.000000,1,1,0,,
166658,891158.000000,2019-11-06 00:00:00+03:00,0,0.000000,0,0.000000,0,0.000000,1,1,0,,
166658,891158.000000,2019-11-07 00:00:00+03:00,0,0.000000,0,0.000000,0,0.000000,8,1,0,,
166658,891158.000000,2019-11-11 00:00:00+03:00,0,0.000000,0,0.000000,0,0.000000,2,1,0,,
166658,891158.000000,2019-11-12 00:00:00+03:00,0,0.000000,0,0.000000,0,0.000000,3,1,0,,
166658,891158.000000,2019-11-13 00:00:00+03:00,0,0.000000,0,0.000000,0,0.000000,1,1,0,,
166658,891158.000000,2019-11-15 00:00:00+03:00,0,0.000000,0,0.000000,0,0.000000,2,1,0,,
166658,891158.000000,2019-11-18 00:00:00+03:00,0,0.000000,0,0.000000,0,0.000000,27,1,0,,
166658,891158.000000,2019-11-19 00:00:00+03:00,0,0.000000,0,0.000000,0,0.000000,6,1,0,,
166658,891158.000000,2019-11-20 00:00:00+03:00,0,0.000000,0,0.000000,0,0.000000,2,1,0,,
166658,891158.000000,2019-11-21 00:00:00+03:00,0,0.000000,0,0.000000,0,0.000000,4,1,0,,
166658,891158.000000,2019-11-22 00:00:00+03:00,0,0.000000,0,0.000000,0,0.000000,9,1,0,,
166658,891158.000000,2019-11-26 00:00:00+03:00,0,0.000000,0,0.000000,0,0.000000,10,1,0,,
166658,891160.000000,2019-11-03 00:00:00+03:00,0,0.000000,0,0.000000,0,0.000000,1,1,0,,
166658,891160.000000,2019-11-05 00:00:00+03:00,0,0.000000,0,0.000000,0,0.000000,54,1,0,,
166658,891160.000000,2019-11-06 00:00:00+03:00,0,0.000000,0,0.000000,0,0.000000,65,1,0,,
166658,891160.000000,2019-11-07 00:00:00+03:00,0,0.000000,0,0.000000,0,0.000000,23,1,0,,
166658,891160.000000,2019-11-08 00:00:00+03:00,0,0.000000,0,0.000000,0,0.000000,36,1,0,,
166658,891160.000000,2019-11-11 00:00:00+03:00,0,0.000000,0,0.000000,0,0.000000,38,1,0,,
166658,891160.000000,2019-11-12 00:00:00+03:00,0,0.000000,0,0.000000,0,0.000000,19,1,0,,
166658,891160.000000,2019-11-13 00:00:00+03:00,0,0.000000,0,0.000000,0,0.000000,15,1,0,,
166658,891160.000000,2019-11-14 00:00:00+03:00,0,0.000000,0,0.000000,0,0.000000,1,1,0,,
166658,891160.000000,2019-11-15 00:00:00+03:00,0,0.000000,0,0.000000,0,0.000000,6,1,0,,
166658,891160.000000,2019-11-18 00:00:00+03:00,0,0.000000,0,0.000000,0,0.000000,1,1,0,,
166658,891160.000000,2019-11-20 00:00:00+03:00,0,0.000000,0,0.000000,0,0.000000,2,1,0,,
166658,891160.000000,2019-11-22 00:00:00+03:00,0,0.000000,0,0.000000,0,0.000000,4,1,0,,
166658,891160.000000,2019-11-25 00:00:00+03:00,0,0.000000,0,0.000000,0,0.000000,2,1,0,,
166658,891162.000000,2019-11-03 00:00:00+03:00,0,0.000000,0,0.000000,0,0.000000,2,1,0,,
166658,891162.000000,2019-11-11 00:00:00+03:00,0,0.000000,0,0.000000,0,0.000000,2,1,0,,
166658,891162.000000,2019-11-12 00:00:00+03:00,0,0.000000,0,0.000000,0,0.000000,6,1,0,,
166658,891162.000000,2019-11-15 00:00:00+03:00,0,0.000000,0,0.000000,0,0.000000,2,1,0,,
166658,891162.000000,2019-11-18 00:00:00+03:00,0,0.000000,0,0.000000,0,0.000000,20,1,0,,
166658,891162.000000,2019-11-19 00:00:00+03:00,0,0.000000,0,0.000000,0,0.000000,16,1,0,,
166658,891162.000000,2019-11-22 00:00:00+03:00,0,0.000000,0,0.000000,0,0.000000,5,1,0,,
166658,891162.000000,2019-11-26 00:00:00+03:00,0,0.000000,0,0.000000,0,0.000000,2,1,0,,
166658,891162.000000,2019-11-27 00:00:00+03:00,0,0.000000,0,0.000000,0,0.000000,1,1,0,,
166658,891162.000000,2019-11-28 00:00:00+03:00,0,0.000000,0,0.000000,0,0.000000,4,1,0,,
166658,891166.000000,2019-11-07 00:00:00+03:00,0,0.000000,0,0.000000,0,0.000000,7,1,0,,
166658,891166.000000,2019-11-08 00:00:00+03:00,0,0.000000,0,0.000000,0,0.000000,2,1,0,,
166658,891166.000000,2019-11-11 00:00:00+03:00,0,0.000000,0,0.000000,0,0.000000,3,1,0,,
166658,891166.000000,2019-11-12 00:00:00+03:00,0,0.000000,0,0.000000,0,0.000000,10,1,0,,
166658,891166.000000,2019-11-13 00:00:00+03:00,0,0.000000,0,0.000000,0,0.000000,3,1,0,,
166658,891166.000000,2019-11-14 00:00:00+03:00,0,0.000000,0,0.000000,0,0.000000,3,1,0,,
166658,891166.000000,2019-11-15 00:00:00+03:00,0,0.000000,0,0.000000,0,0.000000,22,1,0,,
166658,891166.000000,2019-11-18 00:00:00+03:00,0,0.000000,0,0.000000,0,0.000000,5,1,0,,
166658,891166.000000,2019-11-19 00:00:00+03:00,0,0.000000,0,0.000000,0,0.000000,5,1,0,,
166658,891166.000000,2019-11-20 00:00:00+03:00,0,0.000000,0,0.000000,0,0.000000,3,1,0,,
166658,891166.000000,2019-11-22 00:00:00+03:00,0,0.000000,0,0.000000,0,0.000000,3,1,0,,
166658,891166.000000,2019-11-25 00:00:00+03:00,0,0.000000,0,0.000000,0,0.000000,4,1,0,,
166658,891166.000000,2019-11-26 00:00:00+03:00,0,0.000000,0,0.000000,0,0.000000,2,1,0,,
166658,891166.000000,2019-11-27 00:00:00+03:00,0,0.000000,0,0.000000,0,0.000000,2,1,0,,
166658,891166.000000,2019-11-28 00:00:00+03:00,0,0.000000,0,0.000000,0,0.000000,2,1,0,,
166658,891170.000000,2019-11-03 00:00:00+03:00,0,0.000000,0,0.000000,0,0.000000,1,1,0,,
166658,891170.000000,2019-11-12 00:00:00+03:00,0,0.000000,0,0.000000,0,0.000000,11,1,0,,
166658,891170.000000,2019-11-13 00:00:00+03:00,0,0.000000,0,0.000000,0,0.000000,4,1,0,,
166658,891170.000000,2019-11-14 00:00:00+03:00,0,0.000000,0,0.000000,0,0.000000,30,1,0,,
166658,891170.000000,2019-11-15 00:00:00+03:00,0,0.000000,0,0.000000,0,0.000000,8,1,0,,
166658,891170.000000,2019-11-18 00:00:00+03:00,0,0.000000,0,0.000000,0,0.000000,11,1,0,,
166658,891170.000000,2019-11-19 00:00:00+03:00,0,0.000000,0,0.000000,0,0.000000,18,1,0,,
166658,891170.000000,2019-11-20 00:00:00+03:00,0,0.000000,0,0.000000,0,0.000000,19,1,0,,
166658,891170.000000,2019-11-21 00:00:00+03:00,0,0.000000,0,0.000000,0,0.000000,13,1,0,,
166658,891170.000000,2019-11-22 00:00:00+03:00,0,0.000000,0,0.000000,0,0.000000,7,1,0,,
166658,891170.000000,2019-11-25 00:00:00+03:00,0,0.000000,0,0.000000,0,0.000000,10,1,0,,
166658,891170.000000,2019-11-26 00:00:00+03:00,0,0.000000,0,0.000000,0,0.000000,7,1,0,,
166658,891170.000000,2019-11-27 00:00:00+03:00,0,0.000000,0,0.000000,0,0.000000,19,1,0,,
166658,891170.000000,2019-11-28 00:00:00+03:00,0,0.000000,0,0.000000,0,0.000000,25,1,0,,
166658,955436.000000,2019-11-20 00:00:00+03:00,1,23.000000,0,0.000000,0,0.000000,0,1,1,0.000000,23.000000
166660,887802.000000,2019-11-05 00:00:00+03:00,0,0.000000,0,0.000000,0,0.000000,1,1,0,,
166660,887802.000000,2019-11-06 00:00:00+03:00,0,0.000000,0,0.000000,0,0.000000,2,1,0,,
166660,887802.000000,2019-11-08 00:00:00+03:00,0,0.000000,0,0.000000,0,0.000000,1,1,0,,
166660,887802.000000,2019-11-18 00:00:00+03:00,0,0.000000,0,0.000000,0,0.000000,1,1,0,,
166660,887802.000000,2019-11-20 00:00:00+03:00,0,0.000000,0,0.000000,0,0.000000,4,1,0,,
166660,887802.000000,2019-11-25 00:00:00+03:00,0,0.000000,0,0.000000,0,0.000000,14,1,0,,
166660,887802.000000,2019-11-28 00:00:00+03:00,0,0.000000,0,0.000000,0,0.000000,4,1,0,,
166660,932460.000000,2019-11-05 00:00:00+03:00,1,13.000000,0,0.000000,0,0.000000,0,1,1,0.000000,13.000000
166660,932460.000000,2019-11-06 00:00:00+03:00,2,24.000000,0,0.000000,0,0.000000,0,1,2,0.000000,12.000000
166660,932460.000000,2019-11-08 00:00:00+03:00,1,13.000000,0,0.000000,0,0.000000,0,1,1,0.000000,13.000000
166660,932460.000000,2019-11-15 00:00:00+03:00,2,24.000000,0,0.000000,0,0.000000,0,1,2,0.000000,12.000000
166660,932460.000000,2019-11-25 00:00:00+03:00,1,11.000000,0,0.000000,0,0.000000,0,1,1,0.000000,11.000000
166669,888406.000000,2019-11-16 00:00:00+03:00,0,0.000000,0,0.000000,0,0.000000,1,1,0,,
166677,890618.000000,2019-11-01 00:00:00+03:00,1,1.000000,0,0.000000,0,0.000000,0,1,1,0.000000,1.000000
166677,890618.000000,2019-11-08 00:00:00+03:00,1,1.000000,0,0.000000,0,0.000000,0,1,1,0.000000,1.000000
166677,890618.000000,2019-11-10 00:00:00+03:00,1,1.000000,0,0.000000,0,0.000000,0,1,1,0.000000,1.000000
166677,890618.000000,2019-11-11 00:00:00+03:00,1,1.000000,0,0.000000,0,0.000000,0,1,1,0.000000,1.000000
166677,890618.000000,2019-11-14 00:00:00+03:00,1,1.000000,0,0.000000,0,0.000000,0,1,1,0.000000,1.000000
166677,890618.000000,2019-11-20 00:00:00+03:00,2,2.000000,0,0.000000,0,0.000000,0,1,2,0.000000,1.000000
166677,890618.000000,2019-11-23 00:00:00+03:00,1,1.000000,0,0.000000,0,0.000000,0,1,1,0.000000,1.000000
166678,900892.000000,2019-11-02 00:00:00+03:00,4,52.000000,0,0.000000,0,0.000000,7,1,4,0.000000,13.000000
166678,900892.000000,2019-11-03 00:00:00+03:00,3,18.000000,0,0.000000,0,0.000000,9,1,3,0.000000,6.000000
166678,900892.000000,2019-11-04 00:00:00+03:00,4,23.000000,0,0.000000,0,0.000000,5,1,4,0.000000,5.750000
166678,900892.000000,2019-11-05 00:00:00+03:00,0,0.000000,0,0.000000,0,0.000000,2,1,0,,
166678,900892.000000,2019-11-06 00:00:00+03:00,19,161.000000,0,0.000000,0,0.000000,8,1,19,0.000000,8.473684
166678,900892.000000,2019-11-07 00:00:00+03:00,2,6.000000,0,0.000000,0,0.000000,2,1,2,0.000000,3.000000
166678,900892.000000,2019-11-08 00:00:00+03:00,9,59.000000,0,0.000000,0,0.000000,19,1,9,0.000000,6.555556
166678,900892.000000,2019-11-10 00:00:00+03:00,6,41.000000,0,0.000000,0,0.000000,7,1,6,0.000000,6.833333
166678,900892.000000,2019-11-11 00:00:00+03:00,0,0.000000,0,0.000000,0,0.000000,7,1,0,,
166678,900892.000000,2019-11-12 00:00:00+03:00,3,20.000000,0,0.000000,0,0.000000,8,1,3,0.000000,6.666667
166678,900892.000000,2019-11-13 00:00:00+03:00,5,32.000000,0,0.000000,0,0.000000,25,1,5,0.000000,6.400000
166678,900892.000000,2019-11-14 00:00:00+03:00,4,42.000000,0,0.000000,0,0.000000,25,1,4,0.000000,10.500000
166678,900892.000000,2019-11-15 00:00:00+03:00,7,37.000000,0,0.000000,0,0.000000,11,1,7,0.000000,5.285714
166678,900892.000000,2019-11-16 00:00:00+03:00,10,92.000000,0,0.000000,0,0.000000,10,1,10,0.000000,9.200000
166678,900892.000000,2019-11-17 00:00:00+03:00,7,67.000000,0,0.000000,0,0.000000,7,1,7,0.000000,9.571429
166678,900892.000000,2019-11-18 00:00:00+03:00,3,20.000000,0,0.000000,0,0.000000,16,1,3,0.000000,6.666667
166678,900892.000000,2019-11-19 00:00:00+03:00,14,109.000000,0,0.000000,0,0.000000,19,1,14,0.000000,7.785714
166678,900892.000000,2019-11-20 00:00:00+03:00,2,25.000000,0,0.000000,0,0.000000,12,1,2,0.000000,12.500000
166678,900892.000000,2019-11-21 00:00:00+03:00,6,63.000000,0,0.000000,0,0.000000,14,1,6,0.000000,10.500000
166678,900892.000000,2019-11-22 00:00:00+03:00,4,34.000000,0,0.000000,0,0.000000,23,1,4,0.000000,8.500000
166678,900892.000000,2019-11-24 00:00:00+03:00,5,47.000000,0,0.000000,0,0.000000,41,1,5,0.000000,9.400000
166678,900892.000000,2019-11-26 00:00:00+03:00,12,138.000000,0,0.000000,0,0.000000,9,1,12,0.000000,11.500000
166678,900892.000000,2019-11-27 00:00:00+03:00,4,20.000000,0,0.000000,0,0.000000,15,1,4,0.000000,5.000000
166678,900892.000000,2019-11-28 00:00:00+03:00,6,31.000000,0,0.000000,0,0.000000,17,1,6,0.000000,5.166667
166678,900894.000000,2019-11-01 00:00:00+03:00,3,39.000000,0,0.000000,0,0.000000,8,1,3,0.000000,13.000000
166678,900894.000000,2019-11-03 00:00:00+03:00,0,0.000000,0,0.000000,0,0.000000,1,1,0,,
166678,900894.000000,2019-11-04 00:00:00+03:00,1,12.000000,0,0.000000,0,0.000000,1,1,1,0.000000,12.000000
166678,900894.000000,2019-11-05 00:00:00+03:00,6,129.000000,0,0.000000,0,0.000000,2,1,6,0.000000,21.500000
166678,900894.000000,2019-11-07 00:00:00+03:00,4,66.000000,0,0.000000,0,0.000000,5,1,4,0.000000,16.500000
166678,900894.000000,2019-11-09 00:00:00+03:00,1,9.000000,0,0.000000,0,0.000000,5,1,1,0.000000,9.000000
166678,900894.000000,2019-11-11 00:00:00+03:00,8,132.000000,0,0.000000,0,0.000000,6,1,8,0.000000,16.500000
166678,900894.000000,2019-11-12 00:00:00+03:00,0,0.000000,0,0.000000,0,0.000000,1,1,0,,
166678,900894.000000,2019-11-13 00:00:00+03:00,2,16.000000,0,0.000000,0,0.000000,0,1,2,0.000000,8.000000
166678,900894.000000,2019-11-14 00:00:00+03:00,1,12.000000,0,0.000000,0,0.000000,0,1,1,0.000000,12.000000
166678,900894.000000,2019-11-18 00:00:00+03:00,7,85.000000,0,0.000000,0,0.000000,6,1,7,0.000000,12.142857
166678,900894.000000,2019-11-19 00:00:00+03:00,1,18.000000,0,0.000000,0,0.000000,1,1,1,0.000000,18.000000
166678,900894.000000,2019-11-20 00:00:00+03:00,0,0.000000,0,0.000000,0,0.000000,6,1,0,,
166678,900894.000000,2019-11-21 00:00:00+03:00,1,13.000000,0,0.000000,0,0.000000,1,1,1,0.000000,13.000000
166678,900894.000000,2019-11-23 00:00:00+03:00,2,36.000000,0,0.000000,0,0.000000,1,1,2,0.000000,18.000000
166678,900894.000000,2019-11-25 00:00:00+03:00,0,0.000000,1,12.000000,0,0.000000,2,1,1,1.000000,
166678,900894.000000,2019-11-26 00:00:00+03:00,4,58.000000,0,0.000000,0,0.000000,1,1,4,0.000000,14.500000
166678,900894.000000,2019-11-27 00:00:00+03:00,1,36.000000,0,0.000000,0,0.000000,0,1,1,0.000000,36.000000
166678,934608.000000,2019-11-06 00:00:00+03:00,1,12.000000,0,0.000000,0,0.000000,0,1,1,0.000000,12.000000
166678,934608.000000,2019-11-07 00:00:00+03:00,1,11.000000,0,0.000000,0,0.000000,0,1,1,0.000000,11.000000
166678,934608.000000,2019-11-13 00:00:00+03:00,2,30.000000,0,0.000000,0,0.000000,0,1,2,0.000000,15.000000
166678,934608.000000,2019-11-14 00:00:00+03:00,2,27.000000,0,0.000000,0,0.000000,0,1,2,0.000000,13.500000
166678,934608.000000,2019-11-16 00:00:00+03:00,2,27.000000,0,0.000000,0,0.000000,0,1,2,0.000000,13.500000
166678,934608.000000,2019-11-20 00:00:00+03:00,1,14.000000,0,0.000000,0,0.000000,0,1,1,0.000000,14.000000
166678,934608.000000,2019-11-21 00:00:00+03:00,1,14.000000,0,0.000000,0,0.000000,0,1,1,0.000000,14.000000
166680,915614.000000,2019-11-06 00:00:00+03:00,0,0.000000,0,0.000000,0,0.000000,12,1,0,,
166680,915614.000000,2019-11-27 00:00:00+03:00,0,0.000000,0,0.000000,0,0.000000,4,1,0,,
166680,917234.000000,2019-11-06 00:00:00+03:00,1,9.000000,0,0.000000,0,0.000000,46,1,1,0.000000,9.000000
166680,917234.000000,2019-11-07 00:00:00+03:00,0,0.000000,0,0.000000,0,0.000000,63,1,0,,
166680,917234.000000,2019-11-08 00:00:00+03:00,1,12.000000,0,0.000000,0,0.000000,94,1,1,0.000000,12.000000
166680,917234.000000,2019-11-09 00:00:00+03:00,0,0.000000,0,0.000000,0,0.000000,5,1,0,,
166680,917234.000000,2019-11-11 00:00:00+03:00,0,0.000000,0,0.000000,0,0.000000,96,1,0,,
166680,917234.000000,2019-11-12 00:00:00+03:00,0,0.000000,0,0.000000,0,0.000000,98,1,0,,
166680,917234.000000,2019-11-13 00:00:00+03:00,0,0.000000,0,0.000000,0,0.000000,18,1,0,,
166680,917234.000000,2019-11-20 00:00:00+03:00,0,0.000000,0,0.000000,0,0.000000,12,1,0,,
166680,917234.000000,2019-11-21 00:00:00+03:00,0,0.000000,0,0.000000,0,0.000000,52,1,0,,
166680,917234.000000,2019-11-22 00:00:00+03:00,0,0.000000,0,0.000000,0,0.000000,51,1,0,,
166680,917234.000000,2019-11-23 00:00:00+03:00,0,0.000000,0,0.000000,0,0.000000,5,1,0,,
166680,917234.000000,2019-11-25 00:00:00+03:00,0,0.000000,0,0.000000,0,0.000000,57,1,0,,
166680,917234.000000,2019-11-26 00:00:00+03:00,0,0.000000,0,0.000000,0,0.000000,50,1,0,,
166680,917234.000000,2019-11-27 00:00:00+03:00,1,15.000000,0,0.000000,0,0.000000,51,1,1,0.000000,15.000000
166680,917234.000000,2019-11-28 00:00:00+03:00,0,0.000000,0,0.000000,0,0.000000,50,1,0,,
166680,932498.000000,2019-11-06 00:00:00+03:00,0,0.000000,0,0.000000,0,0.000000,51,1,0,,
166680,932498.000000,2019-11-07 00:00:00+03:00,0,0.000000,0,0.000000,0,0.000000,39,1,0,,
166680,932498.000000,2019-11-08 00:00:00+03:00,0,0.000000,0,0.000000,0,0.000000,77,1,0,,
166680,932498.000000,2019-11-11 00:00:00+03:00,1,11.000000,0,0.000000,0,0.000000,76,1,1,0.000000,11.000000
166680,932498.000000,2019-11-12 00:00:00+03:00,0,0.000000,0,0.000000,0,0.000000,61,1,0,,
166680,932498.000000,2019-11-13 00:00:00+03:00,0,0.000000,0,0.000000,0,0.000000,11,1,0,,
166680,932500.000000,2019-11-06 00:00:00+03:00,0,0.000000,0,0.000000,0,0.000000,47,1,0,,
166680,932500.000000,2019-11-07 00:00:00+03:00,1,21.000000,0,0.000000,0,0.000000,56,1,1,0.000000,21.000000
166680,932500.000000,2019-11-08 00:00:00+03:00,2,40.000000,0,0.000000,0,0.000000,57,1,2,0.000000,20.000000
166680,932500.000000,2019-11-11 00:00:00+03:00,0,0.000000,0,0.000000,0,0.000000,64,1,0,,
166680,932500.000000,2019-11-12 00:00:00+03:00,0,0.000000,0,0.000000,0,0.000000,54,1,0,,
166680,932500.000000,2019-11-13 00:00:00+03:00,0,0.000000,0,0.000000,0,0.000000,56,1,0,,
166680,932500.000000,2019-11-14 00:00:00+03:00,0,0.000000,0,0.000000,0,0.000000,11,1,0,,
166680,932500.000000,2019-11-15 00:00:00+03:00,0,0.000000,0,0.000000,0,0.000000,1,1,0,,
166680,932500.000000,2019-11-20 00:00:00+03:00,0,0.000000,0,0.000000,0,0.000000,22,1,0,,
166680,932500.000000,2019-11-21 00:00:00+03:00,0,0.000000,0,0.000000,0,0.000000,54,1,0,,
166680,932500.000000,2019-11-22 00:00:00+03:00,0,0.000000,0,0.000000,0,0.000000,67,1,0,,
166680,932500.000000,2019-11-25 00:00:00+03:00,0,0.000000,0,0.000000,0,0.000000,79,1,0,,
166680,932500.000000,2019-11-26 00:00:00+03:00,0,0.000000,0,0.000000,0,0.000000,64,1,0,,
166680,932500.000000,2019-11-27 00:00:00+03:00,0,0.000000,0,0.000000,0,0.000000,69,1,0,,
166680,932500.000000,2019-11-28 00:00:00+03:00,0,0.000000,0,0.000000,0,0.000000,91,1,0,,
166680,932502.000000,2019-11-20 00:00:00+03:00,0,0.000000,0,0.000000,0,0.000000,5,1,0,,
166680,932502.000000,2019-11-21 00:00:00+03:00,0,0.000000,0,0.000000,0,0.000000,38,1,0,,
166680,932502.000000,2019-11-22 00:00:00+03:00,1,12.000000,0,0.000000,0,0.000000,46,1,1,0.000000,12.000000
166680,932502.000000,2019-11-25 00:00:00+03:00,0,0.000000,0,0.000000,0,0.000000,50,1,0,,
166680,932502.000000,2019-11-26 00:00:00+03:00,0,0.000000,0,0.000000,0,0.000000,62,1,0,,
166680,932502.000000,2019-11-27 00:00:00+03:00,1,9.000000,0,0.000000,0,0.000000,61,1,1,0.000000,9.000000
166680,932502.000000,2019-11-28 00:00:00+03:00,0,0.000000,0,0.000000,0,0.000000,62,1,0,,
166680,941628.000000,2019-11-06 00:00:00+03:00,0,0.000000,0,0.000000,0,0.000000,28,1,0,,
166680,941628.000000,2019-11-07 00:00:00+03:00,1,19.000000,0,0.000000,0,0.000000,21,1,1,0.000000,19.000000
166680,941628.000000,2019-11-08 00:00:00+03:00,0,0.000000,0,0.000000,0,0.000000,18,1,0,,
166680,941628.000000,2019-11-11 00:00:00+03:00,0,0.000000,0,0.000000,0,0.000000,48,1,0,,
166680,941628.000000,2019-11-12 00:00:00+03:00,0,0.000000,0,0.000000,0,0.000000,32,1,0,,
166680,950444.000000,2019-11-01 00:00:00+03:00,0,0.000000,0,0.000000,0,0.000000,3,1,0,,
166680,950444.000000,2019-11-05 00:00:00+03:00,0,0.000000,0,0.000000,0,0.000000,2,1,0,,
166680,950444.000000,2019-11-06 00:00:00+03:00,0,0.000000,0,0.000000,0,0.000000,1,1,0,,
166680,950444.000000,2019-11-07 00:00:00+03:00,0,0.000000,0,0.000000,0,0.000000,11,1,0,,
166680,950444.000000,2019-11-10 00:00:00+03:00,0,0.000000,0,0.000000,0,0.000000,1,1,0,,
166680,950444.000000,2019-11-12 00:00:00+03:00,0,0.000000,0,0.000000,0,0.000000,4,1,0,,
166680,950444.000000,2019-11-14 00:00:00+03:00,0,0.000000,0,0.000000,0,0.000000,11,1,0,,
166680,950444.000000,2019-11-15 00:00:00+03:00,0,0.000000,0,0.000000,0,0.000000,5,1,0,,
166680,950444.000000,2019-11-18 00:00:00+03:00,0,0.000000,0,0.000000,0,0.000000,3,1,0,,
166680,950444.000000,2019-11-19 00:00:00+03:00,0,0.000000,0,0.000000,0,0.000000,4,1,0,,
166680,950444.000000,2019-11-20 00:00:00+03:00,0,0.000000,0,0.000000,0,0.000000,7,1,0,,
166680,950444.000000,2019-11-21 00:00:00+03:00,0,0.000000,0,0.000000,0,0.000000,2,1,0,,
166680,950444.000000,2019-11-22 00:00:00+03:00,0,0.000000,0,0.000000,0,0.000000,5,1,0,,
166680,950444.000000,2019-11-25 00:00:00+03:00,0,0.000000,0,0.000000,0,0.000000,2,1,0,,
166680,950444.000000,2019-11-28 00:00:00+03:00,0,0.000000,0,0.000000,0,0.000000,4,1,0,,
166680,954642.000000,2019-11-06 00:00:00+03:00,0,0.000000,0,0.000000,0,0.000000,37,1,0,,
166680,954642.000000,2019-11-07 00:00:00+03:00,0,0.000000,0,0.000000,0,0.000000,26,1,0,,
166680,954642.000000,2019-11-21 00:00:00+03:00,0,0.000000,0,0.000000,0,0.000000,39,1,0,,
166680,954642.000000,2019-11-22 00:00:00+03:00,0,0.000000,0,0.000000,0,0.000000,66,1,0,,
166680,954642.000000,2019-11-25 00:00:00+03:00,0,0.000000,0,0.000000,0,0.000000,51,1,0,,
166680,954642.000000,2019-11-26 00:00:00+03:00,0,0.000000,0,0.000000,0,0.000000,86,1,0,,
166680,954642.000000,2019-11-27 00:00:00+03:00,0,0.000000,0,0.000000,0,0.000000,53,1,0,,
166680,954642.000000,2019-11-28 00:00:00+03:00,0,0.000000,0,0.000000,0,0.000000,59,1,0,,
166680,960294.000000,2019-11-20 00:00:00+03:00,0,0.000000,0,0.000000,0,0.000000,10,1,0,,
166680,960294.000000,2019-11-21 00:00:00+03:00,0,0.000000,0,0.000000,0,0.000000,51,1,0,,
166680,960294.000000,2019-11-22 00:00:00+03:00,0,0.000000,0,0.000000,0,0.000000,39,1,0,,
166680,960294.000000,2019-11-25 00:00:00+03:00,0,0.000000,0,0.000000,0,0.000000,43,1,0,,
166680,960294.000000,2019-11-26 00:00:00+03:00,0,0.000000,0,0.000000,0,0.000000,50,1,0,,
166680,960294.000000,2019-11-27 00:00:00+03:00,1,36.000000,0,0.000000,0,0.000000,51,1,1,0.000000,36.000000
166680,960294.000000,2019-11-28 00:00:00+03:00,0,0.000000,0,0.000000,0,0.000000,52,1,0,,
166680,960296.000000,2019-11-13 00:00:00+03:00,0,0.000000,0,0.000000,0,0.000000,1,1,0,,
166680,960296.000000,2019-11-20 00:00:00+03:00,0,0.000000,0,0.000000,0,0.000000,8,1,0,,
166680,960296.000000,2019-11-21 00:00:00+03:00,0,0.000000,0,0.000000,0,0.000000,79,1,0,,
166680,960296.000000,2019-11-22 00:00:00+03:00,1,11.000000,0,0.000000,0,0.000000,56,1,1,0.000000,11.000000
166680,960296.000000,2019-11-25 00:00:00+03:00,1,115.000000,0,0.000000,0,0.000000,57,1,1,0.000000,115.000000
166680,972408.000000,2019-11-27 00:00:00+03:00,0,0.000000,0,0.000000,0,0.000000,8,1,0,,
166680,972410.000000,2019-11-27 00:00:00+03:00,0,0.000000,0,0.000000,0,0.000000,25,1,0,,
166680,972410.000000,2019-11-28 00:00:00+03:00,0,0.000000,0,0.000000,0,0.000000,52,1,0,,
166680,972412.000000,2019-11-27 00:00:00+03:00,1,25.000000,0,0.000000,0,0.000000,26,1,1,0.000000,25.000000
166680,972412.000000,2019-11-28 00:00:00+03:00,0,0.000000,0,0.000000,0,0.000000,34,1,0,,
166688,890226.000000,2019-11-27 00:00:00+03:00,1,37.000000,0,0.000000,0,0.000000,0,1,1,0.000000,37.000000
166688,890228.000000,2019-11-01 00:00:00+03:00,0,0.000000,0,0.000000,0,0.000000,2,1,0,,
166688,890228.000000,2019-11-11 00:00:00+03:00,1,13.000000,0,0.000000,0,0.000000,1,1,1,0.000000,13.000000
166688,890228.000000,2019-11-13 00:00:00+03:00,0,0.000000,0,0.000000,0,0.000000,2,1,0,,
166688,890228.000000,2019-11-14 00:00:00+03:00,1,15.000000,1,37.000000,0,0.000000,17,1,2,0.500000,15.000000
166688,890228.000000,2019-11-15 00:00:00+03:00,0,0.000000,0,0.000000,0,0.000000,16,1,0,,
166688,890228.000000,2019-11-19 00:00:00+03:00,0,0.000000,0,0.000000,0,0.000000,4,1,0,,
166688,890228.000000,2019-11-20 00:00:00+03:00,0,0.000000,0,0.000000,0,0.000000,17,1,0,,
166688,890228.000000,2019-11-21 00:00:00+03:00,0,0.000000,0,0.000000,0,0.000000,1,1,0,,
166688,890228.000000,2019-11-22 00:00:00+03:00,0,0.000000,0,0.000000,0,0.000000,1,1,0,,
166688,890228.000000,2019-11-25 00:00:00+03:00,0,0.000000,0,0.000000,0,0.000000,2,1,0,,
166688,890228.000000,2019-11-26 00:00:00+03:00,0,0.000000,0,0.000000,0,0.000000,2,1,0,,
166688,890228.000000,2019-11-27 00:00:00+03:00,0,0.000000,0,0.000000,0,0.000000,1,1,0,,
166688,890228.000000,2019-11-28 00:00:00+03:00,0,0.000000,0,0.000000,0,0.000000,1,1,0,,
166688,965328.000000,2019-11-19 00:00:00+03:00,0,0.000000,0,0.000000,0,0.000000,0,1,0,,
166688,965328.000000,2019-11-21 00:00:00+03:00,0,0.000000,0,0.000000,0,0.000000,4,1,0,,
166688,965328.000000,2019-11-22 00:00:00+03:00,0,0.000000,0,0.000000,0,0.000000,3,1,0,,
166688,965328.000000,2019-11-25 00:00:00+03:00,0,0.000000,0,0.000000,0,0.000000,1,1,0,,
166688,965328.000000,2019-11-26 00:00:00+03:00,0,0.000000,0,0.000000,0,0.000000,7,1,0,,
166688,965328.000000,2019-11-28 00:00:00+03:00,0,0.000000,0,0.000000,0,0.000000,12,1,0,,
166691,889410.000000,2019-11-01 00:00:00+03:00,4,19.000000,0,0.000000,0,0.000000,5,1,4,0.000000,4.750000
166691,889410.000000,2019-11-02 00:00:00+03:00,0,0.000000,0,0.000000,0,0.000000,8,1,0,,
166691,889410.000000,2019-11-05 00:00:00+03:00,3,14.000000,0,0.000000,0,0.000000,31,1,3,0.000000,4.666667
166691,889410.000000,2019-11-06 00:00:00+03:00,1,4.000000,0,0.000000,0,0.000000,24,1,1,0.000000,4.000000
166691,889410.000000,2019-11-07 00:00:00+03:00,2,9.000000,0,0.000000,0,0.000000,11,1,2,0.000000,4.500000
166691,889410.000000,2019-11-08 00:00:00+03:00,2,8.000000,0,0.000000,0,0.000000,1,1,2,0.000000,4.000000
166691,889410.000000,2019-11-09 00:00:00+03:00,0,0.000000,0,0.000000,0,0.000000,2,1,0,,
166691,889410.000000,2019-11-11 00:00:00+03:00,5,28.000000,0,0.000000,0,0.000000,11,1,5,0.000000,5.600000
166691,889410.000000,2019-11-12 00:00:00+03:00,2,11.000000,0,0.000000,0,0.000000,26,1,2,0.000000,5.500000
166691,889410.000000,2019-11-13 00:00:00+03:00,7,33.000000,0,0.000000,0,0.000000,16,1,7,0.000000,4.714286
166691,889410.000000,2019-11-14 00:00:00+03:00,12,100.000000,0,0.000000,0,0.000000,16,1,12,0.000000,8.333333
166691,889410.000000,2019-11-15 00:00:00+03:00,3,16.000000,0,0.000000,0,0.000000,12,1,3,0.000000,5.333333
166691,889410.000000,2019-11-16 00:00:00+03:00,0,0.000000,0,0.000000,0,0.000000,2,1,0,,
166691,889410.000000,2019-11-18 00:00:00+03:00,5,35.000000,0,0.000000,0,0.000000,24,1,5,0.000000,7.000000
166691,889410.000000,2019-11-19 00:00:00+03:00,4,16.000000,0,0.000000,0,0.000000,19,1,4,0.000000,4.000000
166691,889410.000000,2019-11-20 00:00:00+03:00,6,28.000000,0,0.000000,0,0.000000,13,1,6,0.000000,4.666667
166691,889410.000000,2019-11-21 00:00:00+03:00,2,8.000000,0,0.000000,0,0.000000,12,1,2,0.000000,4.000000
166691,889410.000000,2019-11-22 00:00:00+03:00,6,32.000000,0,0.000000,0,0.000000,8,1,6,0.000000,5.333333
166691,889410.000000,2019-11-23 00:00:00+03:00,1,4.000000,0,0.000000,0,0.000000,2,1,1,0.000000,4.000000
166691,889410.000000,2019-11-24 00:00:00+03:00,0,0.000000,0,0.000000,0,0.000000,28,1,0,,
166691,889410.000000,2019-11-25 00:00:00+03:00,6,49.000000,0,0.000000,0,0.000000,10,1,6,0.000000,8.166667
166691,889410.000000,2019-11-26 00:00:00+03:00,5,33.000000,0,0.000000,0,0.000000,20,1,5,0.000000,6.600000
166691,889410.000000,2019-11-27 00:00:00+03:00,5,41.000000,0,0.000000,0,0.000000,14,1,5,0.000000,8.200000
166691,889410.000000,2019-11-28 00:00:00+03:00,7,28.000000,0,0.000000,0,0.000000,21,1,7,0.000000,4.000000
166691,901734.000000,2019-11-05 00:00:00+03:00,2,28.000000,0,0.000000,0,0.000000,0,1,2,0.000000,14.000000
166691,901734.000000,2019-11-06 00:00:00+03:00,7,93.000000,0,0.000000,0,0.000000,0,1,7,0.000000,13.285714
166691,901734.000000,2019-11-13 00:00:00+03:00,1,16.000000,0,0.000000,0,0.000000,0,1,1,0.000000,16.000000
166691,901734.000000,2019-11-21 00:00:00+03:00,1,10.000000,0,0.000000,0,0.000000,0,1,1,0.000000,10.000000
166691,901734.000000,2019-11-22 00:00:00+03:00,1,12.000000,0,0.000000,0,0.000000,0,1,1,0.000000,12.000000
166691,901734.000000,2019-11-27 00:00:00+03:00,1,20.000000,0,0.000000,0,0.000000,0,1,1,0.000000,20.000000
166691,901734.000000,2019-11-28 00:00:00+03:00,2,32.000000,0,0.000000,0,0.000000,0,1,2,0.000000,16.000000
166692,898892.000000,2019-11-01 00:00:00+03:00,1,14.000000,0,0.000000,0,0.000000,0,1,1,0.000000,14.000000
166692,898892.000000,2019-11-19 00:00:00+03:00,1,20.000000,0,0.000000,0,0.000000,0,1,1,0.000000,20.000000
166697,891646.000000,2019-11-06 00:00:00+03:00,1,11.000000,0,0.000000,0,0.000000,0,1,1,0.000000,11.000000
166697,891646.000000,2019-11-15 00:00:00+03:00,1,11.000000,0,0.000000,0,0.000000,0,1,1,0.000000,11.000000
166708,899082.000000,2019-11-01 00:00:00+03:00,5,77.000000,0,0.000000,0,0.000000,18,1,5,0.000000,15.400000
166708,899082.000000,2019-11-02 00:00:00+03:00,4,60.000000,0,0.000000,0,0.000000,30,1,4,0.000000,15.000000
166708,899082.000000,2019-11-04 00:00:00+03:00,8,170.000000,0,0.000000,0,0.000000,22,1,8,0.000000,21.250000
166708,899082.000000,2019-11-05 00:00:00+03:00,13,306.000000,0,0.000000,0,0.000000,37,1,13,0.000000,23.538462
166708,899082.000000,2019-11-06 00:00:00+03:00,9,141.000000,0,0.000000,0,0.000000,26,1,9,0.000000,15.666667
166708,899082.000000,2019-11-07 00:00:00+03:00,17,306.000000,0,0.000000,0,0.000000,39,1,17,0.000000,18.000000
166708,899082.000000,2019-11-08 00:00:00+03:00,5,108.000000,0,0.000000,0,0.000000,22,1,5,0.000000,21.600000
166708,899082.000000,2019-11-09 00:00:00+03:00,11,294.000000,0,0.000000,0,0.000000,28,1,11,0.000000,26.727273
166708,899082.000000,2019-11-11 00:00:00+03:00,17,322.000000,0,0.000000,0,0.000000,22,1,17,0.000000,18.941176
166708,899082.000000,2019-11-12 00:00:00+03:00,10,317.000000,0,0.000000,0,0.000000,72,1,10,0.000000,31.700000
166708,899082.000000,2019-11-13 00:00:00+03:00,10,196.000000,0,0.000000,0,0.000000,39,1,10,0.000000,19.600000
166708,899082.000000,2019-11-14 00:00:00+03:00,8,284.000000,0,0.000000,0,0.000000,49,1,8,0.000000,35.500000
166708,899082.000000,2019-11-15 00:00:00+03:00,8,190.000000,0,0.000000,0,0.000000,12,1,8,0.000000,23.750000
166708,899082.000000,2019-11-16 00:00:00+03:00,2,30.000000,0,0.000000,0,0.000000,12,1,2,0.000000,15.000000
166708,899082.000000,2019-11-18 00:00:00+03:00,15,337.000000,0,0.000000,0,0.000000,29,1,15,0.000000,22.466667
166708,899082.000000,2019-11-19 00:00:00+03:00,15,360.000000,0,0.000000,0,0.000000,29,1,15,0.000000,24.000000
166708,899082.000000,2019-11-20 00:00:00+03:00,10,199.000000,0,0.000000,0,0.000000,25,1,10,0.000000,19.900000
166708,899082.000000,2019-11-21 00:00:00+03:00,23,579.000000,0,0.000000,0,0.000000,37,1,23,0.000000,25.173913
166708,899082.000000,2019-11-22 00:00:00+03:00,12,325.000000,0,0.000000,0,0.000000,18,1,12,0.000000,27.083333
166708,899082.000000,2019-11-23 00:00:00+03:00,8,208.000000,0,0.000000,0,0.000000,31,1,8,0.000000,26.000000
166708,899082.000000,2019-11-25 00:00:00+03:00,16,246.000000,0,0.000000,0,0.000000,22,1,16,0.000000,15.375000
166708,899082.000000,2019-11-26 00:00:00+03:00,9,146.000000,0,0.000000,0,0.000000,32,1,9,0.000000,16.222222
166708,899082.000000,2019-11-27 00:00:00+03:00,8,192.000000,0,0.000000,0,0.000000,30,1,8,0.000000,24.000000
166708,899082.000000,2019-11-28 00:00:00+03:00,13,319.000000,0,0.000000,0,0.000000,43,1,13,0.000000,24.538462
166711,891254.000000,2019-11-22 00:00:00+03:00,2,52.000000,0,0.000000,0,0.000000,0,1,2,0.000000,26.000000
166713,891908.000000,2019-11-05 00:00:00+03:00,1,4.000000,0,0.000000,0,0.000000,0,1,1,0.000000,4.000000
166713,891908.000000,2019-11-06 00:00:00+03:00,4,29.000000,0,0.000000,0,0.000000,0,1,4,0.000000,7.250000
166713,891908.000000,2019-11-07 00:00:00+03:00,1,5.000000,0,0.000000,0,0.000000,0,1,1,0.000000,5.000000
166713,891908.000000,2019-11-08 00:00:00+03:00,2,20.000000,0,0.000000,0,0.000000,0,1,2,0.000000,10.000000
166713,891908.000000,2019-11-14 00:00:00+03:00,1,4.000000,0,0.000000,0,0.000000,0,1,1,0.000000,4.000000
166713,891908.000000,2019-11-15 00:00:00+03:00,2,22.000000,0,0.000000,0,0.000000,0,1,2,0.000000,11.000000
166713,891908.000000,2019-11-16 00:00:00+03:00,0,0.000000,0,0.000000,0,0.000000,5,1,0,,
166713,891908.000000,2019-11-17 00:00:00+03:00,1,26.000000,0,0.000000,0,0.000000,0,1,1,0.000000,26.000000
166713,891908.000000,2019-11-21 00:00:00+03:00,1,4.000000,0,0.000000,0,0.000000,0,1,1,0.000000,4.000000
166713,891908.000000,2019-11-23 00:00:00+03:00,1,10.000000,0,0.000000,0,0.000000,0,1,1,0.000000,10.000000
166713,891908.000000,2019-11-26 00:00:00+03:00,1,7.000000,0,0.000000,0,0.000000,0,1,1,0.000000,7.000000
166713,891908.000000,2019-11-27 00:00:00+03:00,1,12.000000,0,0.000000,0,0.000000,0,1,1,0.000000,12.000000
166713,891918.000000,2019-11-06 00:00:00+03:00,1,26.000000,0,0.000000,0,0.000000,0,1,1,0.000000,26.000000
166717,891988.000000,2019-11-01 00:00:00+03:00,3,22.000000,0,0.000000,0,0.000000,0,1,3,0.000000,7.333333
166717,891988.000000,2019-11-05 00:00:00+03:00,9,74.000000,0,0.000000,0,0.000000,13,1,9,0.000000,8.222222
166717,891988.000000,2019-11-06 00:00:00+03:00,4,40.000000,0,0.000000,0,0.000000,7,1,4,0.000000,10.000000
166717,891988.000000,2019-11-07 00:00:00+03:00,5,56.000000,0,0.000000,0,0.000000,3,1,5,0.000000,11.200000
166717,891988.000000,2019-11-08 00:00:00+03:00,9,55.000000,0,0.000000,0,0.000000,11,1,9,0.000000,6.111111
166717,891988.000000,2019-11-11 00:00:00+03:00,4,20.000000,0,0.000000,0,0.000000,4,1,4,0.000000,5.000000
166717,891988.000000,2019-11-12 00:00:00+03:00,9,109.000000,0,0.000000,0,0.000000,3,1,9,0.000000,12.111111
166717,891988.000000,2019-11-13 00:00:00+03:00,6,47.000000,0,0.000000,0,0.000000,2,1,6,0.000000,7.833333
166717,891988.000000,2019-11-19 00:00:00+03:00,5,47.000000,0,0.000000,0,0.000000,6,1,5,0.000000,9.400000
166717,891988.000000,2019-11-20 00:00:00+03:00,6,42.000000,0,0.000000,0,0.000000,10,1,6,0.000000,7.000000
166717,891988.000000,2019-11-21 00:00:00+03:00,8,65.000000,0,0.000000,0,0.000000,12,1,8,0.000000,8.125000
166717,891988.000000,2019-11-22 00:00:00+03:00,6,40.000000,0,0.000000,0,0.000000,2,1,6,0.000000,6.666667
166717,891988.000000,2019-11-25 00:00:00+03:00,12,76.000000,0,0.000000,0,0.000000,6,1,12,0.000000,6.333333
166717,891988.000000,2019-11-26 00:00:00+03:00,11,86.000000,0,0.000000,0,0.000000,4,1,11,0.000000,7.818182
166717,891988.000000,2019-11-27 00:00:00+03:00,9,67.000000,0,0.000000,0,0.000000,4,1,9,0.000000,7.444444
166717,891988.000000,2019-11-28 00:00:00+03:00,13,100.000000,0,0.000000,0,0.000000,6,1,13,0.000000,7.692308
166725,889754.000000,2019-11-01 00:00:00+03:00,12,81.000000,0,0.000000,0,0.000000,77,1,12,0.000000,6.750000
166725,889754.000000,2019-11-05 00:00:00+03:00,13,83.000000,0,0.000000,0,0.000000,108,1,13,0.000000,6.384615
166725,889754.000000,2019-11-06 00:00:00+03:00,7,80.000000,0,0.000000,0,0.000000,21,1,7,0.000000,11.428571
166725,889754.000000,2019-11-07 00:00:00+03:00,7,65.000000,0,0.000000,0,0.000000,9,1,7,0.000000,9.285714
166725,889754.000000,2019-11-08 00:00:00+03:00,6,37.000000,0,0.000000,0,0.000000,92,1,6,0.000000,6.166667
166725,889754.000000,2019-11-11 00:00:00+03:00,6,45.000000,0,0.000000,0,0.000000,5,1,6,0.000000,7.500000
166725,889754.000000,2019-11-12 00:00:00+03:00,11,100.000000,0,0.000000,0,0.000000,82,1,11,0.000000,9.090909
166725,889754.000000,2019-11-13 00:00:00+03:00,11,89.000000,0,0.000000,0,0.000000,17,1,11,0.000000,8.090909
166725,889754.000000,2019-11-14 00:00:00+03:00,7,41.000000,1,10.000000,0,0.000000,35,1,8,0.125000,5.857143
166725,889754.000000,2019-11-15 00:00:00+03:00,4,29.000000,0,0.000000,0,0.000000,5,1,4,0.000000,7.250000
166725,889754.000000,2019-11-18 00:00:00+03:00,12,89.000000,0,0.000000,0,0.000000,6,1,12,0.000000,7.416667
166725,889754.000000,2019-11-19 00:00:00+03:00,11,79.000000,0,0.000000,0,0.000000,15,1,11,0.000000,7.181818
166725,889754.000000,2019-11-20 00:00:00+03:00,8,53.000000,0,0.000000,0,0.000000,17,1,8,0.000000,6.625000
166725,889754.000000,2019-11-21 00:00:00+03:00,4,27.000000,0,0.000000,0,0.000000,19,1,4,0.000000,6.750000
166725,889754.000000,2019-11-22 00:00:00+03:00,4,36.000000,0,0.000000,0,0.000000,3,1,4,0.000000,9.000000
166725,889754.000000,2019-11-23 00:00:00+03:00,3,20.000000,0,0.000000,0,0.000000,5,1,3,0.000000,6.666667
166725,889754.000000,2019-11-25 00:00:00+03:00,12,98.000000,0,0.000000,0,0.000000,5,1,12,0.000000,8.166667
166725,889754.000000,2019-11-26 00:00:00+03:00,7,57.000000,0,0.000000,0,0.000000,26,1,7,0.000000,8.142857
166725,889754.000000,2019-11-27 00:00:00+03:00,20,143.000000,0,0.000000,0,0.000000,17,1,20,0.000000,7.150000
166725,889754.000000,2019-11-28 00:00:00+03:00,15,98.000000,0,0.000000,0,0.000000,11,1,15,0.000000,6.533333
166732,894224.000000,2019-11-01 00:00:00+03:00,0,0.000000,0,0.000000,0,0.000000,0,1,0,,
166732,894224.000000,2019-11-05 00:00:00+03:00,4,20.000000,0,0.000000,0,0.000000,0,1,4,0.000000,5.000000
166732,894224.000000,2019-11-21 00:00:00+03:00,1,6.000000,0,0.000000,0,0.000000,0,1,1,0.000000,6.000000
166732,894224.000000,2019-11-26 00:00:00+03:00,1,4.000000,0,0.000000,0,0.000000,0,1,1,0.000000,4.000000
166732,894224.000000,2019-11-27 00:00:00+03:00,2,14.000000,1,246.000000,0,0.000000,0,1,3,0.333333,7.000000
166732,894224.000000,2019-11-28 00:00:00+03:00,3,32.000000,0,0.000000,0,0.000000,0,1,3,0.000000,10.666667
166732,894230.000000,2019-11-01 00:00:00+03:00,0,0.000000,0,0.000000,0,0.000000,0,1,0,,
166732,894230.000000,2019-11-05 00:00:00+03:00,3,46.000000,0,0.000000,0,0.000000,1,1,3,0.000000,15.333333
166732,894230.000000,2019-11-19 00:00:00+03:00,0,0.000000,0,0.000000,0,0.000000,0,1,0,,
166732,894230.000000,2019-11-21 00:00:00+03:00,2,45.000000,0,0.000000,0,0.000000,0,1,2,0.000000,22.500000
166732,894230.000000,2019-11-27 00:00:00+03:00,0,0.000000,1,111.000000,0,0.000000,0,1,1,1.000000,
166732,894230.000000,2019-11-28 00:00:00+03:00,0,0.000000,0,0.000000,0,0.000000,0,1,0,,
166774,891824.000000,2019-11-05 00:00:00+03:00,0,0.000000,0,0.000000,0,0.000000,4,1,0,,
166774,891824.000000,2019-11-07 00:00:00+03:00,0,0.000000,0,0.000000,0,0.000000,1,1,0,,
166774,891824.000000,2019-11-09 00:00:00+03:00,0,0.000000,0,0.000000,0,0.000000,1,1,0,,
166774,891824.000000,2019-11-19 00:00:00+03:00,1,19.000000,0,0.000000,0,0.000000,0,1,1,0.000000,19.000000
166774,891824.000000,2019-11-25 00:00:00+03:00,1,19.000000,0,0.000000,0,0.000000,0,1,1,0.000000,19.000000
166782,893804.000000,2019-11-01 00:00:00+03:00,37,272.000000,1,12.000000,0,0.000000,30,1,38,0.026316,7.351351
166782,893804.000000,2019-11-02 00:00:00+03:00,25,103.000000,0,0.000000,0,0.000000,5,1,25,0.000000,4.120000
166782,893804.000000,2019-11-03 00:00:00+03:00,28,192.000000,0,0.000000,0,0.000000,84,1,28,0.000000,6.857143
166782,893804.000000,2019-11-04 00:00:00+03:00,23,103.000000,0,0.000000,0,0.000000,63,1,23,0.000000,4.478261
166782,893804.000000,2019-11-05 00:00:00+03:00,42,281.000000,0,0.000000,0,0.000000,68,1,42,0.000000,6.690476
166782,893804.000000,2019-11-06 00:00:00+03:00,66,308.000000,0,0.000000,0,0.000000,143,1,66,0.000000,4.666667
166782,893804.000000,2019-11-07 00:00:00+03:00,47,216.000000,0,0.000000,0,0.000000,57,1,47,0.000000,4.595745
166782,893804.000000,2019-11-08 00:00:00+03:00,68,284.000000,0,0.000000,0,0.000000,89,1,68,0.000000,4.176471
166782,893804.000000,2019-11-09 00:00:00+03:00,10,50.000000,0,0.000000,0,0.000000,5,1,10,0.000000,5.000000
166782,893804.000000,2019-11-10 00:00:00+03:00,22,155.000000,0,0.000000,0,0.000000,23,1,22,0.000000,7.045455
166782,893804.000000,2019-11-11 00:00:00+03:00,39,132.000000,0,0.000000,0,0.000000,30,1,39,0.000000,3.384615
166782,893804.000000,2019-11-12 00:00:00+03:00,39,206.000000,0,0.000000,0,0.000000,27,1,39,0.000000,5.282051
166782,893804.000000,2019-11-13 00:00:00+03:00,30,124.000000,0,0.000000,0,0.000000,45,1,30,0.000000,4.133333
166782,893804.000000,2019-11-14 00:00:00+03:00,36,168.000000,0,0.000000,0,0.000000,65,1,36,0.000000,4.666667
166782,893804.000000,2019-11-15 00:00:00+03:00,35,169.000000,0,0.000000,0,0.000000,39,1,35,0.000000,4.828571
166782,893804.000000,2019-11-16 00:00:00+03:00,20,96.000000,0,0.000000,0,0.000000,19,1,20,0.000000,4.800000
166782,893804.000000,2019-11-17 00:00:00+03:00,16,72.000000,0,0.000000,0,0.000000,30,1,16,0.000000,4.500000
166782,893804.000000,2019-11-18 00:00:00+03:00,29,157.000000,1,9.000000,0,0.000000,24,1,30,0.033333,5.413793
166782,893804.000000,2019-11-19 00:00:00+03:00,39,182.000000,0,0.000000,0,0.000000,11,1,39,0.000000,4.666667
166782,893804.000000,2019-11-20 00:00:00+03:00,32,204.000000,0,0.000000,0,0.000000,19,1,32,0.000000,6.375000
166782,893804.000000,2019-11-21 00:00:00+03:00,36,267.000000,0,0.000000,0,0.000000,45,1,36,0.000000,7.416667
166782,893804.000000,2019-11-22 00:00:00+03:00,39,213.000000,0,0.000000,0,0.000000,31,1,39,0.000000,5.461538
166782,893804.000000,2019-11-23 00:00:00+03:00,22,135.000000,1,8.000000,0,0.000000,26,1,23,0.043478,6.136364
166782,893804.000000,2019-11-24 00:00:00+03:00,11,87.000000,0,0.000000,0,0.000000,51,1,11,0.000000,7.909091
166782,893804.000000,2019-11-25 00:00:00+03:00,48,213.000000,0,0.000000,0,0.000000,23,1,48,0.000000,4.437500
166782,893804.000000,2019-11-26 00:00:00+03:00,38,214.000000,0,0.000000,0,0.000000,70,1,38,0.000000,5.631579
166782,893804.000000,2019-11-27 00:00:00+03:00,25,151.000000,0,0.000000,0,0.000000,56,1,25,0.000000,6.040000
166782,893804.000000,2019-11-28 00:00:00+03:00,44,171.000000,0,0.000000,0,0.000000,48,1,44,0.000000,3.886364
166782,899250.000000,2019-11-01 00:00:00+03:00,0,0.000000,0,0.000000,0,0.000000,14,1,0,,
166782,899250.000000,2019-11-02 00:00:00+03:00,0,0.000000,0,0.000000,0,0.000000,1,1,0,,
166782,899250.000000,2019-11-03 00:00:00+03:00,5,110.000000,0,0.000000,0,0.000000,1,1,5,0.000000,22.000000
166782,899250.000000,2019-11-04 00:00:00+03:00,3,33.000000,0,0.000000,0,0.000000,13,1,3,0.000000,11.000000
166782,899250.000000,2019-11-05 00:00:00+03:00,8,111.000000,0,0.000000,0,0.000000,0,1,8,0.000000,13.875000
166782,899250.000000,2019-11-06 00:00:00+03:00,10,185.000000,0,0.000000,0,0.000000,12,1,10,0.000000,18.500000
166782,899250.000000,2019-11-07 00:00:00+03:00,1,11.000000,0,0.000000,0,0.000000,7,1,1,0.000000,11.000000
166782,899250.000000,2019-11-08 00:00:00+03:00,3,47.000000,0,0.000000,0,0.000000,0,1,3,0.000000,15.666667
166782,899250.000000,2019-11-09 00:00:00+03:00,0,0.000000,0,0.000000,0,0.000000,7,1,0,,
166782,899250.000000,2019-11-10 00:00:00+03:00,1,27.000000,0,0.000000,0,0.000000,32,1,1,0.000000,27.000000
166782,899250.000000,2019-11-11 00:00:00+03:00,3,16.000000,0,0.000000,0,0.000000,39,1,3,0.000000,5.333333
166782,899250.000000,2019-11-12 00:00:00+03:00,2,17.000000,0,0.000000,0,0.000000,43,1,2,0.000000,8.500000
166782,899250.000000,2019-11-13 00:00:00+03:00,4,108.000000,0,0.000000,0,0.000000,42,1,4,0.000000,27.000000
166782,899250.000000,2019-11-14 00:00:00+03:00,7,80.000000,0,0.000000,0,0.000000,7,1,7,0.000000,11.428571
166782,899250.000000,2019-11-15 00:00:00+03:00,1,6.000000,0,0.000000,0,0.000000,5,1,1,0.000000,6.000000
166782,899250.000000,2019-11-16 00:00:00+03:00,1,7.000000,0,0.000000,0,0.000000,2,1,1,0.000000,7.000000
166782,899250.000000,2019-11-17 00:00:00+03:00,1,12.000000,0,0.000000,0,0.000000,0,1,1,0.000000,12.000000
166782,899250.000000,2019-11-18 00:00:00+03:00,3,150.000000,0,0.000000,0,0.000000,4,1,3,0.000000,50.000000
166782,899250.000000,2019-11-19 00:00:00+03:00,1,5.000000,0,0.000000,0,0.000000,23,1,1,0.000000,5.000000
166782,899250.000000,2019-11-20 00:00:00+03:00,3,93.000000,0,0.000000,0,0.000000,24,1,3,0.000000,31.000000
166782,899250.000000,2019-11-21 00:00:00+03:00,2,53.000000,0,0.000000,0,0.000000,3,1,2,0.000000,26.500000
166782,899250.000000,2019-11-22 00:00:00+03:00,4,37.000000,0,0.000000,0,0.000000,11,1,4,0.000000,9.250000
166782,899250.000000,2019-11-23 00:00:00+03:00,1,27.000000,0,0.000000,0,0.000000,3,1,1,0.000000,27.000000
166782,899250.000000,2019-11-24 00:00:00+03:00,2,21.000000,0,0.000000,0,0.000000,7,1,2,0.000000,10.500000
166782,899250.000000,2019-11-25 00:00:00+03:00,2,20.000000,0,0.000000,0,0.000000,24,1,2,0.000000,10.000000
166782,899250.000000,2019-11-26 00:00:00+03:00,4,32.000000,0,0.000000,0,0.000000,2,1,4,0.000000,8.000000
166782,899250.000000,2019-11-27 00:00:00+03:00,2,17.000000,0,0.000000,0,0.000000,1,1,2,0.000000,8.500000
166782,899250.000000,2019-11-28 00:00:00+03:00,4,78.000000,0,0.000000,0,0.000000,0,1,4,0.000000,19.500000
166782,900180.000000,2019-11-01 00:00:00+03:00,0,0.000000,0,0.000000,0,0.000000,90,1,0,,
166782,900180.000000,2019-11-02 00:00:00+03:00,0,0.000000,0,0.000000,0,0.000000,97,1,0,,
166782,900180.000000,2019-11-07 00:00:00+03:00,0,0.000000,0,0.000000,0,0.000000,144,1,0,,
166782,900180.000000,2019-11-08 00:00:00+03:00,0,0.000000,0,0.000000,0,0.000000,76,1,0,,
166782,900180.000000,2019-11-11 00:00:00+03:00,0,0.000000,0,0.000000,0,0.000000,1,1,0,,
166782,900180.000000,2019-11-13 00:00:00+03:00,0,0.000000,0,0.000000,0,0.000000,52,1,0,,
166782,900180.000000,2019-11-15 00:00:00+03:00,0,0.000000,0,0.000000,0,0.000000,22,1,0,,
166782,900180.000000,2019-11-18 00:00:00+03:00,0,0.000000,0,0.000000,0,0.000000,60,1,0,,
166782,900180.000000,2019-11-19 00:00:00+03:00,0,0.000000,0,0.000000,0,0.000000,12,1,0,,
166782,900180.000000,2019-11-20 00:00:00+03:00,0,0.000000,0,0.000000,0,0.000000,34,1,0,,
166782,900180.000000,2019-11-21 00:00:00+03:00,0,0.000000,0,0.000000,0,0.000000,13,1,0,,
166782,900180.000000,2019-11-22 00:00:00+03:00,0,0.000000,0,0.000000,0,0.000000,4,1,0,,
166782,900180.000000,2019-11-25 00:00:00+03:00,0,0.000000,0,0.000000,0,0.000000,67,1,0,,
166782,900180.000000,2019-11-26 00:00:00+03:00,0,0.000000,0,0.000000,0,0.000000,34,1,0,,
166782,900180.000000,2019-11-27 00:00:00+03:00,0,0.000000,0,0.000000,0,0.000000,25,1,0,,
166782,919994.000000,2019-11-05 00:00:00+03:00,2,42.000000,0,0.000000,0,0.000000,0,1,2,0.000000,21.000000
166782,919994.000000,2019-11-06 00:00:00+03:00,1,31.000000,0,0.000000,0,0.000000,0,1,1,0.000000,31.000000
166782,919994.000000,2019-11-07 00:00:00+03:00,2,124.000000,0,0.000000,0,0.000000,0,1,2,0.000000,62.000000
166782,919994.000000,2019-11-08 00:00:00+03:00,1,63.000000,0,0.000000,0,0.000000,0,1,1,0.000000,63.000000
166782,919994.000000,2019-11-09 00:00:00+03:00,2,51.000000,0,0.000000,0,0.000000,0,1,2,0.000000,25.500000
166782,919994.000000,2019-11-26 00:00:00+03:00,1,19.000000,0,0.000000,0,0.000000,0,1,1,0.000000,19.000000
166800,892530.000000,2019-11-05 00:00:00+03:00,4,120.000000,0,0.000000,0,0.000000,3,1,4,0.000000,30.000000
166800,892530.000000,2019-11-06 00:00:00+03:00,2,74.000000,0,0.000000,0,0.000000,2,1,2,0.000000,37.000000
166800,892530.000000,2019-11-07 00:00:00+03:00,1,34.000000,0,0.000000,0,0.000000,0,1,1,0.000000,34.000000
166800,892530.000000,2019-11-20 00:00:00+03:00,0,0.000000,0,0.000000,0,0.000000,1,1,0,,
166800,892530.000000,2019-11-21 00:00:00+03:00,1,33.000000,0,0.000000,0,0.000000,0,1,1,0.000000,33.000000
166800,892532.000000,2019-11-01 00:00:00+03:00,4,112.000000,0,0.000000,0,0.000000,5,1,4,0.000000,28.000000
166800,892532.000000,2019-11-05 00:00:00+03:00,3,88.000000,0,0.000000,0,0.000000,5,1,3,0.000000,29.333333
166800,892532.000000,2019-11-12 00:00:00+03:00,1,34.000000,0,0.000000,0,0.000000,1,1,1,0.000000,34.000000
166800,892532.000000,2019-11-15 00:00:00+03:00,0,0.000000,0,0.000000,0,0.000000,1,1,0,,
166800,892532.000000,2019-11-18 00:00:00+03:00,1,30.000000,0,0.000000,0,0.000000,3,1,1,0.000000,30.000000
166800,892532.000000,2019-11-19 00:00:00+03:00,2,62.000000,0,0.000000,0,0.000000,0,1,2,0.000000,31.000000
166800,892532.000000,2019-11-20 00:00:00+03:00,3,86.000000,0,0.000000,0,0.000000,1,1,3,0.000000,28.666667
166800,892532.000000,2019-11-21 00:00:00+03:00,1,39.000000,0,0.000000,0,0.000000,1,1,1,0.000000,39.000000
166800,892532.000000,2019-11-22 00:00:00+03:00,0,0.000000,0,0.000000,0,0.000000,1,1,0,,
166800,892532.000000,2019-11-25 00:00:00+03:00,2,60.000000,0,0.000000,0,0.000000,6,1,2,0.000000,30.000000
166800,892532.000000,2019-11-27 00:00:00+03:00,1,34.000000,0,0.000000,0,0.000000,4,1,1,0.000000,34.000000
166800,892532.000000,2019-11-28 00:00:00+03:00,4,99.000000,0,0.000000,0,0.000000,7,1,4,0.000000,24.750000
166800,892536.000000,2019-11-11 00:00:00+03:00,0,0.000000,0,0.000000,0,0.000000,1,1,0,,
166800,892536.000000,2019-11-12 00:00:00+03:00,0,0.000000,0,0.000000,0,0.000000,1,1,0,,
166800,892536.000000,2019-11-15 00:00:00+03:00,0,0.000000,0,0.000000,0,0.000000,1,1,0,,
166800,892536.000000,2019-11-28 00:00:00+03:00,0,0.000000,0,0.000000,0,0.000000,8,1,0,,
166803,891946.000000,2019-11-05 00:00:00+03:00,0,0.000000,0,0.000000,0,0.000000,0,1,0,,
166812,900594.000000,2019-11-01 00:00:00+03:00,1,10.000000,0,0.000000,0,0.000000,3,1,1,0.000000,10.000000
166812,900594.000000,2019-11-04 00:00:00+03:00,0,0.000000,0,0.000000,0,0.000000,1,1,0,,
166812,900594.000000,2019-11-05 00:00:00+03:00,0,0.000000,0,0.000000,0,0.000000,10,1,0,,
166812,900594.000000,2019-11-11 00:00:00+03:00,0,0.000000,0,0.000000,0,0.000000,7,1,0,,
166812,900594.000000,2019-11-12 00:00:00+03:00,0,0.000000,0,0.000000,0,0.000000,1,1,0,,
166812,900594.000000,2019-11-13 00:00:00+03:00,1,10.000000,0,0.000000,0,0.000000,3,1,1,0.000000,10.000000
166812,900594.000000,2019-11-14 00:00:00+03:00,0,0.000000,0,0.000000,0,0.000000,1,1,0,,
166812,900594.000000,2019-11-19 00:00:00+03:00,0,0.000000,0,0.000000,0,0.000000,8,1,0,,
166812,900594.000000,2019-11-20 00:00:00+03:00,0,0.000000,0,0.000000,0,0.000000,10,1,0,,
166812,900594.000000,2019-11-21 00:00:00+03:00,0,0.000000,0,0.000000,0,0.000000,1,1,0,,
166812,900594.000000,2019-11-22 00:00:00+03:00,0,0.000000,0,0.000000,0,0.000000,7,1,0,,
166812,900594.000000,2019-11-25 00:00:00+03:00,1,17.000000,0,0.000000,0,0.000000,5,1,1,0.000000,17.000000
166812,900594.000000,2019-11-26 00:00:00+03:00,1,19.000000,0,0.000000,0,0.000000,10,1,1,0.000000,19.000000
166812,900594.000000,2019-11-27 00:00:00+03:00,0,0.000000,0,0.000000,0,0.000000,5,1,0,,
166812,900594.000000,2019-11-28 00:00:00+03:00,5,28.000000,0,0.000000,0,0.000000,19,1,5,0.000000,5.600000
166813,900614.000000,2019-11-05 00:00:00+03:00,1,3.000000,0,0.000000,0,0.000000,0,1,1,0.000000,3.000000
166813,900614.000000,2019-11-06 00:00:00+03:00,1,6.000000,0,0.000000,0,0.000000,2,1,1,0.000000,6.000000
166813,954318.000000,2019-11-05 00:00:00+03:00,1,4.000000,0,0.000000,0,0.000000,0,1,1,0.000000,4.000000
166813,954318.000000,2019-11-19 00:00:00+03:00,0,0.000000,0,0.000000,0,0.000000,1,1,0,,
166813,954616.000000,2019-11-05 00:00:00+03:00,1,6.000000,0,0.000000,0,0.000000,0,1,1,0.000000,6.000000
166813,954616.000000,2019-11-08 00:00:00+03:00,2,15.000000,0,0.000000,0,0.000000,0,1,2,0.000000,7.500000
166813,954616.000000,2019-11-12 00:00:00+03:00,1,7.000000,0,0.000000,0,0.000000,0,1,1,0.000000,7.000000
166813,954616.000000,2019-11-15 00:00:00+03:00,1,4.000000,0,0.000000,0,0.000000,0,1,1,0.000000,4.000000
166813,954616.000000,2019-11-18 00:00:00+03:00,1,6.000000,0,0.000000,0,0.000000,0,1,1,0.000000,6.000000
166813,954616.000000,2019-11-28 00:00:00+03:00,1,8.000000,0,0.000000,0,0.000000,0,1,1,0.000000,8.000000
166813,955820.000000,2019-11-06 00:00:00+03:00,0,0.000000,0,0.000000,0,0.000000,1,1,0,,
166813,955820.000000,2019-11-14 00:00:00+03:00,0,0.000000,0,0.000000,0,0.000000,1,1,0,,
166813,955820.000000,2019-11-19 00:00:00+03:00,0,0.000000,0,0.000000,0,0.000000,2,1,0,,
166813,955820.000000,2019-11-21 00:00:00+03:00,0,0.000000,0,0.000000,0,0.000000,4,1,0,,
166813,955820.000000,2019-11-28 00:00:00+03:00,0,0.000000,0,0.000000,0,0.000000,1,1,0,,
166833,903254.000000,2019-11-01 00:00:00+03:00,2,44.000000,0,0.000000,0,0.000000,1,1,2,0.000000,22.000000
166833,903254.000000,2019-11-02 00:00:00+03:00,1,19.000000,0,0.000000,0,0.000000,2,1,1,0.000000,19.000000
166833,903254.000000,2019-11-03 00:00:00+03:00,4,55.000000,0,0.000000,0,0.000000,16,1,4,0.000000,13.750000
166833,903254.000000,2019-11-04 00:00:00+03:00,8,107.000000,0,0.000000,0,0.000000,16,1,8,0.000000,13.375000
166833,903254.000000,2019-11-05 00:00:00+03:00,3,58.000000,0,0.000000,0,0.000000,18,1,3,0.000000,19.333333
166833,903254.000000,2019-11-06 00:00:00+03:00,5,83.000000,0,0.000000,0,0.000000,17,1,5,0.000000,16.600000
166833,903254.000000,2019-11-07 00:00:00+03:00,4,91.000000,0,0.000000,0,0.000000,18,1,4,0.000000,22.750000
166833,903254.000000,2019-11-08 00:00:00+03:00,2,42.000000,0,0.000000,0,0.000000,9,1,2,0.000000,21.000000
166833,903254.000000,2019-11-09 00:00:00+03:00,1,24.000000,0,0.000000,0,0.000000,1,1,1,0.000000,24.000000
166833,903254.000000,2019-11-11 00:00:00+03:00,1,14.000000,0,0.000000,0,0.000000,26,1,1,0.000000,14.000000
166833,903254.000000,2019-11-12 00:00:00+03:00,8,144.000000,0,0.000000,0,0.000000,52,1,8,0.000000,18.000000
166833,903254.000000,2019-11-13 00:00:00+03:00,1,19.000000,0,0.000000,0,0.000000,26,1,1,0.000000,19.000000
166833,903254.000000,2019-11-14 00:00:00+03:00,1,16.000000,0,0.000000,0,0.000000,14,1,1,0.000000,16.000000
166833,903254.000000,2019-11-15 00:00:00+03:00,0,0.000000,0,0.000000,0,0.000000,11,1,0,,
166833,903254.000000,2019-11-16 00:00:00+03:00,3,41.000000,0,0.000000,0,0.000000,4,1,3,0.000000,13.666667
166833,903254.000000,2019-11-17 00:00:00+03:00,1,12.000000,0,0.000000,0,0.000000,9,1,1,0.000000,12.000000
166833,903254.000000,2019-11-18 00:00:00+03:00,8,122.000000,0,0.000000,0,0.000000,37,1,8,0.000000,15.250000
166833,903254.000000,2019-11-19 00:00:00+03:00,3,65.000000,0,0.000000,0,0.000000,17,1,3,0.000000,21.666667
166833,903254.000000,2019-11-20 00:00:00+03:00,4,56.000000,0,0.000000,0,0.000000,47,1,4,0.000000,14.000000
166833,903254.000000,2019-11-21 00:00:00+03:00,8,176.000000,0,0.000000,0,0.000000,27,1,8,0.000000,22.000000
166833,903254.000000,2019-11-22 00:00:00+03:00,11,225.000000,0,0.000000,0,0.000000,38,1,11,0.000000,20.454545
166833,903254.000000,2019-11-23 00:00:00+03:00,3,40.000000,0,0.000000,0,0.000000,6,1,3,0.000000,13.333333
166833,903254.000000,2019-11-24 00:00:00+03:00,0,0.000000,0,0.000000,0,0.000000,8,1,0,,
166833,903254.000000,2019-11-25 00:00:00+03:00,2,38.000000,0,0.000000,0,0.000000,46,1,2,0.000000,19.000000
166833,903254.000000,2019-11-26 00:00:00+03:00,7,165.000000,0,0.000000,0,0.000000,25,1,7,0.000000,23.571429
166833,903254.000000,2019-11-27 00:00:00+03:00,15,220.000000,0,0.000000,0,0.000000,44,1,15,0.000000,14.666667
166833,903254.000000,2019-11-28 00:00:00+03:00,7,98.000000,0,0.000000,0,0.000000,59,1,7,0.000000,14.000000
166836,901350.000000,2019-11-05 00:00:00+03:00,1,32.000000,0,0.000000,0,0.000000,0,1,1,0.000000,32.000000
166836,901350.000000,2019-11-06 00:00:00+03:00,3,76.000000,0,0.000000,0,0.000000,0,1,3,0.000000,25.333333
166836,901350.000000,2019-11-07 00:00:00+03:00,2,43.000000,0,0.000000,0,0.000000,0,1,2,0.000000,21.500000
166836,901350.000000,2019-11-08 00:00:00+03:00,12,268.000000,0,0.000000,0,0.000000,0,1,12,0.000000,22.333333
166836,901350.000000,2019-11-11 00:00:00+03:00,2,42.000000,0,0.000000,0,0.000000,0,1,2,0.000000,21.000000
166836,901350.000000,2019-11-12 00:00:00+03:00,3,65.000000,0,0.000000,0,0.000000,0,1,3,0.000000,21.666667
166836,901350.000000,2019-11-13 00:00:00+03:00,7,166.000000,0,0.000000,0,0.000000,0,1,7,0.000000,23.714286
166836,901350.000000,2019-11-14 00:00:00+03:00,2,43.000000,0,0.000000,0,0.000000,0,1,2,0.000000,21.500000
166836,901350.000000,2019-11-15 00:00:00+03:00,2,44.000000,0,0.000000,0,0.000000,0,1,2,0.000000,22.000000
166836,901350.000000,2019-11-18 00:00:00+03:00,2,46.000000,0,0.000000,0,0.000000,0,1,2,0.000000,23.000000
166836,901350.000000,2019-11-19 00:00:00+03:00,6,142.000000,0,0.000000,0,0.000000,0,1,6,0.000000,23.666667
166836,901350.000000,2019-11-20 00:00:00+03:00,10,218.000000,0,0.000000,0,0.000000,0,1,10,0.000000,21.800000
166836,901350.000000,2019-11-21 00:00:00+03:00,10,210.000000,0,0.000000,0,0.000000,0,1,10,0.000000,21.000000
166836,901350.000000,2019-11-22 00:00:00+03:00,2,44.000000,0,0.000000,0,0.000000,0,1,2,0.000000,22.000000
166836,901350.000000,2019-11-23 00:00:00+03:00,1,22.000000,0,0.000000,0,0.000000,0,1,1,0.000000,22.000000
166836,901350.000000,2019-11-25 00:00:00+03:00,2,46.000000,0,0.000000,0,0.000000,0,1,2,0.000000,23.000000
166836,901350.000000,2019-11-26 00:00:00+03:00,4,89.000000,0,0.000000,0,0.000000,0,1,4,0.000000,22.250000
166836,901350.000000,2019-11-27 00:00:00+03:00,7,150.000000,0,0.000000,0,0.000000,0,1,7,0.000000,21.428571
166836,901350.000000,2019-11-28 00:00:00+03:00,2,43.000000,0,0.000000,0,0.000000,0,1,2,0.000000,21.500000
166837,910044.000000,2019-11-05 00:00:00+03:00,1,15.000000,0,0.000000,0,0.000000,0,1,1,0.000000,15.000000
166837,930242.000000,2019-11-01 00:00:00+03:00,1,15.000000,0,0.000000,0,0.000000,0,1,1,0.000000,15.000000
166839,902720.000000,2019-11-01 00:00:00+03:00,0,0.000000,0,0.000000,0,0.000000,18,1,0,,
166839,902720.000000,2019-11-05 00:00:00+03:00,0,0.000000,0,0.000000,0,0.000000,1,1,0,,
166839,902720.000000,2019-11-06 00:00:00+03:00,0,0.000000,0,0.000000,0,0.000000,11,1,0,,
166839,902720.000000,2019-11-07 00:00:00+03:00,0,0.000000,0,0.000000,0,0.000000,1,1,0,,
166839,902720.000000,2019-11-11 00:00:00+03:00,0,0.000000,0,0.000000,0,0.000000,8,1,0,,
166839,902720.000000,2019-11-15 00:00:00+03:00,0,0.000000,0,0.000000,0,0.000000,1,1,0,,
166839,902720.000000,2019-11-18 00:00:00+03:00,0,0.000000,0,0.000000,0,0.000000,1,1,0,,
166843,926312.000000,2019-11-01 00:00:00+03:00,0,0.000000,0,0.000000,0,0.000000,1,1,0,,
166843,926312.000000,2019-11-05 00:00:00+03:00,0,0.000000,0,0.000000,0,0.000000,4,1,0,,
166843,926312.000000,2019-11-07 00:00:00+03:00,0,0.000000,0,0.000000,0,0.000000,1,1,0,,
166843,926312.000000,2019-11-11 00:00:00+03:00,0,0.000000,0,0.000000,0,0.000000,3,1,0,,
166843,926312.000000,2019-11-14 00:00:00+03:00,0,0.000000,0,0.000000,0,0.000000,4,1,0,,
166843,926312.000000,2019-11-15 00:00:00+03:00,0,0.000000,0,0.000000,0,0.000000,2,1,0,,
166843,926312.000000,2019-11-22 00:00:00+03:00,1,29.000000,0,0.000000,0,0.000000,0,1,1,0.000000,29.000000
166843,926312.000000,2019-11-27 00:00:00+03:00,1,9.000000,0,0.000000,0,0.000000,2,1,1,0.000000,9.000000
166843,926312.000000,2019-11-28 00:00:00+03:00,1,8.000000,0,0.000000,0,0.000000,0,1,1,0.000000,8.000000
166879,896536.000000,2019-11-01 00:00:00+03:00,4,45.000000,0,0.000000,0,0.000000,0,1,4,0.000000,11.250000
166879,896536.000000,2019-11-02 00:00:00+03:00,1,150.000000,0,0.000000,0,0.000000,0,1,1,0.000000,150.000000
166879,896536.000000,2019-11-03 00:00:00+03:00,4,123.000000,0,0.000000,0,0.000000,0,1,4,0.000000,30.750000
166879,896536.000000,2019-11-04 00:00:00+03:00,5,74.000000,0,0.000000,0,0.000000,0,1,5,0.000000,14.800000
166879,896536.000000,2019-11-05 00:00:00+03:00,2,20.000000,0,0.000000,0,0.000000,0,1,2,0.000000,10.000000
166879,896536.000000,2019-11-06 00:00:00+03:00,1,9.000000,0,0.000000,0,0.000000,0,1,1,0.000000,9.000000
166879,896536.000000,2019-11-07 00:00:00+03:00,4,50.000000,0,0.000000,0,0.000000,0,1,4,0.000000,12.500000
166879,896536.000000,2019-11-08 00:00:00+03:00,3,225.000000,0,0.000000,0,0.000000,0,1,3,0.000000,75.000000
166879,896536.000000,2019-11-09 00:00:00+03:00,1,21.000000,0,0.000000,0,0.000000,0,1,1,0.000000,21.000000
166879,896536.000000,2019-11-10 00:00:00+03:00,3,38.000000,0,0.000000,0,0.000000,0,1,3,0.000000,12.666667
166879,896536.000000,2019-11-11 00:00:00+03:00,4,160.000000,0,0.000000,0,0.000000,0,1,4,0.000000,40.000000
166879,896536.000000,2019-11-12 00:00:00+03:00,4,74.000000,0,0.000000,0,0.000000,0,1,4,0.000000,18.500000
166879,896536.000000,2019-11-13 00:00:00+03:00,4,142.000000,0,0.000000,0,0.000000,0,1,4,0.000000,35.500000
166879,896536.000000,2019-11-14 00:00:00+03:00,2,32.000000,0,0.000000,0,0.000000,0,1,2,0.000000,16.000000
166879,896536.000000,2019-11-15 00:00:00+03:00,5,80.000000,0,0.000000,0,0.000000,0,1,5,0.000000,16.000000
166879,896536.000000,2019-11-16 00:00:00+03:00,6,269.000000,0,0.000000,0,0.000000,0,1,6,0.000000,44.833333
166879,896536.000000,2019-11-17 00:00:00+03:00,4,72.000000,0,0.000000,0,0.000000,0,1,4,0.000000,18.000000
166879,896536.000000,2019-11-19 00:00:00+03:00,4,36.000000,0,0.000000,0,0.000000,0,1,4,0.000000,9.000000
166879,896536.000000,2019-11-20 00:00:00+03:00,3,35.000000,0,0.000000,0,0.000000,0,1,3,0.000000,11.666667
166879,896536.000000,2019-11-21 00:00:00+03:00,4,54.000000,0,0.000000,0,0.000000,0,1,4,0.000000,13.500000
166879,896536.000000,2019-11-22 00:00:00+03:00,5,43.000000,0,0.000000,0,0.000000,0,1,5,0.000000,8.600000
166879,896536.000000,2019-11-24 00:00:00+03:00,4,44.000000,0,0.000000,0,0.000000,0,1,4,0.000000,11.000000
166879,896536.000000,2019-11-25 00:00:00+03:00,4,74.000000,0,0.000000,0,0.000000,0,1,4,0.000000,18.500000
166879,896536.000000,2019-11-26 00:00:00+03:00,3,33.000000,0,0.000000,0,0.000000,0,1,3,0.000000,11.000000
166879,896536.000000,2019-11-27 00:00:00+03:00,4,55.000000,0,0.000000,0,0.000000,0,1,4,0.000000,13.750000
166879,896536.000000,2019-11-28 00:00:00+03:00,3,37.000000,0,0.000000,0,0.000000,0,1,3,0.000000,12.333333
166879,896538.000000,2019-11-15 00:00:00+03:00,2,158.000000,0,0.000000,0,0.000000,0,1,2,0.000000,79.000000
166879,896538.000000,2019-11-19 00:00:00+03:00,1,67.000000,0,0.000000,0,0.000000,0,1,1,0.000000,67.000000
166879,896538.000000,2019-11-22 00:00:00+03:00,2,61.000000,0,0.000000,0,0.000000,0,1,2,0.000000,30.500000
166879,927070.000000,2019-11-04 00:00:00+03:00,1,42.000000,0,0.000000,0,0.000000,0,1,1,0.000000,42.000000
166879,927070.000000,2019-11-05 00:00:00+03:00,1,13.000000,0,0.000000,0,0.000000,0,1,1,0.000000,13.000000
166879,927070.000000,2019-11-07 00:00:00+03:00,4,202.000000,0,0.000000,0,0.000000,0,1,4,0.000000,50.500000
166879,927070.000000,2019-11-10 00:00:00+03:00,1,43.000000,0,0.000000,0,0.000000,0,1,1,0.000000,43.000000
166879,927070.000000,2019-11-11 00:00:00+03:00,2,84.000000,0,0.000000,0,0.000000,0,1,2,0.000000,42.000000
166879,927070.000000,2019-11-13 00:00:00+03:00,1,30.000000,0,0.000000,0,0.000000,0,1,1,0.000000,30.000000
166879,927070.000000,2019-11-15 00:00:00+03:00,2,102.000000,0,0.000000,0,0.000000,0,1,2,0.000000,51.000000
166879,927070.000000,2019-11-18 00:00:00+03:00,4,196.000000,0,0.000000,0,0.000000,0,1,4,0.000000,49.000000
166879,927070.000000,2019-11-22 00:00:00+03:00,1,96.000000,0,0.000000,0,0.000000,0,1,1,0.000000,96.000000
166879,927070.000000,2019-11-24 00:00:00+03:00,2,48.000000,0,0.000000,0,0.000000,0,1,2,0.000000,24.000000
166896,895574.000000,2019-11-05 00:00:00+03:00,4,64.000000,0,0.000000,0,0.000000,0,1,4,0.000000,16.000000
166896,895574.000000,2019-11-06 00:00:00+03:00,1,13.000000,0,0.000000,0,0.000000,0,1,1,0.000000,13.000000
166896,895574.000000,2019-11-07 00:00:00+03:00,1,10.000000,0,0.000000,0,0.000000,0,1,1,0.000000,10.000000
166896,895574.000000,2019-11-08 00:00:00+03:00,1,11.000000,0,0.000000,0,0.000000,0,1,1,0.000000,11.000000
166896,895574.000000,2019-11-11 00:00:00+03:00,1,15.000000,0,0.000000,0,0.000000,0,1,1,0.000000,15.000000
166896,895574.000000,2019-11-12 00:00:00+03:00,1,13.000000,0,0.000000,0,0.000000,0,1,1,0.000000,13.000000
166896,895574.000000,2019-11-13 00:00:00+03:00,2,28.000000,0,0.000000,0,0.000000,0,1,2,0.000000,14.000000
166896,895574.000000,2019-11-14 00:00:00+03:00,2,18.000000,0,0.000000,0,0.000000,0,1,2,0.000000,9.000000
166896,895574.000000,2019-11-15 00:00:00+03:00,1,14.000000,0,0.000000,0,0.000000,0,1,1,0.000000,14.000000
166896,895574.000000,2019-11-18 00:00:00+03:00,7,96.000000,0,0.000000,0,0.000000,0,1,7,0.000000,13.714286
166896,895574.000000,2019-11-19 00:00:00+03:00,3,43.000000,0,0.000000,0,0.000000,0,1,3,0.000000,14.333333
166896,895574.000000,2019-11-20 00:00:00+03:00,1,7.000000,0,0.000000,0,0.000000,0,1,1,0.000000,7.000000
166896,895574.000000,2019-11-21 00:00:00+03:00,4,58.000000,0,0.000000,0,0.000000,0,1,4,0.000000,14.500000
166896,895574.000000,2019-11-22 00:00:00+03:00,1,30.000000,0,0.000000,0,0.000000,0,1,1,0.000000,30.000000
166896,895574.000000,2019-11-25 00:00:00+03:00,1,14.000000,0,0.000000,0,0.000000,0,1,1,0.000000,14.000000
166896,895574.000000,2019-11-27 00:00:00+03:00,3,44.000000,0,0.000000,0,0.000000,0,1,3,0.000000,14.666667
166896,895576.000000,2019-11-01 00:00:00+03:00,2,25.000000,0,0.000000,0,0.000000,0,1,2,0.000000,12.500000
166896,895576.000000,2019-11-05 00:00:00+03:00,5,76.000000,0,0.000000,0,0.000000,0,1,5,0.000000,15.200000
166896,895576.000000,2019-11-06 00:00:00+03:00,3,50.000000,1,23.000000,0,0.000000,0,1,4,0.250000,16.666667
166896,895576.000000,2019-11-07 00:00:00+03:00,3,58.000000,0,0.000000,0,0.000000,0,1,3,0.000000,19.333333
166896,895576.000000,2019-11-08 00:00:00+03:00,1,17.000000,0,0.000000,0,0.000000,0,1,1,0.000000,17.000000
166896,895576.000000,2019-11-11 00:00:00+03:00,1,17.000000,0,0.000000,0,0.000000,0,1,1,0.000000,17.000000
166896,895576.000000,2019-11-12 00:00:00+03:00,2,42.000000,0,0.000000,0,0.000000,0,1,2,0.000000,21.000000
166896,895576.000000,2019-11-13 00:00:00+03:00,1,26.000000,0,0.000000,0,0.000000,0,1,1,0.000000,26.000000
166896,895576.000000,2019-11-14 00:00:00+03:00,1,26.000000,0,0.000000,0,0.000000,0,1,1,0.000000,26.000000
166896,895576.000000,2019-11-18 00:00:00+03:00,3,52.000000,0,0.000000,0,0.000000,0,1,3,0.000000,17.333333
166896,895576.000000,2019-11-20 00:00:00+03:00,1,20.000000,0,0.000000,0,0.000000,0,1,1,0.000000,20.000000
166896,895576.000000,2019-11-21 00:00:00+03:00,4,142.000000,0,0.000000,0,0.000000,0,1,4,0.000000,35.500000
166896,895576.000000,2019-11-26 00:00:00+03:00,1,16.000000,0,0.000000,0,0.000000,0,1,1,0.000000,16.000000
166896,895578.000000,2019-11-01 00:00:00+03:00,2,39.000000,0,0.000000,0,0.000000,0,1,2,0.000000,19.500000
166896,895578.000000,2019-11-02 00:00:00+03:00,1,9.000000,0,0.000000,0,0.000000,0,1,1,0.000000,9.000000
166896,895578.000000,2019-11-06 00:00:00+03:00,1,13.000000,0,0.000000,0,0.000000,0,1,1,0.000000,13.000000
166896,895578.000000,2019-11-13 00:00:00+03:00,2,21.000000,0,0.000000,0,0.000000,0,1,2,0.000000,10.500000
166896,895578.000000,2019-11-14 00:00:00+03:00,1,10.000000,0,0.000000,0,0.000000,0,1,1,0.000000,10.000000
166896,895578.000000,2019-11-18 00:00:00+03:00,1,13.000000,0,0.000000,0,0.000000,0,1,1,0.000000,13.000000
166896,895578.000000,2019-11-19 00:00:00+03:00,2,28.000000,0,0.000000,0,0.000000,0,1,2,0.000000,14.000000
166896,895578.000000,2019-11-21 00:00:00+03:00,2,26.000000,0,0.000000,0,0.000000,0,1,2,0.000000,13.000000
166896,895578.000000,2019-11-25 00:00:00+03:00,1,9.000000,0,0.000000,0,0.000000,0,1,1,0.000000,9.000000
166899,894656.000000,2019-11-01 00:00:00+03:00,1,13.000000,0,0.000000,0,0.000000,46,1,1,0.000000,13.000000
166899,894656.000000,2019-11-05 00:00:00+03:00,1,33.000000,0,0.000000,0,0.000000,45,1,1,0.000000,33.000000
166899,894656.000000,2019-11-06 00:00:00+03:00,0,0.000000,0,0.000000,0,0.000000,43,1,0,,
166899,894656.000000,2019-11-07 00:00:00+03:00,0,0.000000,0,0.000000,0,0.000000,38,1,0,,
166899,894656.000000,2019-11-08 00:00:00+03:00,0,0.000000,0,0.000000,0,0.000000,43,1,0,,
166899,894656.000000,2019-11-11 00:00:00+03:00,0,0.000000,0,0.000000,0,0.000000,42,1,0,,
166899,894656.000000,2019-11-12 00:00:00+03:00,0,0.000000,0,0.000000,0,0.000000,65,1,0,,
166899,894656.000000,2019-11-13 00:00:00+03:00,0,0.000000,0,0.000000,0,0.000000,42,1,0,,
166899,894656.000000,2019-11-14 00:00:00+03:00,0,0.000000,0,0.000000,0,0.000000,57,1,0,,
166899,894656.000000,2019-11-15 00:00:00+03:00,0,0.000000,0,0.000000,0,0.000000,40,1,0,,
166899,894656.000000,2019-11-18 00:00:00+03:00,0,0.000000,0,0.000000,0,0.000000,40,1,0,,
166899,894656.000000,2019-11-19 00:00:00+03:00,0,0.000000,0,0.000000,0,0.000000,39,1,0,,
166899,894656.000000,2019-11-20 00:00:00+03:00,0,0.000000,0,0.000000,0,0.000000,40,1,0,,
166899,894656.000000,2019-11-21 00:00:00+03:00,1,12.000000,0,0.000000,0,0.000000,47,1,1,0.000000,12.000000
166899,894656.000000,2019-11-22 00:00:00+03:00,0,0.000000,0,0.000000,0,0.000000,42,1,0,,
166899,894656.000000,2019-11-25 00:00:00+03:00,1,9.000000,0,0.000000,0,0.000000,37,1,1,0.000000,9.000000
166899,894656.000000,2019-11-26 00:00:00+03:00,0,0.000000,0,0.000000,0,0.000000,29,1,0,,
166899,894656.000000,2019-11-27 00:00:00+03:00,0,0.000000,0,0.000000,0,0.000000,45,1,0,,
166899,894656.000000,2019-11-28 00:00:00+03:00,2,38.000000,0,0.000000,0,0.000000,46,1,2,0.000000,19.000000
166899,894662.000000,2019-11-15 00:00:00+03:00,1,9.000000,0,0.000000,0,0.000000,19,1,1,0.000000,9.000000
166899,894662.000000,2019-11-18 00:00:00+03:00,0,0.000000,0,0.000000,0,0.000000,2,1,0,,
166899,894662.000000,2019-11-19 00:00:00+03:00,0,0.000000,0,0.000000,0,0.000000,4,1,0,,
166899,894662.000000,2019-11-20 00:00:00+03:00,0,0.000000,0,0.000000,0,0.000000,2,1,0,,
166899,894662.000000,2019-11-21 00:00:00+03:00,0,0.000000,0,0.000000,0,0.000000,3,1,0,,
166899,894662.000000,2019-11-26 00:00:00+03:00,0,0.000000,0,0.000000,0,0.000000,1,1,0,,
166899,894662.000000,2019-11-28 00:00:00+03:00,0,0.000000,0,0.000000,0,0.000000,6,1,0,,
166901,896008.000000,2019-11-01 00:00:00+03:00,0,0.000000,0,0.000000,0,0.000000,0,1,0,,
166901,896008.000000,2019-11-05 00:00:00+03:00,0,0.000000,0,0.000000,0,0.000000,0,1,0,,
166901,896008.000000,2019-11-06 00:00:00+03:00,0,0.000000,0,0.000000,0,0.000000,0,1,0,,
166901,896008.000000,2019-11-07 00:00:00+03:00,0,0.000000,0,0.000000,0,0.000000,0,1,0,,
166901,896008.000000,2019-11-08 00:00:00+03:00,0,0.000000,0,0.000000,0,0.000000,0,1,0,,
166901,896008.000000,2019-11-11 00:00:00+03:00,0,0.000000,0,0.000000,0,0.000000,0,1,0,,
166901,896008.000000,2019-11-12 00:00:00+03:00,0,0.000000,0,0.000000,0,0.000000,0,1,0,,
166901,896008.000000,2019-11-13 00:00:00+03:00,0,0.000000,0,0.000000,0,0.000000,0,1,0,,
166901,896008.000000,2019-11-14 00:00:00+03:00,0,0.000000,0,0.000000,0,0.000000,0,1,0,,
166901,896008.000000,2019-11-15 00:00:00+03:00,0,0.000000,0,0.000000,0,0.000000,0,1,0,,
166901,896008.000000,2019-11-18 00:00:00+03:00,0,0.000000,0,0.000000,0,0.000000,0,1,0,,
166901,896008.000000,2019-11-19 00:00:00+03:00,0,0.000000,0,0.000000,0,0.000000,0,1,0,,
166901,896008.000000,2019-11-20 00:00:00+03:00,0,0.000000,0,0.000000,0,0.000000,0,1,0,,
166901,896008.000000,2019-11-21 00:00:00+03:00,0,0.000000,0,0.000000,0,0.000000,0,1,0,,
166901,896008.000000,2019-11-25 00:00:00+03:00,0,0.000000,0,0.000000,0,0.000000,0,1,0,,
166901,896008.000000,2019-11-26 00:00:00+03:00,0,0.000000,0,0.000000,0,0.000000,0,1,0,,
166901,896008.000000,2019-11-27 00:00:00+03:00,0,0.000000,0,0.000000,0,0.000000,0,1,0,,
166901,896008.000000,2019-11-28 00:00:00+03:00,0,0.000000,0,0.000000,0,0.000000,0,1,0,,
166901,896010.000000,2019-11-12 00:00:00+03:00,1,37.000000,0,0.000000,0,0.000000,0,1,1,0.000000,37.000000
166901,896010.000000,2019-11-22 00:00:00+03:00,1,31.000000,0,0.000000,0,0.000000,0,1,1,0.000000,31.000000
166901,896010.000000,2019-11-27 00:00:00+03:00,2,26.000000,0,0.000000,0,0.000000,1,1,2,0.000000,13.000000
166901,896012.000000,2019-11-01 00:00:00+03:00,3,12.000000,0,0.000000,0,0.000000,0,1,3,0.000000,4.000000
166901,896012.000000,2019-11-05 00:00:00+03:00,8,33.000000,0,0.000000,0,0.000000,0,1,8,0.000000,4.125000
166901,896012.000000,2019-11-06 00:00:00+03:00,7,47.000000,0,0.000000,0,0.000000,0,1,7,0.000000,6.714286
166901,896012.000000,2019-11-07 00:00:00+03:00,5,23.000000,0,0.000000,0,0.000000,0,1,5,0.000000,4.600000
166901,896012.000000,2019-11-08 00:00:00+03:00,2,6.000000,0,0.000000,0,0.000000,0,1,2,0.000000,3.000000
166901,896012.000000,2019-11-11 00:00:00+03:00,5,36.000000,0,0.000000,0,0.000000,0,1,5,0.000000,7.200000
166901,896012.000000,2019-11-12 00:00:00+03:00,3,33.000000,0,0.000000,0,0.000000,0,1,3,0.000000,11.000000
166901,896012.000000,2019-11-13 00:00:00+03:00,3,47.000000,0,0.000000,0,0.000000,0,1,3,0.000000,15.666667
166901,896012.000000,2019-11-14 00:00:00+03:00,1,7.000000,0,0.000000,0,0.000000,0,1,1,0.000000,7.000000
166901,896012.000000,2019-11-15 00:00:00+03:00,6,49.000000,0,0.000000,0,0.000000,0,1,6,0.000000,8.166667
166901,896012.000000,2019-11-18 00:00:00+03:00,2,20.000000,0,0.000000,0,0.000000,0,1,2,0.000000,10.000000
166901,896012.000000,2019-11-20 00:00:00+03:00,1,18.000000,0,0.000000,0,0.000000,0,1,1,0.000000,18.000000
166901,896012.000000,2019-11-21 00:00:00+03:00,2,21.000000,1,6.000000,0,0.000000,0,1,3,0.333333,10.500000
166901,896012.000000,2019-11-22 00:00:00+03:00,1,6.000000,0,0.000000,0,0.000000,0,1,1,0.000000,6.000000
166901,896012.000000,2019-11-25 00:00:00+03:00,3,21.000000,0,0.000000,0,0.000000,0,1,3,0.000000,7.000000
166901,896012.000000,2019-11-26 00:00:00+03:00,2,12.000000,0,0.000000,0,0.000000,0,1,2,0.000000,6.000000
166901,896012.000000,2019-11-27 00:00:00+03:00,7,38.000000,0,0.000000,0,0.000000,0,1,7,0.000000,5.428571
166901,896012.000000,2019-11-28 00:00:00+03:00,9,67.000000,0,0.000000,0,0.000000,0,1,9,0.000000,7.444444
166901,896014.000000,2019-11-05 00:00:00+03:00,1,7.000000,0,0.000000,0,0.000000,0,1,1,0.000000,7.000000
166901,896014.000000,2019-11-26 00:00:00+03:00,1,16.000000,0,0.000000,0,0.000000,0,1,1,0.000000,16.000000
166901,896014.000000,2019-11-27 00:00:00+03:00,1,9.000000,0,0.000000,0,0.000000,0,1,1,0.000000,9.000000
166901,896014.000000,2019-11-28 00:00:00+03:00,0,0.000000,0,0.000000,0,0.000000,2,1,0,,
166901,896016.000000,2019-11-01 00:00:00+03:00,0,0.000000,0,0.000000,0,0.000000,1,1,0,,
166901,896016.000000,2019-11-05 00:00:00+03:00,1,5.000000,0,0.000000,0,0.000000,1,1,1,0.000000,5.000000
166901,896016.000000,2019-11-06 00:00:00+03:00,0,0.000000,0,0.000000,0,0.000000,0,1,0,,
166901,896016.000000,2019-11-07 00:00:00+03:00,1,4.000000,0,0.000000,0,0.000000,0,1,1,0.000000,4.000000
166901,896016.000000,2019-11-08 00:00:00+03:00,0,0.000000,0,0.000000,0,0.000000,1,1,0,,
166901,896016.000000,2019-11-11 00:00:00+03:00,2,7.000000,0,0.000000,0,0.000000,0,1,2,0.000000,3.500000
166901,896016.000000,2019-11-12 00:00:00+03:00,2,9.000000,0,0.000000,0,0.000000,0,1,2,0.000000,4.500000
166901,896016.000000,2019-11-13 00:00:00+03:00,1,4.000000,0,0.000000,0,0.000000,4,1,1,0.000000,4.000000
166901,896016.000000,2019-11-14 00:00:00+03:00,0,0.000000,0,0.000000,0,0.000000,1,1,0,,
166901,896016.000000,2019-11-15 00:00:00+03:00,6,32.000000,0,0.000000,0,0.000000,11,1,6,0.000000,5.333333
166901,896016.000000,2019-11-18 00:00:00+03:00,0,0.000000,0,0.000000,0,0.000000,2,1,0,,
166901,896016.000000,2019-11-19 00:00:00+03:00,1,3.000000,0,0.000000,0,0.000000,0,1,1,0.000000,3.000000
166901,896016.000000,2019-11-20 00:00:00+03:00,5,48.000000,0,0.000000,0,0.000000,1,1,5,0.000000,9.600000
166901,896016.000000,2019-11-21 00:00:00+03:00,1,28.000000,0,0.000000,0,0.000000,5,1,1,0.000000,28.000000
166901,896016.000000,2019-11-22 00:00:00+03:00,2,10.000000,0,0.000000,0,0.000000,3,1,2,0.000000,5.000000
166901,896016.000000,2019-11-25 00:00:00+03:00,1,10.000000,0,0.000000,0,0.000000,11,1,1,0.000000,10.000000
166901,896016.000000,2019-11-26 00:00:00+03:00,1,4.000000,0,0.000000,0,0.000000,1,1,1,0.000000,4.000000
166901,896016.000000,2019-11-27 00:00:00+03:00,18,147.000000,0,0.000000,0,0.000000,33,1,18,0.000000,8.166667
166901,896016.000000,2019-11-28 00:00:00+03:00,0,0.000000,0,0.000000,0,0.000000,24,1,0,,
166901,896018.000000,2019-11-05 00:00:00+03:00,1,47.000000,0,0.000000,0,0.000000,0,1,1,0.000000,47.000000
166901,896018.000000,2019-11-14 00:00:00+03:00,1,44.000000,0,0.000000,0,0.000000,0,1,1,0.000000,44.000000
166916,906392.000000,2019-11-06 00:00:00+03:00,0,0.000000,0,0.000000,0,0.000000,0,1,0,,
166916,906392.000000,2019-11-07 00:00:00+03:00,0,0.000000,0,0.000000,0,0.000000,0,1,0,,
166916,906392.000000,2019-11-22 00:00:00+03:00,0,0.000000,0,0.000000,0,0.000000,0,1,0,,
166916,906392.000000,2019-11-28 00:00:00+03:00,0,0.000000,0,0.000000,0,0.000000,0,1,0,,
166916,906394.000000,2019-11-01 00:00:00+03:00,0,0.000000,0,0.000000,0,0.000000,2,1,0,,
166916,906394.000000,2019-11-05 00:00:00+03:00,10,342.000000,0,0.000000,0,0.000000,3,1,10,0.000000,34.200000
166916,906394.000000,2019-11-06 00:00:00+03:00,4,110.000000,0,0.000000,0,0.000000,2,1,4,0.000000,27.500000
166916,906394.000000,2019-11-07 00:00:00+03:00,1,34.000000,0,0.000000,0,0.000000,10,1,1,0.000000,34.000000
166916,906394.000000,2019-11-08 00:00:00+03:00,0,0.000000,0,0.000000,0,0.000000,1,1,0,,
166916,906394.000000,2019-11-10 00:00:00+03:00,0,0.000000,0,0.000000,0,0.000000,0,1,0,,
166916,906394.000000,2019-11-11 00:00:00+03:00,0,0.000000,0,0.000000,0,0.000000,2,1,0,,
166916,906394.000000,2019-11-12 00:00:00+03:00,1,32.000000,0,0.000000,0,0.000000,3,1,1,0.000000,32.000000
166916,906394.000000,2019-11-13 00:00:00+03:00,2,68.000000,0,0.000000,0,0.000000,3,1,2,0.000000,34.000000
166916,906394.000000,2019-11-14 00:00:00+03:00,1,16.000000,0,0.000000,0,0.000000,0,1,1,0.000000,16.000000
166916,906394.000000,2019-11-15 00:00:00+03:00,0,0.000000,0,0.000000,0,0.000000,0,1,0,,
166916,906394.000000,2019-11-16 00:00:00+03:00,0,0.000000,0,0.000000,0,0.000000,0,1,0,,
166916,906394.000000,2019-11-18 00:00:00+03:00,0,0.000000,0,0.000000,0,0.000000,0,1,0,,
166916,906394.000000,2019-11-19 00:00:00+03:00,1,28.000000,0,0.000000,0,0.000000,3,1,1,0.000000,28.000000
166916,906394.000000,2019-11-20 00:00:00+03:00,0,0.000000,0,0.000000,0,0.000000,3,1,0,,
166916,906394.000000,2019-11-21 00:00:00+03:00,0,0.000000,0,0.000000,0,0.000000,0,1,0,,
166916,906394.000000,2019-11-22 00:00:00+03:00,1,36.000000,0,0.000000,0,0.000000,2,1,1,0.000000,36.000000
166916,906394.000000,2019-11-25 00:00:00+03:00,1,28.000000,0,0.000000,0,0.000000,6,1,1,0.000000,28.000000
166916,906394.000000,2019-11-26 00:00:00+03:00,0,0.000000,0,0.000000,0,0.000000,0,1,0,,
166916,906394.000000,2019-11-27 00:00:00+03:00,0,0.000000,0,0.000000,0,0.000000,5,1,0,,
166916,906394.000000,2019-11-28 00:00:00+03:00,1,35.000000,0,0.000000,0,0.000000,8,1,1,0.000000,35.000000
166916,906396.000000,2019-11-01 00:00:00+03:00,2,41.000000,0,0.000000,0,0.000000,3,1,2,0.000000,20.500000
166916,906396.000000,2019-11-05 00:00:00+03:00,11,358.000000,0,0.000000,0,0.000000,6,1,11,0.000000,32.545455
166916,906396.000000,2019-11-06 00:00:00+03:00,11,313.000000,1,97.000000,0,0.000000,8,1,12,0.083333,28.454545
166916,906396.000000,2019-11-07 00:00:00+03:00,11,271.000000,0,0.000000,0,0.000000,2,1,11,0.000000,24.636364
166916,906396.000000,2019-11-08 00:00:00+03:00,4,117.000000,0,0.000000,0,0.000000,7,1,4,0.000000,29.250000
166916,906396.000000,2019-11-11 00:00:00+03:00,2,57.000000,0,0.000000,0,0.000000,3,1,2,0.000000,28.500000
166916,906396.000000,2019-11-12 00:00:00+03:00,5,167.000000,0,0.000000,0,0.000000,2,1,5,0.000000,33.400000
166916,906396.000000,2019-11-13 00:00:00+03:00,2,42.000000,0,0.000000,0,0.000000,8,1,2,0.000000,21.000000
166916,906396.000000,2019-11-14 00:00:00+03:00,1,28.000000,0,0.000000,0,0.000000,0,1,1,0.000000,28.000000
166916,906396.000000,2019-11-15 00:00:00+03:00,0,0.000000,0,0.000000,0,0.000000,1,1,0,,
166916,906396.000000,2019-11-18 00:00:00+03:00,1,24.000000,0,0.000000,0,0.000000,3,1,1,0.000000,24.000000
166916,906396.000000,2019-11-19 00:00:00+03:00,4,104.000000,0,0.000000,0,0.000000,5,1,4,0.000000,26.000000
166916,906396.000000,2019-11-20 00:00:00+03:00,1,25.000000,0,0.000000,0,0.000000,4,1,1,0.000000,25.000000
166916,906396.000000,2019-11-21 00:00:00+03:00,3,106.000000,0,0.000000,0,0.000000,3,1,3,0.000000,35.333333
166916,906396.000000,2019-11-22 00:00:00+03:00,1,35.000000,0,0.000000,0,0.000000,1,1,1,0.000000,35.000000
166916,906396.000000,2019-11-25 00:00:00+03:00,1,14.000000,0,0.000000,0,0.000000,5,1,1,0.000000,14.000000
166916,906396.000000,2019-11-26 00:00:00+03:00,0,0.000000,0,0.000000,0,0.000000,0,1,0,,
166916,906396.000000,2019-11-27 00:00:00+03:00,2,57.000000,0,0.000000,0,0.000000,4,1,2,0.000000,28.500000
166916,906396.000000,2019-11-28 00:00:00+03:00,2,46.000000,0,0.000000,0,0.000000,0,1,2,0.000000,23.000000
166916,906398.000000,2019-11-05 00:00:00+03:00,0,0.000000,0,0.000000,0,0.000000,0,1,0,,
166916,906398.000000,2019-11-06 00:00:00+03:00,0,0.000000,0,0.000000,0,0.000000,0,1,0,,
166916,906398.000000,2019-11-07 00:00:00+03:00,1,55.000000,0,0.000000,0,0.000000,0,1,1,0.000000,55.000000
166916,906398.000000,2019-11-08 00:00:00+03:00,0,0.000000,0,0.000000,0,0.000000,0,1,0,,
166916,906398.000000,2019-11-11 00:00:00+03:00,0,0.000000,0,0.000000,0,0.000000,4,1,0,,
166916,906398.000000,2019-11-12 00:00:00+03:00,4,100.000000,0,0.000000,0,0.000000,0,1,4,0.000000,25.000000
166916,906398.000000,2019-11-13 00:00:00+03:00,1,27.000000,0,0.000000,0,0.000000,0,1,1,0.000000,27.000000
166916,906398.000000,2019-11-18 00:00:00+03:00,1,35.000000,0,0.000000,0,0.000000,0,1,1,0.000000,35.000000
166916,906398.000000,2019-11-19 00:00:00+03:00,3,96.000000,0,0.000000,0,0.000000,0,1,3,0.000000,32.000000
166916,906398.000000,2019-11-21 00:00:00+03:00,1,11.000000,0,0.000000,0,0.000000,0,1,1,0.000000,11.000000
166916,906398.000000,2019-11-22 00:00:00+03:00,1,28.000000,0,0.000000,0,0.000000,0,1,1,0.000000,28.000000
166916,906398.000000,2019-11-25 00:00:00+03:00,1,28.000000,0,0.000000,0,0.000000,0,1,1,0.000000,28.000000
166916,906398.000000,2019-11-27 00:00:00+03:00,1,29.000000,0,0.000000,0,0.000000,0,1,1,0.000000,29.000000
166916,906398.000000,2019-11-28 00:00:00+03:00,1,27.000000,0,0.000000,0,0.000000,0,1,1,0.000000,27.000000
166916,906400.000000,2019-11-05 00:00:00+03:00,6,143.000000,0,0.000000,0,0.000000,6,1,6,0.000000,23.833333
166916,906400.000000,2019-11-06 00:00:00+03:00,3,92.000000,1,93.000000,0,0.000000,8,1,4,0.250000,30.666667
166916,906400.000000,2019-11-07 00:00:00+03:00,2,65.000000,0,0.000000,0,0.000000,3,1,2,0.000000,32.500000
166916,906400.000000,2019-11-08 00:00:00+03:00,1,27.000000,0,0.000000,0,0.000000,14,1,1,0.000000,27.000000
166916,906400.000000,2019-11-11 00:00:00+03:00,5,136.000000,0,0.000000,0,0.000000,1,1,5,0.000000,27.200000
166916,906400.000000,2019-11-12 00:00:00+03:00,4,112.000000,0,0.000000,0,0.000000,9,1,4,0.000000,28.000000
166916,906400.000000,2019-11-13 00:00:00+03:00,3,91.000000,0,0.000000,0,0.000000,8,1,3,0.000000,30.333333
166916,906400.000000,2019-11-14 00:00:00+03:00,5,141.000000,0,0.000000,0,0.000000,2,1,5,0.000000,28.200000
166916,906400.000000,2019-11-15 00:00:00+03:00,1,28.000000,0,0.000000,0,0.000000,0,1,1,0.000000,28.000000
166916,906400.000000,2019-11-18 00:00:00+03:00,0,0.000000,0,0.000000,0,0.000000,1,1,0,,
166916,906400.000000,2019-11-19 00:00:00+03:00,4,104.000000,0,0.000000,0,0.000000,0,1,4,0.000000,26.000000
166916,906400.000000,2019-11-20 00:00:00+03:00,2,56.000000,0,0.000000,0,0.000000,5,1,2,0.000000,28.000000
166916,906400.000000,2019-11-21 00:00:00+03:00,3,84.000000,0,0.000000,0,0.000000,6,1,3,0.000000,28.000000
166916,906400.000000,2019-11-22 00:00:00+03:00,0,0.000000,0,0.000000,0,0.000000,3,1,0,,
166916,906400.000000,2019-11-25 00:00:00+03:00,2,54.000000,0,0.000000,0,0.000000,0,1,2,0.000000,27.000000
166916,906400.000000,2019-11-26 00:00:00+03:00,1,35.000000,0,0.000000,0,0.000000,3,1,1,0.000000,35.000000
166916,906400.000000,2019-11-27 00:00:00+03:00,1,32.000000,0,0.000000,0,0.000000,0,1,1,0.000000,32.000000
166916,906400.000000,2019-11-28 00:00:00+03:00,6,222.000000,0,0.000000,0,0.000000,4,1,6,0.000000,37.000000
166916,906402.000000,2019-11-01 00:00:00+03:00,0,0.000000,0,0.000000,0,0.000000,4,1,0,,
166916,906402.000000,2019-11-06 00:00:00+03:00,1,58.000000,0,0.000000,0,0.000000,0,1,1,0.000000,58.000000
166916,906402.000000,2019-11-07 00:00:00+03:00,1,49.000000,0,0.000000,0,0.000000,0,1,1,0.000000,49.000000
166916,906402.000000,2019-11-26 00:00:00+03:00,0,0.000000,0,0.000000,0,0.000000,0,1,0,,
166916,906404.000000,2019-11-01 00:00:00+03:00,11,278.000000,0,0.000000,0,0.000000,11,1,11,0.000000,25.272727
166916,906404.000000,2019-11-05 00:00:00+03:00,1,63.000000,0,0.000000,0,0.000000,0,1,1,0.000000,63.000000
166916,906404.000000,2019-11-08 00:00:00+03:00,12,343.000000,0,0.000000,0,0.000000,11,1,12,0.000000,28.583333
166916,906404.000000,2019-11-11 00:00:00+03:00,24,628.000000,0,0.000000,0,0.000000,10,1,24,0.000000,26.166667
166916,906404.000000,2019-11-12 00:00:00+03:00,14,386.000000,0,0.000000,0,0.000000,13,1,14,0.000000,27.571429
166916,906404.000000,2019-11-13 00:00:00+03:00,22,614.000000,0,0.000000,0,0.000000,15,1,22,0.000000,27.909091
166916,906404.000000,2019-11-14 00:00:00+03:00,9,244.000000,1,27.000000,0,0.000000,16,1,10,0.100000,27.111111
166916,906404.000000,2019-11-15 00:00:00+03:00,18,452.000000,0,0.000000,0,0.000000,11,1,18,0.000000,25.111111
166916,906404.000000,2019-11-18 00:00:00+03:00,16,339.000000,0,0.000000,0,0.000000,16,1,16,0.000000,21.187500
166916,906404.000000,2019-11-19 00:00:00+03:00,13,337.000000,0,0.000000,0,0.000000,27,1,13,0.000000,25.923077
166916,906404.000000,2019-11-20 00:00:00+03:00,16,433.000000,1,66.000000,0,0.000000,16,1,17,0.058824,27.062500
166916,906404.000000,2019-11-21 00:00:00+03:00,18,412.000000,0,0.000000,0,0.000000,14,1,18,0.000000,22.888889
166916,906404.000000,2019-11-22 00:00:00+03:00,16,378.000000,1,31.000000,0,0.000000,17,1,17,0.058824,23.625000
166916,906404.000000,2019-11-25 00:00:00+03:00,10,232.000000,0,0.000000,0,0.000000,20,1,10,0.000000,23.200000
166916,906404.000000,2019-11-26 00:00:00+03:00,15,436.000000,0,0.000000,0,0.000000,17,1,15,0.000000,29.066667
166916,906404.000000,2019-11-27 00:00:00+03:00,21,523.000000,0,0.000000,0,0.000000,35,1,21,0.000000,24.904762
166916,906404.000000,2019-11-28 00:00:00+03:00,17,456.000000,0,0.000000,0,0.000000,20,1,17,0.000000,26.823529
166916,906406.000000,2019-11-01 00:00:00+03:00,9,229.000000,0,0.000000,0,0.000000,26,1,9,0.000000,25.444444
166916,906406.000000,2019-11-05 00:00:00+03:00,19,524.000000,1,103.000000,0,0.000000,25,1,20,0.050000,27.578947
166916,906406.000000,2019-11-06 00:00:00+03:00,26,611.000000,0,0.000000,0,0.000000,40,1,26,0.000000,23.500000
166916,906406.000000,2019-11-07 00:00:00+03:00,36,886.000000,0,0.000000,0,0.000000,27,1,36,0.000000,24.611111
166916,906406.000000,2019-11-08 00:00:00+03:00,22,514.000000,0,0.000000,0,0.000000,24,1,22,0.000000,23.363636
166916,906406.000000,2019-11-11 00:00:00+03:00,25,649.000000,0,0.000000,0,0.000000,10,1,25,0.000000,25.960000
166916,906406.000000,2019-11-12 00:00:00+03:00,22,604.000000,0,0.000000,0,0.000000,21,1,22,0.000000,27.454545
166916,906406.000000,2019-11-13 00:00:00+03:00,50,1494.000000,0,0.000000,0,0.000000,18,1,50,0.000000,29.880000
166916,906406.000000,2019-11-14 00:00:00+03:00,14,371.000000,0,0.000000,0,0.000000,16,1,14,0.000000,26.500000
166916,906406.000000,2019-11-15 00:00:00+03:00,13,337.000000,0,0.000000,0,0.000000,20,1,13,0.000000,25.923077
166916,906406.000000,2019-11-18 00:00:00+03:00,14,369.000000,0,0.000000,0,0.000000,24,1,14,0.000000,26.357143
166916,906406.000000,2019-11-19 00:00:00+03:00,18,427.000000,0,0.000000,0,0.000000,18,1,18,0.000000,23.722222
166916,906406.000000,2019-11-20 00:00:00+03:00,10,313.000000,1,19.000000,0,0.000000,25,1,11,0.090909,31.300000
166916,906406.000000,2019-11-21 00:00:00+03:00,11,340.000000,0,0.000000,0,0.000000,6,1,11,0.000000,30.909091
166916,906406.000000,2019-11-22 00:00:00+03:00,13,379.000000,0,0.000000,0,0.000000,22,1,13,0.000000,29.153846
166916,906406.000000,2019-11-25 00:00:00+03:00,15,348.000000,0,0.000000,0,0.000000,17,1,15,0.000000,23.200000
166916,906406.000000,2019-11-26 00:00:00+03:00,46,1270.000000,0,0.000000,0,0.000000,1,1,46,0.000000,27.608696
166916,906406.000000,2019-11-28 00:00:00+03:00,16,437.000000,0,0.000000,0,0.000000,10,1,16,0.000000,27.312500
166916,906408.000000,2019-11-01 00:00:00+03:00,6,128.000000,0,0.000000,0,0.000000,0,1,6,0.000000,21.333333
166916,906408.000000,2019-11-06 00:00:00+03:00,1,38.000000,0,0.000000,0,0.000000,0,1,1,0.000000,38.000000
166916,906410.000000,2019-11-11 00:00:00+03:00,7,205.000000,0,0.000000,0,0.000000,0,1,7,0.000000,29.285714
166916,906410.000000,2019-11-12 00:00:00+03:00,3,69.000000,0,0.000000,0,0.000000,0,1,3,0.000000,23.000000
166916,906410.000000,2019-11-13 00:00:00+03:00,13,328.000000,2,145.000000,0,0.000000,0,1,15,0.133333,25.230769
166916,906410.000000,2019-11-14 00:00:00+03:00,5,118.000000,0,0.000000,0,0.000000,0,1,5,0.000000,23.600000
166916,906410.000000,2019-11-15 00:00:00+03:00,6,165.000000,0,0.000000,0,0.000000,2,1,6,0.000000,27.500000
166916,906410.000000,2019-11-18 00:00:00+03:00,13,308.000000,0,0.000000,0,0.000000,1,1,13,0.000000,23.692308
166916,906410.000000,2019-11-19 00:00:00+03:00,16,487.000000,1,41.000000,0,0.000000,0,1,17,0.058824,30.437500
166916,906410.000000,2019-11-20 00:00:00+03:00,8,224.000000,0,0.000000,0,0.000000,1,1,8,0.000000,28.000000
166916,906410.000000,2019-11-21 00:00:00+03:00,5,134.000000,0,0.000000,0,0.000000,2,1,5,0.000000,26.800000
166916,906410.000000,2019-11-22 00:00:00+03:00,1,20.000000,0,0.000000,0,0.000000,0,1,1,0.000000,20.000000
166916,906410.000000,2019-11-25 00:00:00+03:00,9,285.000000,0,0.000000,0,0.000000,0,1,9,0.000000,31.666667
166916,906410.000000,2019-11-27 00:00:00+03:00,4,105.000000,0,0.000000,0,0.000000,0,1,4,0.000000,26.250000
166916,906410.000000,2019-11-28 00:00:00+03:00,5,211.000000,0,0.000000,0,0.000000,0,1,5,0.000000,42.200000
166916,906412.000000,2019-11-01 00:00:00+03:00,1,15.000000,0,0.000000,0,0.000000,1,1,1,0.000000,15.000000
166916,906412.000000,2019-11-05 00:00:00+03:00,0,0.000000,0,0.000000,0,0.000000,5,1,0,,
166916,906412.000000,2019-11-06 00:00:00+03:00,0,0.000000,0,0.000000,0,0.000000,1,1,0,,
166916,906412.000000,2019-11-07 00:00:00+03:00,2,25.000000,0,0.000000,0,0.000000,4,1,2,0.000000,12.500000
166916,906412.000000,2019-11-08 00:00:00+03:00,1,16.000000,0,0.000000,0,0.000000,5,1,1,0.000000,16.000000
166916,906412.000000,2019-11-09 00:00:00+03:00,0,0.000000,0,0.000000,0,0.000000,2,1,0,,
166916,906412.000000,2019-11-11 00:00:00+03:00,0,0.000000,0,0.000000,0,0.000000,3,1,0,,
166916,906412.000000,2019-11-12 00:00:00+03:00,1,8.000000,0,0.000000,0,0.000000,5,1,1,0.000000,8.000000
166916,906412.000000,2019-11-13 00:00:00+03:00,0,0.000000,0,0.000000,0,0.000000,0,1,0,,
166916,906412.000000,2019-11-14 00:00:00+03:00,1,11.000000,0,0.000000,0,0.000000,6,1,1,0.000000,11.000000
166916,906412.000000,2019-11-15 00:00:00+03:00,0,0.000000,0,0.000000,0,0.000000,3,1,0,,
166916,906412.000000,2019-11-18 00:00:00+03:00,0,0.000000,0,0.000000,0,0.000000,0,1,0,,
166916,906412.000000,2019-11-19 00:00:00+03:00,0,0.000000,0,0.000000,0,0.000000,4,1,0,,
166916,906412.000000,2019-11-20 00:00:00+03:00,0,0.000000,0,0.000000,0,0.000000,2,1,0,,
166916,906412.000000,2019-11-21 00:00:00+03:00,1,23.000000,0,0.000000,0,0.000000,0,1,1,0.000000,23.000000
166916,906412.000000,2019-11-22 00:00:00+03:00,1,17.000000,0,0.000000,0,0.000000,1,1,1,0.000000,17.000000
166916,906412.000000,2019-11-25 00:00:00+03:00,2,27.000000,0,0.000000,0,0.000000,5,1,2,0.000000,13.500000
166916,906412.000000,2019-11-26 00:00:00+03:00,0,0.000000,0,0.000000,0,0.000000,1,1,0,,
166916,906412.000000,2019-11-27 00:00:00+03:00,4,48.000000,0,0.000000,0,0.000000,5,1,4,0.000000,12.000000
166916,906412.000000,2019-11-28 00:00:00+03:00,2,25.000000,0,0.000000,0,0.000000,5,1,2,0.000000,12.500000
166916,906416.000000,2019-11-05 00:00:00+03:00,0,0.000000,0,0.000000,0,0.000000,0,1,0,,
166916,906416.000000,2019-11-06 00:00:00+03:00,0,0.000000,0,0.000000,0,0.000000,0,1,0,,
166916,906416.000000,2019-11-07 00:00:00+03:00,0,0.000000,0,0.000000,0,0.000000,1,1,0,,
166916,906416.000000,2019-11-08 00:00:00+03:00,0,0.000000,0,0.000000,0,0.000000,0,1,0,,
166916,906416.000000,2019-11-11 00:00:00+03:00,1,15.000000,0,0.000000,0,0.000000,6,1,1,0.000000,15.000000
166916,906416.000000,2019-11-12 00:00:00+03:00,0,0.000000,0,0.000000,0,0.000000,4,1,0,,
166916,906416.000000,2019-11-13 00:00:00+03:00,1,15.000000,0,0.000000,0,0.000000,1,1,1,0.000000,15.000000
166916,906416.000000,2019-11-14 00:00:00+03:00,1,24.000000,0,0.000000,0,0.000000,0,1,1,0.000000,24.000000
166916,906416.000000,2019-11-15 00:00:00+03:00,0,0.000000,0,0.000000,0,0.000000,0,1,0,,
166916,906416.000000,2019-11-19 00:00:00+03:00,0,0.000000,0,0.000000,0,0.000000,0,1,0,,
166916,906416.000000,2019-11-20 00:00:00+03:00,0,0.000000,0,0.000000,0,0.000000,0,1,0,,
166916,906416.000000,2019-11-21 00:00:00+03:00,0,0.000000,0,0.000000,0,0.000000,0,1,0,,
166916,906416.000000,2019-11-22 00:00:00+03:00,0,0.000000,0,0.000000,0,0.000000,0,1,0,,
166916,906416.000000,2019-11-23 00:00:00+03:00,0,0.000000,0,0.000000,0,0.000000,1,1,0,,
166916,906416.000000,2019-11-25 00:00:00+03:00,1,14.000000,0,0.000000,0,0.000000,1,1,1,0.000000,14.000000
166916,906416.000000,2019-11-26 00:00:00+03:00,0,0.000000,0,0.000000,0,0.000000,0,1,0,,
166916,906416.000000,2019-11-27 00:00:00+03:00,0,0.000000,0,0.000000,0,0.000000,0,1,0,,
166916,906416.000000,2019-11-28 00:00:00+03:00,2,30.000000,0,0.000000,0,0.000000,0,1,2,0.000000,15.000000
166916,906418.000000,2019-11-25 00:00:00+03:00,2,26.000000,0,0.000000,0,0.000000,0,1,2,0.000000,13.000000
166916,906418.000000,2019-11-26 00:00:00+03:00,2,30.000000,0,0.000000,0,0.000000,0,1,2,0.000000,15.000000
166916,906418.000000,2019-11-27 00:00:00+03:00,1,17.000000,0,0.000000,0,0.000000,1,1,1,0.000000,17.000000
166916,906418.000000,2019-11-28 00:00:00+03:00,0,0.000000,0,0.000000,0,0.000000,0,1,0,,
166916,906420.000000,2019-11-05 00:00:00+03:00,1,14.000000,0,0.000000,0,0.000000,0,1,1,0.000000,14.000000
166916,906420.000000,2019-11-06 00:00:00+03:00,0,0.000000,0,0.000000,0,0.000000,0,1,0,,
166916,906420.000000,2019-11-14 00:00:00+03:00,0,0.000000,0,0.000000,0,0.000000,0,1,0,,
166916,906420.000000,2019-11-18 00:00:00+03:00,1,7.000000,0,0.000000,0,0.000000,0,1,1,0.000000,7.000000
166916,906420.000000,2019-11-19 00:00:00+03:00,1,15.000000,0,0.000000,0,0.000000,0,1,1,0.000000,15.000000
166916,906420.000000,2019-11-21 00:00:00+03:00,0,0.000000,0,0.000000,0,0.000000,4,1,0,,
166916,906420.000000,2019-11-22 00:00:00+03:00,0,0.000000,0,0.000000,0,0.000000,0,1,0,,
166916,906420.000000,2019-11-26 00:00:00+03:00,1,8.000000,0,0.000000,0,0.000000,0,1,1,0.000000,8.000000
166916,906420.000000,2019-11-27 00:00:00+03:00,1,11.000000,0,0.000000,0,0.000000,0,1,1,0.000000,11.000000
166939,951332.000000,2019-11-06 00:00:00+03:00,0,0.000000,0,0.000000,0,0.000000,0,1,0,,
166939,951332.000000,2019-11-12 00:00:00+03:00,1,32.000000,0,0.000000,0,0.000000,0,1,1,0.000000,32.000000
166939,951332.000000,2019-11-15 00:00:00+03:00,4,110.000000,0,0.000000,0,0.000000,0,1,4,0.000000,27.500000
166939,951332.000000,2019-11-18 00:00:00+03:00,2,46.000000,0,0.000000,0,0.000000,0,1,2,0.000000,23.000000
166939,951332.000000,2019-11-19 00:00:00+03:00,2,91.000000,0,0.000000,0,0.000000,0,1,2,0.000000,45.500000
166939,951332.000000,2019-11-21 00:00:00+03:00,0,0.000000,0,0.000000,0,0.000000,0,1,0,,
166939,951332.000000,2019-11-25 00:00:00+03:00,0,0.000000,0,0.000000,0,0.000000,0,1,0,,
166939,954750.000000,2019-11-11 00:00:00+03:00,3,8.000000,0,0.000000,0,0.000000,3,1,3,0.000000,2.666667
166939,954750.000000,2019-11-12 00:00:00+03:00,19,195.000000,0,0.000000,0,0.000000,1,1,19,0.000000,10.263158
166939,954750.000000,2019-11-13 00:00:00+03:00,10,242.000000,0,0.000000,0,0.000000,0,1,10,0.000000,24.200000
166939,954750.000000,2019-11-14 00:00:00+03:00,23,503.000000,0,0.000000,0,0.000000,0,1,23,0.000000,21.869565
166939,954750.000000,2019-11-15 00:00:00+03:00,8,181.000000,0,0.000000,0,0.000000,24,1,8,0.000000,22.625000
166939,954750.000000,2019-11-16 00:00:00+03:00,6,146.000000,0,0.000000,0,0.000000,1,1,6,0.000000,24.333333
166939,954750.000000,2019-11-18 00:00:00+03:00,15,372.000000,1,26.000000,0,0.000000,0,1,16,0.062500,24.800000
166939,954750.000000,2019-11-19 00:00:00+03:00,10,240.000000,0,0.000000,0,0.000000,0,1,10,0.000000,24.000000
166939,954750.000000,2019-11-20 00:00:00+03:00,16,381.000000,0,0.000000,0,0.000000,1,1,16,0.000000,23.812500
166939,954750.000000,2019-11-21 00:00:00+03:00,15,367.000000,0,0.000000,0,0.000000,17,1,15,0.000000,24.466667
166939,954750.000000,2019-11-22 00:00:00+03:00,14,330.000000,0,0.000000,0,0.000000,0,1,14,0.000000,23.571429
166939,954750.000000,2019-11-23 00:00:00+03:00,7,156.000000,0,0.000000,0,0.000000,0,1,7,0.000000,22.285714
166939,954750.000000,2019-11-24 00:00:00+03:00,1,22.000000,0,0.000000,0,0.000000,0,1,1,0.000000,22.000000
166939,954750.000000,2019-11-25 00:00:00+03:00,25,568.000000,0,0.000000,0,0.000000,0,1,25,0.000000,22.720000
166939,954750.000000,2019-11-26 00:00:00+03:00,22,501.000000,0,0.000000,0,0.000000,0,1,22,0.000000,22.772727
166939,954750.000000,2019-11-27 00:00:00+03:00,15,347.000000,0,0.000000,0,0.000000,0,1,15,0.000000,23.133333
166939,954750.000000,2019-11-28 00:00:00+03:00,13,294.000000,0,0.000000,0,0.000000,0,1,13,0.000000,22.615385
166939,955068.000000,2019-11-20 00:00:00+03:00,0,0.000000,0,0.000000,0,0.000000,0,1,0,,
166939,955082.000000,2019-11-15 00:00:00+03:00,0,0.000000,0,0.000000,0,0.000000,0,1,0,,
166939,955082.000000,2019-11-21 00:00:00+03:00,0,0.000000,0,0.000000,0,0.000000,0,1,0,,
166939,955082.000000,2019-11-22 00:00:00+03:00,0,0.000000,0,0.000000,0,0.000000,0,1,0,,
166939,955082.000000,2019-11-23 00:00:00+03:00,0,0.000000,0,0.000000,0,0.000000,0,1,0,,
166939,955082.000000,2019-11-25 00:00:00+03:00,0,0.000000,0,0.000000,0,0.000000,0,1,0,,
166939,955082.000000,2019-11-27 00:00:00+03:00,0,0.000000,0,0.000000,0,0.000000,0,1,0,,
166939,955082.000000,2019-11-28 00:00:00+03:00,0,0.000000,0,0.000000,0,0.000000,0,1,0,,
166939,955086.000000,2019-11-25 00:00:00+03:00,0,0.000000,0,0.000000,0,0.000000,0,1,0,,
166939,955090.000000,2019-11-12 00:00:00+03:00,0,0.000000,0,0.000000,0,0.000000,0,1,0,,
166939,955090.000000,2019-11-13 00:00:00+03:00,0,0.000000,0,0.000000,0,0.000000,0,1,0,,
166939,955090.000000,2019-11-15 00:00:00+03:00,0,0.000000,0,0.000000,0,0.000000,0,1,0,,
166939,955090.000000,2019-11-18 00:00:00+03:00,0,0.000000,0,0.000000,0,0.000000,0,1,0,,
166939,955090.000000,2019-11-20 00:00:00+03:00,0,0.000000,0,0.000000,0,0.000000,0,1,0,,
166939,955090.000000,2019-11-21 00:00:00+03:00,0,0.000000,0,0.000000,0,0.000000,0,1,0,,
166939,955090.000000,2019-11-22 00:00:00+03:00,0,0.000000,0,0.000000,0,0.000000,0,1,0,,
166939,955090.000000,2019-11-25 00:00:00+03:00,0,0.000000,0,0.000000,0,0.000000,0,1,0,,
166939,955090.000000,2019-11-26 00:00:00+03:00,0,0.000000,0,0.000000,0,0.000000,0,1,0,,
166939,955090.000000,2019-11-28 00:00:00+03:00,0,0.000000,0,0.000000,0,0.000000,0,1,0,,
166939,955094.000000,2019-11-07 00:00:00+03:00,0,0.000000,0,0.000000,0,0.000000,1,1,0,,
166940,897030.000000,2019-11-25 00:00:00+03:00,0,0.000000,0,0.000000,0,0.000000,19,1,0,,
166940,897030.000000,2019-11-26 00:00:00+03:00,0,0.000000,0,0.000000,0,0.000000,41,1,0,,
166940,897030.000000,2019-11-27 00:00:00+03:00,2,28.000000,0,0.000000,0,0.000000,0,1,2,0.000000,14.000000
166940,972460.000000,2019-11-27 00:00:00+03:00,2,8.000000,0,0.000000,0,0.000000,8,1,2,0.000000,4.000000
166940,972460.000000,2019-11-28 00:00:00+03:00,0,0.000000,0,0.000000,0,0.000000,57,1,0,,
166971,914626.000000,2019-11-22 00:00:00+03:00,0,0.000000,0,0.000000,0,0.000000,1,1,0,,
166971,914630.000000,2019-11-05 00:00:00+03:00,1,5.000000,0,0.000000,0,0.000000,0,1,1,0.000000,5.000000
166971,914630.000000,2019-11-06 00:00:00+03:00,1,15.000000,0,0.000000,0,0.000000,0,1,1,0.000000,15.000000
166971,914630.000000,2019-11-15 00:00:00+03:00,1,14.000000,0,0.000000,0,0.000000,5,1,1,0.000000,14.000000
166971,914630.000000,2019-11-20 00:00:00+03:00,1,19.000000,0,0.000000,0,0.000000,0,1,1,0.000000,19.000000
166971,914630.000000,2019-11-21 00:00:00+03:00,0,0.000000,0,0.000000,0,0.000000,8,1,0,,
166971,914630.000000,2019-11-25 00:00:00+03:00,0,0.000000,0,0.000000,0,0.000000,7,1,0,,
166971,914630.000000,2019-11-28 00:00:00+03:00,0,0.000000,0,0.000000,0,0.000000,2,1,0,,
166973,901584.000000,2019-11-01 00:00:00+03:00,6,36.000000,0,0.000000,0,0.000000,2,1,6,0.000000,6.000000
166973,901584.000000,2019-11-05 00:00:00+03:00,2,19.000000,0,0.000000,0,0.000000,1,1,2,0.000000,9.500000
166973,901584.000000,2019-11-06 00:00:00+03:00,1,35.000000,0,0.000000,0,0.000000,2,1,1,0.000000,35.000000
166973,901584.000000,2019-11-07 00:00:00+03:00,4,17.000000,0,0.000000,0,0.000000,0,1,4,0.000000,4.250000
166973,901584.000000,2019-11-08 00:00:00+03:00,1,6.000000,0,0.000000,0,0.000000,6,1,1,0.000000,6.000000
166973,901584.000000,2019-11-11 00:00:00+03:00,0,0.000000,0,0.000000,0,0.000000,2,1,0,,
166973,901584.000000,2019-11-12 00:00:00+03:00,5,22.000000,0,0.000000,0,0.000000,7,1,5,0.000000,4.400000
166973,901584.000000,2019-11-13 00:00:00+03:00,2,7.000000,0,0.000000,0,0.000000,2,1,2,0.000000,3.500000
166973,901584.000000,2019-11-14 00:00:00+03:00,1,4.000000,0,0.000000,0,0.000000,6,1,1,0.000000,4.000000
166973,901584.000000,2019-11-15 00:00:00+03:00,3,11.000000,0,0.000000,0,0.000000,4,1,3,0.000000,3.666667
166973,901584.000000,2019-11-18 00:00:00+03:00,4,18.000000,0,0.000000,0,0.000000,8,1,4,0.000000,4.500000
166973,901584.000000,2019-11-19 00:00:00+03:00,5,27.000000,0,0.000000,0,0.000000,1,1,5,0.000000,5.400000
166973,901584.000000,2019-11-20 00:00:00+03:00,1,9.000000,0,0.000000,0,0.000000,2,1,1,0.000000,9.000000
166973,901584.000000,2019-11-21 00:00:00+03:00,3,14.000000,0,0.000000,0,0.000000,1,1,3,0.000000,4.666667
166973,901584.000000,2019-11-22 00:00:00+03:00,4,22.000000,0,0.000000,0,0.000000,1,1,4,0.000000,5.500000
166973,901584.000000,2019-11-25 00:00:00+03:00,0,0.000000,0,0.000000,0,0.000000,7,1,0,,
166973,901584.000000,2019-11-26 00:00:00+03:00,12,52.000000,0,0.000000,0,0.000000,2,1,12,0.000000,4.333333
166973,901584.000000,2019-11-27 00:00:00+03:00,4,24.000000,0,0.000000,0,0.000000,1,1,4,0.000000,6.000000
166973,901584.000000,2019-11-28 00:00:00+03:00,10,38.000000,0,0.000000,0,0.000000,5,1,10,0.000000,3.800000
166973,901586.000000,2019-11-06 00:00:00+03:00,1,9.000000,0,0.000000,0,0.000000,0,1,1,0.000000,9.000000
166973,901586.000000,2019-11-15 00:00:00+03:00,1,9.000000,0,0.000000,0,0.000000,0,1,1,0.000000,9.000000
166973,901586.000000,2019-11-18 00:00:00+03:00,0,0.000000,0,0.000000,0,0.000000,12,1,0,,
166973,901586.000000,2019-11-19 00:00:00+03:00,0,0.000000,0,0.000000,0,0.000000,2,1,0,,
166973,901586.000000,2019-11-20 00:00:00+03:00,0,0.000000,0,0.000000,0,0.000000,2,1,0,,
166973,901586.000000,2019-11-21 00:00:00+03:00,0,0.000000,0,0.000000,0,0.000000,2,1,0,,
166973,901586.000000,2019-11-22 00:00:00+03:00,1,16.000000,0,0.000000,0,0.000000,0,1,1,0.000000,16.000000
166973,901586.000000,2019-11-26 00:00:00+03:00,1,13.000000,0,0.000000,0,0.000000,0,1,1,0.000000,13.000000
166973,901586.000000,2019-11-27 00:00:00+03:00,3,9.000000,0,0.000000,0,0.000000,0,1,3,0.000000,3.000000
166973,901586.000000,2019-11-28 00:00:00+03:00,3,11.000000,0,0.000000,0,0.000000,0,1,3,0.000000,3.666667
166973,901588.000000,2019-11-01 00:00:00+03:00,0,0.000000,0,0.000000,0,0.000000,2,1,0,,
166973,901588.000000,2019-11-05 00:00:00+03:00,0,0.000000,0,0.000000,0,0.000000,2,1,0,,
166973,901588.000000,2019-11-06 00:00:00+03:00,2,12.000000,0,0.000000,0,0.000000,1,1,2,0.000000,6.000000
166973,901588.000000,2019-11-08 00:00:00+03:00,0,0.000000,0,0.000000,0,0.000000,1,1,0,,
166973,901588.000000,2019-11-12 00:00:00+03:00,1,14.000000,0,0.000000,0,0.000000,0,1,1,0.000000,14.000000
166973,901588.000000,2019-11-15 00:00:00+03:00,1,6.000000,0,0.000000,0,0.000000,0,1,1,0.000000,6.000000
166973,901588.000000,2019-11-18 00:00:00+03:00,1,2.000000,0,0.000000,0,0.000000,0,1,1,0.000000,2.000000
166973,901588.000000,2019-11-19 00:00:00+03:00,2,13.000000,0,0.000000,0,0.000000,0,1,2,0.000000,6.500000
166973,901588.000000,2019-11-20 00:00:00+03:00,1,3.000000,0,0.000000,0,0.000000,0,1,1,0.000000,3.000000
166973,901588.000000,2019-11-21 00:00:00+03:00,1,24.000000,0,0.000000,0,0.000000,0,1,1,0.000000,24.000000
166973,901588.000000,2019-11-22 00:00:00+03:00,1,3.000000,0,0.000000,0,0.000000,0,1,1,0.000000,3.000000
166973,901588.000000,2019-11-25 00:00:00+03:00,0,0.000000,0,0.000000,0,0.000000,6,1,0,,
166973,901588.000000,2019-11-26 00:00:00+03:00,3,9.000000,0,0.000000,0,0.000000,0,1,3,0.000000,3.000000
166973,901588.000000,2019-11-27 00:00:00+03:00,6,18.000000,0,0.000000,0,0.000000,0,1,6,0.000000,3.000000
166974,900352.000000,2019-11-01 00:00:00+03:00,1,21.000000,0,0.000000,0,0.000000,0,1,1,0.000000,21.000000
166974,900352.000000,2019-11-04 00:00:00+03:00,0,0.000000,0,0.000000,0,0.000000,2,1,0,,
166974,900352.000000,2019-11-05 00:00:00+03:00,1,19.000000,0,0.000000,0,0.000000,3,1,1,0.000000,19.000000
166974,900352.000000,2019-11-06 00:00:00+03:00,5,69.000000,0,0.000000,0,0.000000,16,1,5,0.000000,13.800000
166974,900352.000000,2019-11-07 00:00:00+03:00,6,158.000000,0,0.000000,0,0.000000,7,1,6,0.000000,26.333333
166974,900352.000000,2019-11-08 00:00:00+03:00,2,30.000000,0,0.000000,0,0.000000,33,1,2,0.000000,15.000000
166974,900352.000000,2019-11-11 00:00:00+03:00,5,94.000000,0,0.000000,0,0.000000,14,1,5,0.000000,18.800000
166974,900352.000000,2019-11-12 00:00:00+03:00,4,89.000000,0,0.000000,0,0.000000,6,1,4,0.000000,22.250000
166974,900352.000000,2019-11-13 00:00:00+03:00,4,101.000000,0,0.000000,0,0.000000,3,1,4,0.000000,25.250000
166974,900352.000000,2019-11-14 00:00:00+03:00,4,60.000000,0,0.000000,0,0.000000,8,1,4,0.000000,15.000000
166974,900352.000000,2019-11-15 00:00:00+03:00,2,29.000000,0,0.000000,0,0.000000,2,1,2,0.000000,14.500000
166974,900352.000000,2019-11-18 00:00:00+03:00,2,28.000000,0,0.000000,0,0.000000,8,1,2,0.000000,14.000000
166974,900352.000000,2019-11-19 00:00:00+03:00,2,46.000000,0,0.000000,0,0.000000,4,1,2,0.000000,23.000000
166974,900352.000000,2019-11-20 00:00:00+03:00,3,45.000000,0,0.000000,0,0.000000,5,1,3,0.000000,15.000000
166974,900352.000000,2019-11-21 00:00:00+03:00,2,29.000000,0,0.000000,0,0.000000,17,1,2,0.000000,14.500000
166974,900352.000000,2019-11-22 00:00:00+03:00,1,18.000000,0,0.000000,0,0.000000,5,1,1,0.000000,18.000000
166974,900352.000000,2019-11-25 00:00:00+03:00,1,15.000000,0,0.000000,0,0.000000,0,1,1,0.000000,15.000000
166974,900352.000000,2019-11-26 00:00:00+03:00,2,27.000000,0,0.000000,0,0.000000,4,1,2,0.000000,13.500000
166974,900352.000000,2019-11-27 00:00:00+03:00,6,113.000000,0,0.000000,0,0.000000,10,1,6,0.000000,18.833333
166974,900352.000000,2019-11-28 00:00:00+03:00,7,176.000000,0,0.000000,0,0.000000,19,1,7,0.000000,25.142857
166974,900354.000000,2019-11-01 00:00:00+03:00,1,29.000000,0,0.000000,0,0.000000,1,1,1,0.000000,29.000000
166974,900354.000000,2019-11-04 00:00:00+03:00,0,0.000000,0,0.000000,0,0.000000,2,1,0,,
166974,900354.000000,2019-11-05 00:00:00+03:00,2,23.000000,0,0.000000,0,0.000000,8,1,2,0.000000,11.500000
166974,900354.000000,2019-11-06 00:00:00+03:00,2,33.000000,0,0.000000,0,0.000000,16,1,2,0.000000,16.500000
166974,900354.000000,2019-11-07 00:00:00+03:00,3,33.000000,0,0.000000,0,0.000000,18,1,3,0.000000,11.000000
166974,900354.000000,2019-11-08 00:00:00+03:00,3,60.000000,0,0.000000,0,0.000000,18,1,3,0.000000,20.000000
166974,900354.000000,2019-11-11 00:00:00+03:00,7,123.000000,0,0.000000,0,0.000000,17,1,7,0.000000,17.571429
166974,900354.000000,2019-11-12 00:00:00+03:00,1,18.000000,0,0.000000,0,0.000000,0,1,1,0.000000,18.000000
166974,900354.000000,2019-11-13 00:00:00+03:00,1,16.000000,0,0.000000,0,0.000000,6,1,1,0.000000,16.000000
166974,900354.000000,2019-11-15 00:00:00+03:00,0,0.000000,0,0.000000,0,0.000000,2,1,0,,
166974,900354.000000,2019-11-18 00:00:00+03:00,1,30.000000,0,0.000000,0,0.000000,16,1,1,0.000000,30.000000
166974,900354.000000,2019-11-19 00:00:00+03:00,0,0.000000,0,0.000000,0,0.000000,8,1,0,,
166974,900354.000000,2019-11-20 00:00:00+03:00,1,24.000000,0,0.000000,0,0.000000,8,1,1,0.000000,24.000000
166974,900354.000000,2019-11-21 00:00:00+03:00,2,30.000000,0,0.000000,0,0.000000,12,1,2,0.000000,15.000000
166974,900354.000000,2019-11-22 00:00:00+03:00,0,0.000000,0,0.000000,0,0.000000,12,1,0,,
166974,900354.000000,2019-11-23 00:00:00+03:00,0,0.000000,0,0.000000,0,0.000000,2,1,0,,
166974,900354.000000,2019-11-25 00:00:00+03:00,6,90.000000,0,0.000000,0,0.000000,12,1,6,0.000000,15.000000
166974,900354.000000,2019-11-26 00:00:00+03:00,3,56.000000,0,0.000000,0,0.000000,2,1,3,0.000000,18.666667
166974,900354.000000,2019-11-27 00:00:00+03:00,3,53.000000,0,0.000000,0,0.000000,6,1,3,0.000000,17.666667
166974,900354.000000,2019-11-28 00:00:00+03:00,4,67.000000,0,0.000000,0,0.000000,26,1,4,0.000000,16.750000
166975,899268.000000,2019-11-01 00:00:00+03:00,0,0.000000,1,22.000000,0,0.000000,0,1,1,1.000000,
166975,899268.000000,2019-11-08 00:00:00+03:00,2,52.000000,0,0.000000,0,0.000000,0,1,2,0.000000,26.000000
166975,899268.000000,2019-11-13 00:00:00+03:00,3,72.000000,0,0.000000,0,0.000000,0,1,3,0.000000,24.000000
166975,899268.000000,2019-11-19 00:00:00+03:00,1,24.000000,0,0.000000,0,0.000000,0,1,1,0.000000,24.000000
166975,899268.000000,2019-11-22 00:00:00+03:00,1,14.000000,0,0.000000,0,0.000000,0,1,1,0.000000,14.000000
166975,899268.000000,2019-11-26 00:00:00+03:00,1,26.000000,0,0.000000,0,0.000000,0,1,1,0.000000,26.000000
166975,899268.000000,2019-11-27 00:00:00+03:00,1,19.000000,0,0.000000,0,0.000000,0,1,1,0.000000,19.000000
166975,899898.000000,2019-11-11 00:00:00+03:00,1,27.000000,0,0.000000,0,0.000000,0,1,1,0.000000,27.000000
166975,899912.000000,2019-11-12 00:00:00+03:00,1,19.000000,0,0.000000,0,0.000000,0,1,1,0.000000,19.000000
166983,901880.000000,2019-11-01 00:00:00+03:00,24,121.000000,0,0.000000,0,0.000000,25,1,24,0.000000,5.041667
166983,901880.000000,2019-11-02 00:00:00+03:00,21,106.000000,0,0.000000,0,0.000000,19,1,21,0.000000,5.047619
166983,901880.000000,2019-11-03 00:00:00+03:00,10,51.000000,0,0.000000,0,0.000000,26,1,10,0.000000,5.100000
166983,901880.000000,2019-11-04 00:00:00+03:00,16,63.000000,0,0.000000,0,0.000000,20,1,16,0.000000,3.937500
166983,901880.000000,2019-11-05 00:00:00+03:00,14,72.000000,0,0.000000,0,0.000000,19,1,14,0.000000,5.142857
166983,901880.000000,2019-11-06 00:00:00+03:00,23,112.000000,0,0.000000,0,0.000000,11,1,23,0.000000,4.869565
166983,901880.000000,2019-11-07 00:00:00+03:00,27,151.000000,0,0.000000,0,0.000000,17,1,27,0.000000,5.592593
166983,901880.000000,2019-11-08 00:00:00+03:00,24,105.000000,0,0.000000,0,0.000000,42,1,24,0.000000,4.375000
166983,901880.000000,2019-11-09 00:00:00+03:00,50,234.000000,0,0.000000,0,0.000000,45,1,50,0.000000,4.680000
166983,901880.000000,2019-11-10 00:00:00+03:00,9,36.000000,0,0.000000,0,0.000000,24,1,9,0.000000,4.000000
166983,901880.000000,2019-11-11 00:00:00+03:00,20,93.000000,0,0.000000,0,0.000000,51,1,20,0.000000,4.650000
166983,901880.000000,2019-11-12 00:00:00+03:00,36,215.000000,1,13.000000,0,0.000000,28,1,37,0.027027,5.972222
166983,901880.000000,2019-11-13 00:00:00+03:00,20,86.000000,0,0.000000,0,0.000000,40,1,20,0.000000,4.300000
166983,901880.000000,2019-11-14 00:00:00+03:00,22,110.000000,0,0.000000,0,0.000000,28,1,22,0.000000,5.000000
166983,901880.000000,2019-11-15 00:00:00+03:00,19,100.000000,0,0.000000,0,0.000000,51,1,19,0.000000,5.263158
166983,901880.000000,2019-11-16 00:00:00+03:00,0,0.000000,0,0.000000,0,0.000000,14,1,0,,
166983,901880.000000,2019-11-17 00:00:00+03:00,21,113.000000,0,0.000000,0,0.000000,13,1,21,0.000000,5.380952
166983,901880.000000,2019-11-18 00:00:00+03:00,60,332.000000,1,8.000000,0,0.000000,50,1,61,0.016393,5.533333
166983,901880.000000,2019-11-19 00:00:00+03:00,17,108.000000,0,0.000000,0,0.000000,33,1,17,0.000000,6.352941
166983,901880.000000,2019-11-20 00:00:00+03:00,21,100.000000,0,0.000000,0,0.000000,41,1,21,0.000000,4.761905
166983,901880.000000,2019-11-21 00:00:00+03:00,23,118.000000,0,0.000000,0,0.000000,27,1,23,0.000000,5.130435
166983,901880.000000,2019-11-22 00:00:00+03:00,32,191.000000,0,0.000000,0,0.000000,37,1,32,0.000000,5.968750
166983,901880.000000,2019-11-23 00:00:00+03:00,32,186.000000,0,0.000000,0,0.000000,23,1,32,0.000000,5.812500
166983,901880.000000,2019-11-24 00:00:00+03:00,18,87.000000,0,0.000000,0,0.000000,31,1,18,0.000000,4.833333
166983,901880.000000,2019-11-25 00:00:00+03:00,26,121.000000,1,2.000000,0,0.000000,26,1,27,0.037037,4.653846
166983,901880.000000,2019-11-26 00:00:00+03:00,18,83.000000,0,0.000000,0,0.000000,28,1,18,0.000000,4.611111
166983,901880.000000,2019-11-27 00:00:00+03:00,26,151.000000,0,0.000000,0,0.000000,28,1,26,0.000000,5.807692
166983,901880.000000,2019-11-28 00:00:00+03:00,20,93.000000,0,0.000000,0,0.000000,32,1,20,0.000000,4.650000
166983,901884.000000,2019-11-01 00:00:00+03:00,4,48.000000,0,0.000000,0,0.000000,21,1,4,0.000000,12.000000
166983,901884.000000,2019-11-02 00:00:00+03:00,8,152.000000,0,0.000000,0,0.000000,30,1,8,0.000000,19.000000
166983,901884.000000,2019-11-03 00:00:00+03:00,3,47.000000,0,0.000000,0,0.000000,10,1,3,0.000000,15.666667
166983,901884.000000,2019-11-04 00:00:00+03:00,12,200.000000,0,0.000000,0,0.000000,2,1,12,0.000000,16.666667
166983,901884.000000,2019-11-05 00:00:00+03:00,4,25.000000,0,0.000000,0,0.000000,15,1,4,0.000000,6.250000
166983,901884.000000,2019-11-06 00:00:00+03:00,7,85.000000,0,0.000000,0,0.000000,23,1,7,0.000000,12.142857
166983,901884.000000,2019-11-07 00:00:00+03:00,5,93.000000,0,0.000000,0,0.000000,21,1,5,0.000000,18.600000
166983,901884.000000,2019-11-08 00:00:00+03:00,4,45.000000,0,0.000000,0,0.000000,33,1,4,0.000000,11.250000
166983,901884.000000,2019-11-09 00:00:00+03:00,4,75.000000,0,0.000000,0,0.000000,1,1,4,0.000000,18.750000
166983,901884.000000,2019-11-10 00:00:00+03:00,10,137.000000,0,0.000000,0,0.000000,32,1,10,0.000000,13.700000
166983,901884.000000,2019-11-11 00:00:00+03:00,12,176.000000,0,0.000000,0,0.000000,30,1,12,0.000000,14.666667
166983,901884.000000,2019-11-12 00:00:00+03:00,9,78.000000,0,0.000000,0,0.000000,15,1,9,0.000000,8.666667
166983,901884.000000,2019-11-13 00:00:00+03:00,8,85.000000,0,0.000000,0,0.000000,32,1,8,0.000000,10.625000
166983,901884.000000,2019-11-14 00:00:00+03:00,4,75.000000,0,0.000000,0,0.000000,59,1,4,0.000000,18.750000
166983,901884.000000,2019-11-15 00:00:00+03:00,6,56.000000,0,0.000000,0,0.000000,32,1,6,0.000000,9.333333
166983,901884.000000,2019-11-16 00:00:00+03:00,26,178.000000,0,0.000000,0,0.000000,22,1,26,0.000000,6.846154
166983,901884.000000,2019-11-17 00:00:00+03:00,3,46.000000,0,0.000000,0,0.000000,40,1,3,0.000000,15.333333
166983,901884.000000,2019-11-18 00:00:00+03:00,12,130.000000,0,0.000000,0,0.000000,52,1,12,0.000000,10.833333
166983,901884.000000,2019-11-19 00:00:00+03:00,6,65.000000,0,0.000000,0,0.000000,14,1,6,0.000000,10.833333
166983,901884.000000,2019-11-20 00:00:00+03:00,4,61.000000,0,0.000000,0,0.000000,3,1,4,0.000000,15.250000
166983,901884.000000,2019-11-21 00:00:00+03:00,9,76.000000,0,0.000000,0,0.000000,21,1,9,0.000000,8.444444
166983,901884.000000,2019-11-22 00:00:00+03:00,12,150.000000,0,0.000000,0,0.000000,7,1,12,0.000000,12.500000
166983,901884.000000,2019-11-23 00:00:00+03:00,0,0.000000,0,0.000000,0,0.000000,1,1,0,,
166983,901884.000000,2019-11-24 00:00:00+03:00,5,63.000000,0,0.000000,0,0.000000,30,1,5,0.000000,12.600000
166983,901884.000000,2019-11-25 00:00:00+03:00,7,76.000000,0,0.000000,0,0.000000,25,1,7,0.000000,10.857143
166983,901884.000000,2019-11-26 00:00:00+03:00,4,64.000000,0,0.000000,0,0.000000,30,1,4,0.000000,16.000000
166983,901884.000000,2019-11-27 00:00:00+03:00,11,175.000000,0,0.000000,0,0.000000,38,1,11,0.000000,15.909091
166983,901884.000000,2019-11-28 00:00:00+03:00,12,102.000000,0,0.000000,0,0.000000,7,1,12,0.000000,8.500000
166983,901886.000000,2019-11-01 00:00:00+03:00,3,51.000000,0,0.000000,0,0.000000,45,1,3,0.000000,17.000000
166983,901886.000000,2019-11-02 00:00:00+03:00,2,22.000000,0,0.000000,0,0.000000,30,1,2,0.000000,11.000000
166983,901886.000000,2019-11-04 00:00:00+03:00,2,42.000000,0,0.000000,0,0.000000,16,1,2,0.000000,21.000000
166983,901886.000000,2019-11-05 00:00:00+03:00,5,96.000000,0,0.000000,0,0.000000,79,1,5,0.000000,19.200000
166983,901886.000000,2019-11-06 00:00:00+03:00,3,63.000000,0,0.000000,0,0.000000,12,1,3,0.000000,21.000000
166983,901886.000000,2019-11-07 00:00:00+03:00,4,75.000000,0,0.000000,0,0.000000,40,1,4,0.000000,18.750000
166983,901886.000000,2019-11-08 00:00:00+03:00,6,160.000000,0,0.000000,0,0.000000,55,1,6,0.000000,26.666667
166983,901886.000000,2019-11-09 00:00:00+03:00,2,52.000000,0,0.000000,0,0.000000,17,1,2,0.000000,26.000000
166983,901886.000000,2019-11-11 00:00:00+03:00,1,22.000000,0,0.000000,0,0.000000,40,1,1,0.000000,22.000000
166983,901886.000000,2019-11-12 00:00:00+03:00,3,44.000000,0,0.000000,0,0.000000,25,1,3,0.000000,14.666667
166983,901886.000000,2019-11-14 00:00:00+03:00,2,43.000000,0,0.000000,0,0.000000,43,1,2,0.000000,21.500000
166983,901886.000000,2019-11-16 00:00:00+03:00,4,70.000000,0,0.000000,0,0.000000,39,1,4,0.000000,17.500000
166983,901886.000000,2019-11-19 00:00:00+03:00,6,100.000000,0,0.000000,0,0.000000,43,1,6,0.000000,16.666667
166983,901886.000000,2019-11-20 00:00:00+03:00,1,14.000000,0,0.000000,0,0.000000,13,1,1,0.000000,14.000000
166983,901886.000000,2019-11-21 00:00:00+03:00,2,47.000000,0,0.000000,0,0.000000,40,1,2,0.000000,23.500000
166983,901886.000000,2019-11-22 00:00:00+03:00,4,44.000000,0,0.000000,0,0.000000,34,1,4,0.000000,11.000000
166983,901886.000000,2019-11-23 00:00:00+03:00,2,27.000000,0,0.000000,0,0.000000,46,1,2,0.000000,13.500000
166983,901886.000000,2019-11-25 00:00:00+03:00,6,99.000000,0,0.000000,0,0.000000,22,1,6,0.000000,16.500000
166983,901886.000000,2019-11-26 00:00:00+03:00,0,0.000000,0,0.000000,0,0.000000,53,1,0,,
166983,901886.000000,2019-11-27 00:00:00+03:00,8,149.000000,0,0.000000,0,0.000000,9,1,8,0.000000,18.625000
166983,901886.000000,2019-11-28 00:00:00+03:00,2,33.000000,0,0.000000,0,0.000000,28,1,2,0.000000,16.500000
166983,909134.000000,2019-11-03 00:00:00+03:00,3,76.000000,0,0.000000,0,0.000000,0,1,3,0.000000,25.333333
166983,909134.000000,2019-11-05 00:00:00+03:00,1,42.000000,0,0.000000,0,0.000000,0,1,1,0.000000,42.000000
166983,909134.000000,2019-11-06 00:00:00+03:00,4,255.000000,0,0.000000,0,0.000000,0,1,4,0.000000,63.750000
166983,909134.000000,2019-11-07 00:00:00+03:00,2,39.000000,0,0.000000,0,0.000000,0,1,2,0.000000,19.500000
166983,909134.000000,2019-11-08 00:00:00+03:00,1,13.000000,0,0.000000,0,0.000000,0,1,1,0.000000,13.000000
166983,909134.000000,2019-11-10 00:00:00+03:00,4,124.000000,0,0.000000,0,0.000000,0,1,4,0.000000,31.000000
166983,909134.000000,2019-11-11 00:00:00+03:00,1,40.000000,0,0.000000,0,0.000000,0,1,1,0.000000,40.000000
166983,909134.000000,2019-11-12 00:00:00+03:00,12,684.000000,0,0.000000,0,0.000000,0,1,12,0.000000,57.000000
166983,909134.000000,2019-11-13 00:00:00+03:00,4,101.000000,0,0.000000,0,0.000000,0,1,4,0.000000,25.250000
166983,909134.000000,2019-11-15 00:00:00+03:00,2,50.000000,0,0.000000,0,0.000000,0,1,2,0.000000,25.000000
166983,909134.000000,2019-11-16 00:00:00+03:00,7,261.000000,0,0.000000,0,0.000000,0,1,7,0.000000,37.285714
166983,909134.000000,2019-11-17 00:00:00+03:00,5,202.000000,0,0.000000,0,0.000000,0,1,5,0.000000,40.400000
166983,909134.000000,2019-11-18 00:00:00+03:00,4,127.000000,0,0.000000,0,0.000000,0,1,4,0.000000,31.750000
166983,909134.000000,2019-11-19 00:00:00+03:00,1,42.000000,0,0.000000,0,0.000000,0,1,1,0.000000,42.000000
166983,909134.000000,2019-11-20 00:00:00+03:00,2,78.000000,0,0.000000,0,0.000000,0,1,2,0.000000,39.000000
166983,909134.000000,2019-11-22 00:00:00+03:00,5,173.000000,0,0.000000,0,0.000000,0,1,5,0.000000,34.600000
166983,909134.000000,2019-11-24 00:00:00+03:00,2,51.000000,0,0.000000,0,0.000000,0,1,2,0.000000,25.500000
166983,909134.000000,2019-11-25 00:00:00+03:00,2,51.000000,0,0.000000,0,0.000000,0,1,2,0.000000,25.500000
166983,909134.000000,2019-11-26 00:00:00+03:00,1,18.000000,0,0.000000,0,0.000000,0,1,1,0.000000,18.000000
166983,909134.000000,2019-11-27 00:00:00+03:00,1,28.000000,0,0.000000,0,0.000000,0,1,1,0.000000,28.000000
166983,909134.000000,2019-11-28 00:00:00+03:00,3,112.000000,0,0.000000,0,0.000000,0,1,3,0.000000,37.333333
166985,904284.000000,2019-11-01 00:00:00+03:00,1,19.000000,0,0.000000,0,0.000000,0,1,1,0.000000,19.000000
166985,904284.000000,2019-11-07 00:00:00+03:00,2,58.000000,0,0.000000,0,0.000000,0,1,2,0.000000,29.000000
166985,904284.000000,2019-11-08 00:00:00+03:00,3,39.000000,0,0.000000,0,0.000000,0,1,3,0.000000,13.000000
166985,904284.000000,2019-11-12 00:00:00+03:00,2,30.000000,0,0.000000,0,0.000000,0,1,2,0.000000,15.000000
166985,904284.000000,2019-11-13 00:00:00+03:00,2,26.000000,0,0.000000,0,0.000000,0,1,2,0.000000,13.000000
166985,904284.000000,2019-11-15 00:00:00+03:00,1,15.000000,0,0.000000,0,0.000000,0,1,1,0.000000,15.000000
166985,904284.000000,2019-11-17 00:00:00+03:00,1,19.000000,0,0.000000,0,0.000000,0,1,1,0.000000,19.000000
166985,904284.000000,2019-11-18 00:00:00+03:00,2,28.000000,0,0.000000,0,0.000000,0,1,2,0.000000,14.000000
166985,904284.000000,2019-11-20 00:00:00+03:00,2,28.000000,0,0.000000,0,0.000000,0,1,2,0.000000,14.000000
166985,904284.000000,2019-11-21 00:00:00+03:00,2,43.000000,0,0.000000,0,0.000000,0,1,2,0.000000,21.500000
166985,904284.000000,2019-11-25 00:00:00+03:00,2,33.000000,0,0.000000,0,0.000000,0,1,2,0.000000,16.500000
166985,904284.000000,2019-11-26 00:00:00+03:00,3,37.000000,0,0.000000,0,0.000000,0,1,3,0.000000,12.333333
166985,904284.000000,2019-11-27 00:00:00+03:00,2,25.000000,0,0.000000,0,0.000000,0,1,2,0.000000,12.500000
166985,904284.000000,2019-11-28 00:00:00+03:00,3,39.000000,0,0.000000,0,0.000000,0,1,3,0.000000,13.000000
166997,903312.000000,2019-11-02 00:00:00+03:00,1,11.000000,0,0.000000,0,0.000000,0,1,1,0.000000,11.000000
166997,903312.000000,2019-11-03 00:00:00+03:00,2,8.000000,0,0.000000,0,0.000000,0,1,2,0.000000,4.000000
166997,903312.000000,2019-11-05 00:00:00+03:00,1,7.000000,0,0.000000,0,0.000000,2,1,1,0.000000,7.000000
166997,903312.000000,2019-11-06 00:00:00+03:00,2,22.000000,0,0.000000,0,0.000000,0,1,2,0.000000,11.000000
166997,903312.000000,2019-11-16 00:00:00+03:00,1,25.000000,0,0.000000,0,0.000000,0,1,1,0.000000,25.000000
166997,903312.000000,2019-11-18 00:00:00+03:00,4,58.000000,0,0.000000,0,0.000000,0,1,4,0.000000,14.500000
166997,903312.000000,2019-11-19 00:00:00+03:00,1,18.000000,0,0.000000,0,0.000000,0,1,1,0.000000,18.000000
166997,903312.000000,2019-11-22 00:00:00+03:00,1,10.000000,0,0.000000,0,0.000000,0,1,1,0.000000,10.000000
166997,903318.000000,2019-11-01 00:00:00+03:00,1,44.000000,0,0.000000,0,0.000000,9,1,1,0.000000,44.000000
166997,903318.000000,2019-11-02 00:00:00+03:00,0,0.000000,0,0.000000,0,0.000000,7,1,0,,
166997,903318.000000,2019-11-03 00:00:00+03:00,3,27.000000,0,0.000000,0,0.000000,3,1,3,0.000000,9.000000
166997,903318.000000,2019-11-04 00:00:00+03:00,0,0.000000,0,0.000000,0,0.000000,3,1,0,,
166997,903318.000000,2019-11-05 00:00:00+03:00,1,41.000000,0,0.000000,0,0.000000,2,1,1,0.000000,41.000000
166997,903318.000000,2019-11-06 00:00:00+03:00,0,0.000000,0,0.000000,0,0.000000,4,1,0,,
166997,903318.000000,2019-11-07 00:00:00+03:00,0,0.000000,0,0.000000,0,0.000000,10,1,0,,
166997,903318.000000,2019-11-08 00:00:00+03:00,0,0.000000,0,0.000000,0,0.000000,5,1,0,,
166997,903318.000000,2019-11-11 00:00:00+03:00,0,0.000000,0,0.000000,0,0.000000,2,1,0,,
166997,903318.000000,2019-11-15 00:00:00+03:00,1,38.000000,0,0.000000,0,0.000000,0,1,1,0.000000,38.000000
166997,903318.000000,2019-11-18 00:00:00+03:00,0,0.000000,0,0.000000,0,0.000000,7,1,0,,
166997,903318.000000,2019-11-19 00:00:00+03:00,0,0.000000,0,0.000000,0,0.000000,2,1,0,,
166997,905432.000000,2019-11-02 00:00:00+03:00,2,12.000000,0,0.000000,0,0.000000,62,1,2,0.000000,6.000000
166997,905432.000000,2019-11-03 00:00:00+03:00,2,8.000000,0,0.000000,0,0.000000,77,1,2,0.000000,4.000000
166997,909502.000000,2019-11-02 00:00:00+03:00,0,0.000000,0,0.000000,0,0.000000,41,1,0,,
167002,900492.000000,2019-11-01 00:00:00+03:00,1,11.000000,0,0.000000,0,0.000000,2,1,1,0.000000,11.000000
167002,900492.000000,2019-11-04 00:00:00+03:00,0,0.000000,0,0.000000,0,0.000000,4,1,0,,
167002,900492.000000,2019-11-05 00:00:00+03:00,0,0.000000,0,0.000000,0,0.000000,4,1,0,,
167002,900492.000000,2019-11-11 00:00:00+03:00,0,0.000000,0,0.000000,0,0.000000,1,1,0,,
167002,900492.000000,2019-11-17 00:00:00+03:00,0,0.000000,0,0.000000,0,0.000000,1,1,0,,
167002,900492.000000,2019-11-19 00:00:00+03:00,0,0.000000,0,0.000000,0,0.000000,1,1,0,,
167002,900492.000000,2019-11-20 00:00:00+03:00,0,0.000000,0,0.000000,0,0.000000,1,1,0,,
167002,900492.000000,2019-11-21 00:00:00+03:00,0,0.000000,0,0.000000,0,0.000000,5,1,0,,
167002,900492.000000,2019-11-22 00:00:00+03:00,0,0.000000,0,0.000000,0,0.000000,3,1,0,,
167002,900492.000000,2019-11-24 00:00:00+03:00,0,0.000000,0,0.000000,0,0.000000,3,1,0,,
167002,900492.000000,2019-11-25 00:00:00+03:00,1,19.000000,0,0.000000,0,0.000000,1,1,1,0.000000,19.000000
167002,900492.000000,2019-11-26 00:00:00+03:00,0,0.000000,0,0.000000,0,0.000000,4,1,0,,
167002,900492.000000,2019-11-27 00:00:00+03:00,0,0.000000,0,0.000000,0,0.000000,10,1,0,,
167002,900492.000000,2019-11-28 00:00:00+03:00,1,16.000000,0,0.000000,0,0.000000,2,1,1,0.000000,16.000000
167003,901492.000000,2019-11-06 00:00:00+03:00,1,23.000000,0,0.000000,0,0.000000,0,1,1,0.000000,23.000000
167003,901492.000000,2019-11-07 00:00:00+03:00,1,25.000000,0,0.000000,0,0.000000,0,1,1,0.000000,25.000000
167003,901492.000000,2019-11-08 00:00:00+03:00,1,27.000000,0,0.000000,0,0.000000,0,1,1,0.000000,27.000000
167003,901492.000000,2019-11-15 00:00:00+03:00,1,23.000000,0,0.000000,0,0.000000,0,1,1,0.000000,23.000000
167003,901492.000000,2019-11-19 00:00:00+03:00,1,22.000000,0,0.000000,0,0.000000,0,1,1,0.000000,22.000000
167003,901492.000000,2019-11-20 00:00:00+03:00,1,22.000000,0,0.000000,0,0.000000,0,1,1,0.000000,22.000000
167003,901492.000000,2019-11-26 00:00:00+03:00,1,47.000000,0,0.000000,0,0.000000,0,1,1,0.000000,47.000000
167003,901492.000000,2019-11-28 00:00:00+03:00,0,0.000000,0,0.000000,0,0.000000,1,1,0,,
167004,900826.000000,2019-11-01 00:00:00+03:00,0,0.000000,0,0.000000,0,0.000000,1,1,0,,
167004,900826.000000,2019-11-02 00:00:00+03:00,1,9.000000,0,0.000000,0,0.000000,19,1,1,0.000000,9.000000
167004,900826.000000,2019-11-03 00:00:00+03:00,2,24.000000,0,0.000000,0,0.000000,7,1,2,0.000000,12.000000
167004,900826.000000,2019-11-05 00:00:00+03:00,2,10.000000,0,0.000000,0,0.000000,22,1,2,0.000000,5.000000
167004,900826.000000,2019-11-06 00:00:00+03:00,2,21.000000,0,0.000000,0,0.000000,16,1,2,0.000000,10.500000
167004,900826.000000,2019-11-07 00:00:00+03:00,2,15.000000,0,0.000000,0,0.000000,9,1,2,0.000000,7.500000
167004,900826.000000,2019-11-08 00:00:00+03:00,1,14.000000,0,0.000000,0,0.000000,22,1,1,0.000000,14.000000
167004,900826.000000,2019-11-09 00:00:00+03:00,3,41.000000,0,0.000000,0,0.000000,17,1,3,0.000000,13.666667
167004,900826.000000,2019-11-10 00:00:00+03:00,1,4.000000,0,0.000000,0,0.000000,17,1,1,0.000000,4.000000
167004,900826.000000,2019-11-11 00:00:00+03:00,8,85.000000,0,0.000000,0,0.000000,5,1,8,0.000000,10.625000
167004,900826.000000,2019-11-12 00:00:00+03:00,5,44.000000,0,0.000000,0,0.000000,11,1,5,0.000000,8.800000
167004,900826.000000,2019-11-13 00:00:00+03:00,16,234.000000,0,0.000000,0,0.000000,3,1,16,0.000000,14.625000
167004,900826.000000,2019-11-14 00:00:00+03:00,3,24.000000,0,0.000000,0,0.000000,5,1,3,0.000000,8.000000
167004,900826.000000,2019-11-15 00:00:00+03:00,0,0.000000,0,0.000000,0,0.000000,5,1,0,,
167004,900826.000000,2019-11-17 00:00:00+03:00,2,24.000000,0,0.000000,0,0.000000,20,1,2,0.000000,12.000000
167004,900826.000000,2019-11-18 00:00:00+03:00,2,24.000000,0,0.000000,0,0.000000,13,1,2,0.000000,12.000000
167004,900826.000000,2019-11-19 00:00:00+03:00,2,14.000000,0,0.000000,0,0.000000,8,1,2,0.000000,7.000000
167004,900826.000000,2019-11-20 00:00:00+03:00,0,0.000000,0,0.000000,0,0.000000,5,1,0,,
167004,900826.000000,2019-11-21 00:00:00+03:00,2,14.000000,0,0.000000,0,0.000000,8,1,2,0.000000,7.000000
167004,900826.000000,2019-11-22 00:00:00+03:00,0,0.000000,0,0.000000,0,0.000000,10,1,0,,
167004,900826.000000,2019-11-23 00:00:00+03:00,0,0.000000,0,0.000000,0,0.000000,1,1,0,,
167004,900826.000000,2019-11-24 00:00:00+03:00,0,0.000000,0,0.000000,0,0.000000,7,1,0,,
167004,900826.000000,2019-11-25 00:00:00+03:00,0,0.000000,0,0.000000,0,0.000000,2,1,0,,
167004,900826.000000,2019-11-26 00:00:00+03:00,1,10.000000,0,0.000000,0,0.000000,1,1,1,0.000000,10.000000
167004,900826.000000,2019-11-27 00:00:00+03:00,1,20.000000,0,0.000000,0,0.000000,0,1,1,0.000000,20.000000
167004,900826.000000,2019-11-28 00:00:00+03:00,1,13.000000,0,0.000000,0,0.000000,6,1,1,0.000000,13.000000
167016,916424.000000,2019-11-01 00:00:00+03:00,13,145.000000,0,0.000000,0,0.000000,1,1,13,0.000000,11.153846
167016,916424.000000,2019-11-03 00:00:00+03:00,4,59.000000,1,7.000000,0,0.000000,0,1,5,0.200000,14.750000
167016,916424.000000,2019-11-05 00:00:00+03:00,20,154.000000,0,0.000000,0,0.000000,0,1,20,0.000000,7.700000
167016,916424.000000,2019-11-06 00:00:00+03:00,54,502.000000,0,0.000000,0,0.000000,1,1,54,0.000000,9.296296
167016,916424.000000,2019-11-07 00:00:00+03:00,13,138.000000,0,0.000000,0,0.000000,1,1,13,0.000000,10.615385
167016,916424.000000,2019-11-08 00:00:00+03:00,14,123.000000,0,0.000000,0,0.000000,4,1,14,0.000000,8.785714
167016,916424.000000,2019-11-09 00:00:00+03:00,7,70.000000,0,0.000000,0,0.000000,2,1,7,0.000000,10.000000
167016,916424.000000,2019-11-10 00:00:00+03:00,4,49.000000,0,0.000000,0,0.000000,0,1,4,0.000000,12.250000
167016,916424.000000,2019-11-11 00:00:00+03:00,19,184.000000,0,0.000000,0,0.000000,3,1,19,0.000000,9.684211
167016,916424.000000,2019-11-12 00:00:00+03:00,15,124.000000,0,0.000000,0,0.000000,1,1,15,0.000000,8.266667
167016,916424.000000,2019-11-13 00:00:00+03:00,8,65.000000,0,0.000000,0,0.000000,1,1,8,0.000000,8.125000
167016,916424.000000,2019-11-14 00:00:00+03:00,11,124.000000,0,0.000000,0,0.000000,0,1,11,0.000000,11.272727
167016,916424.000000,2019-11-15 00:00:00+03:00,14,143.000000,0,0.000000,0,0.000000,5,1,14,0.000000,10.214286
167016,916424.000000,2019-11-18 00:00:00+03:00,18,136.000000,0,0.000000,0,0.000000,5,1,18,0.000000,7.555556
167016,916424.000000,2019-11-19 00:00:00+03:00,8,88.000000,0,0.000000,0,0.000000,9,1,8,0.000000,11.000000
167016,916424.000000,2019-11-20 00:00:00+03:00,10,94.000000,0,0.000000,0,0.000000,7,1,10,0.000000,9.400000
167016,916424.000000,2019-11-21 00:00:00+03:00,14,180.000000,0,0.000000,0,0.000000,7,1,14,0.000000,12.857143
167016,916424.000000,2019-11-22 00:00:00+03:00,9,113.000000,0,0.000000,0,0.000000,6,1,9,0.000000,12.555556
167016,916424.000000,2019-11-24 00:00:00+03:00,2,27.000000,0,0.000000,0,0.000000,0,1,2,0.000000,13.500000
167016,916424.000000,2019-11-25 00:00:00+03:00,19,193.000000,0,0.000000,0,0.000000,9,1,19,0.000000,10.157895
167016,916424.000000,2019-11-26 00:00:00+03:00,8,120.000000,0,0.000000,0,0.000000,4,1,8,0.000000,15.000000
167016,916424.000000,2019-11-27 00:00:00+03:00,17,145.000000,0,0.000000,0,0.000000,10,1,17,0.000000,8.529412
167016,916424.000000,2019-11-28 00:00:00+03:00,9,148.000000,0,0.000000,0,0.000000,8,1,9,0.000000,16.444444
167016,962658.000000,2019-11-15 00:00:00+03:00,48,352.000000,0,0.000000,0,0.000000,28,1,48,0.000000,7.333333
167016,962658.000000,2019-11-16 00:00:00+03:00,8,41.000000,0,0.000000,0,0.000000,11,1,8,0.000000,5.125000
167016,962658.000000,2019-11-17 00:00:00+03:00,11,87.000000,0,0.000000,0,0.000000,8,1,11,0.000000,7.909091
167016,962658.000000,2019-11-18 00:00:00+03:00,22,203.000000,0,0.000000,0,0.000000,14,1,22,0.000000,9.227273
167016,962658.000000,2019-11-19 00:00:00+03:00,33,338.000000,0,0.000000,0,0.000000,33,1,33,0.000000,10.242424
167016,962658.000000,2019-11-20 00:00:00+03:00,38,254.000000,0,0.000000,0,0.000000,47,1,38,0.000000,6.684211
167016,962658.000000,2019-11-21 00:00:00+03:00,32,255.000000,0,0.000000,0,0.000000,14,1,32,0.000000,7.968750
167016,962658.000000,2019-11-22 00:00:00+03:00,31,261.000000,0,0.000000,0,0.000000,15,1,31,0.000000,8.419355
167016,962658.000000,2019-11-23 00:00:00+03:00,3,19.000000,0,0.000000,0,0.000000,4,1,3,0.000000,6.333333
167016,962658.000000,2019-11-24 00:00:00+03:00,13,102.000000,0,0.000000,0,0.000000,16,1,13,0.000000,7.846154
167016,962658.000000,2019-11-25 00:00:00+03:00,34,268.000000,0,0.000000,0,0.000000,46,1,34,0.000000,7.882353
167016,962658.000000,2019-11-26 00:00:00+03:00,28,316.000000,0,0.000000,0,0.000000,6,1,28,0.000000,11.285714
167016,962658.000000,2019-11-27 00:00:00+03:00,42,276.000000,0,0.000000,0,0.000000,40,1,42,0.000000,6.571429
167016,962658.000000,2019-11-28 00:00:00+03:00,33,263.000000,0,0.000000,0,0.000000,40,1,33,0.000000,7.969697
167016,962902.000000,2019-11-15 00:00:00+03:00,7,70.000000,0,0.000000,0,0.000000,20,1,7,0.000000,10.000000
167016,962902.000000,2019-11-16 00:00:00+03:00,10,38.000000,0,0.000000,0,0.000000,91,1,10,0.000000,3.800000
167016,962902.000000,2019-11-18 00:00:00+03:00,26,193.000000,0,0.000000,0,0.000000,36,1,26,0.000000,7.423077
167016,962902.000000,2019-11-19 00:00:00+03:00,22,189.000000,0,0.000000,0,0.000000,18,1,22,0.000000,8.590909
167016,962902.000000,2019-11-20 00:00:00+03:00,25,209.000000,0,0.000000,0,0.000000,46,1,25,0.000000,8.360000
167016,962902.000000,2019-11-21 00:00:00+03:00,25,207.000000,0,0.000000,0,0.000000,37,1,25,0.000000,8.280000
167016,962902.000000,2019-11-22 00:00:00+03:00,26,221.000000,0,0.000000,0,0.000000,15,1,26,0.000000,8.500000
167016,962902.000000,2019-11-23 00:00:00+03:00,2,9.000000,0,0.000000,0,0.000000,31,1,2,0.000000,4.500000
167016,962902.000000,2019-11-25 00:00:00+03:00,17,109.000000,0,0.000000,0,0.000000,36,1,17,0.000000,6.411765
167016,962902.000000,2019-11-26 00:00:00+03:00,42,244.000000,0,0.000000,0,0.000000,28,1,42,0.000000,5.809524
167016,962902.000000,2019-11-27 00:00:00+03:00,31,183.000000,0,0.000000,0,0.000000,29,1,31,0.000000,5.903226
167016,962902.000000,2019-11-28 00:00:00+03:00,11,60.000000,0,0.000000,0,0.000000,26,1,11,0.000000,5.454545
167016,962904.000000,2019-11-15 00:00:00+03:00,0,0.000000,0,0.000000,0,0.000000,2,1,0,,
167031,910516.000000,2019-11-15 00:00:00+03:00,1,11.000000,0,0.000000,0,0.000000,0,1,1,0.000000,11.000000
167031,910516.000000,2019-11-20 00:00:00+03:00,1,19.000000,0,0.000000,0,0.000000,0,1,1,0.000000,19.000000
167031,910516.000000,2019-11-27 00:00:00+03:00,1,10.000000,0,0.000000,0,0.000000,0,1,1,0.000000,10.000000
167031,910520.000000,2019-11-05 00:00:00+03:00,0,0.000000,0,0.000000,0,0.000000,4,1,0,,
167031,910520.000000,2019-11-06 00:00:00+03:00,0,0.000000,0,0.000000,0,0.000000,4,1,0,,
167031,910520.000000,2019-11-07 00:00:00+03:00,0,0.000000,0,0.000000,0,0.000000,2,1,0,,
167031,910520.000000,2019-11-08 00:00:00+03:00,0,0.000000,0,0.000000,0,0.000000,3,1,0,,
167031,910520.000000,2019-11-11 00:00:00+03:00,0,0.000000,0,0.000000,0,0.000000,4,1,0,,
167031,910520.000000,2019-11-12 00:00:00+03:00,0,0.000000,0,0.000000,0,0.000000,1,1,0,,
167031,910520.000000,2019-11-13 00:00:00+03:00,0,0.000000,0,0.000000,0,0.000000,6,1,0,,
167031,910520.000000,2019-11-18 00:00:00+03:00,0,0.000000,0,0.000000,0,0.000000,2,1,0,,
167031,910520.000000,2019-11-19 00:00:00+03:00,0,0.000000,0,0.000000,0,0.000000,1,1,0,,
167031,910520.000000,2019-11-20 00:00:00+03:00,0,0.000000,0,0.000000,0,0.000000,2,1,0,,
167031,910532.000000,2019-11-13 00:00:00+03:00,0,0.000000,0,0.000000,0,0.000000,1,1,0,,
167035,923526.000000,2019-11-01 00:00:00+03:00,8,59.000000,0,0.000000,0,0.000000,26,1,8,0.000000,7.375000
167035,923526.000000,2019-11-02 00:00:00+03:00,10,88.000000,0,0.000000,0,0.000000,37,1,10,0.000000,8.800000
167035,923526.000000,2019-11-03 00:00:00+03:00,5,27.000000,0,0.000000,0,0.000000,31,1,5,0.000000,5.400000
167035,923526.000000,2019-11-04 00:00:00+03:00,4,25.000000,0,0.000000,0,0.000000,41,1,4,0.000000,6.250000
167035,923526.000000,2019-11-05 00:00:00+03:00,18,150.000000,0,0.000000,0,0.000000,37,1,18,0.000000,8.333333
167035,923526.000000,2019-11-06 00:00:00+03:00,13,89.000000,0,0.000000,0,0.000000,21,1,13,0.000000,6.846154
167035,923526.000000,2019-11-07 00:00:00+03:00,22,158.000000,0,0.000000,0,0.000000,28,1,22,0.000000,7.181818
167035,923526.000000,2019-11-08 00:00:00+03:00,4,30.000000,0,0.000000,0,0.000000,11,1,4,0.000000,7.500000
167035,923526.000000,2019-11-09 00:00:00+03:00,4,37.000000,0,0.000000,0,0.000000,25,1,4,0.000000,9.250000
167035,923526.000000,2019-11-10 00:00:00+03:00,7,49.000000,0,0.000000,0,0.000000,65,1,7,0.000000,7.000000
167035,923526.000000,2019-11-11 00:00:00+03:00,14,89.000000,0,0.000000,0,0.000000,20,1,14,0.000000,6.357143
167035,923526.000000,2019-11-12 00:00:00+03:00,16,103.000000,0,0.000000,0,0.000000,12,1,16,0.000000,6.437500
167035,923526.000000,2019-11-13 00:00:00+03:00,5,51.000000,0,0.000000,0,0.000000,27,1,5,0.000000,10.200000
167035,923526.000000,2019-11-14 00:00:00+03:00,45,357.000000,0,0.000000,0,0.000000,27,1,45,0.000000,7.933333
167035,923526.000000,2019-11-15 00:00:00+03:00,19,125.000000,0,0.000000,0,0.000000,18,1,19,0.000000,6.578947
167035,923526.000000,2019-11-16 00:00:00+03:00,8,48.000000,0,0.000000,0,0.000000,19,1,8,0.000000,6.000000
167035,923526.000000,2019-11-17 00:00:00+03:00,12,106.000000,0,0.000000,0,0.000000,34,1,12,0.000000,8.833333
167035,923526.000000,2019-11-18 00:00:00+03:00,66,492.000000,1,10.000000,0,0.000000,62,1,67,0.014925,7.454545
167035,923526.000000,2019-11-19 00:00:00+03:00,52,310.000000,0,0.000000,0,0.000000,16,1,52,0.000000,5.961538
167035,923526.000000,2019-11-20 00:00:00+03:00,45,276.000000,0,0.000000,0,0.000000,31,1,45,0.000000,6.133333
167035,923526.000000,2019-11-21 00:00:00+03:00,30,231.000000,0,0.000000,0,0.000000,36,1,30,0.000000,7.700000
167035,923526.000000,2019-11-22 00:00:00+03:00,108,807.000000,1,5.000000,0,0.000000,25,1,109,0.009174,7.472222
167035,923526.000000,2019-11-23 00:00:00+03:00,8,47.000000,0,0.000000,0,0.000000,13,1,8,0.000000,5.875000
167035,923526.000000,2019-11-24 00:00:00+03:00,18,120.000000,0,0.000000,0,0.000000,30,1,18,0.000000,6.666667
167035,923526.000000,2019-11-25 00:00:00+03:00,23,201.000000,0,0.000000,0,0.000000,44,1,23,0.000000,8.739130
167035,923526.000000,2019-11-26 00:00:00+03:00,11,98.000000,0,0.000000,0,0.000000,39,1,11,0.000000,8.909091
167035,923526.000000,2019-11-27 00:00:00+03:00,19,145.000000,0,0.000000,0,0.000000,32,1,19,0.000000,7.631579
167035,923526.000000,2019-11-28 00:00:00+03:00,8,60.000000,0,0.000000,0,0.000000,32,1,8,0.000000,7.500000
167035,923528.000000,2019-11-01 00:00:00+03:00,4,119.000000,0,0.000000,0,0.000000,10,1,4,0.000000,29.750000
167035,923528.000000,2019-11-02 00:00:00+03:00,1,22.000000,0,0.000000,0,0.000000,1,1,1,0.000000,22.000000
167035,923528.000000,2019-11-03 00:00:00+03:00,1,30.000000,0,0.000000,0,0.000000,11,1,1,0.000000,30.000000
167035,923528.000000,2019-11-04 00:00:00+03:00,2,39.000000,0,0.000000,0,0.000000,58,1,2,0.000000,19.500000
167035,923528.000000,2019-11-05 00:00:00+03:00,2,44.000000,0,0.000000,0,0.000000,24,1,2,0.000000,22.000000
167035,923528.000000,2019-11-06 00:00:00+03:00,3,81.000000,0,0.000000,0,0.000000,19,1,3,0.000000,27.000000
167035,923528.000000,2019-11-07 00:00:00+03:00,1,23.000000,0,0.000000,0,0.000000,20,1,1,0.000000,23.000000
167035,923528.000000,2019-11-08 00:00:00+03:00,0,0.000000,0,0.000000,0,0.000000,47,1,0,,
167035,923528.000000,2019-11-09 00:00:00+03:00,0,0.000000,0,0.000000,0,0.000000,5,1,0,,
167035,923528.000000,2019-11-10 00:00:00+03:00,2,33.000000,0,0.000000,0,0.000000,2,1,2,0.000000,16.500000
167035,923528.000000,2019-11-11 00:00:00+03:00,2,43.000000,0,0.000000,0,0.000000,36,1,2,0.000000,21.500000
167035,923528.000000,2019-11-12 00:00:00+03:00,3,89.000000,0,0.000000,0,0.000000,40,1,3,0.000000,29.666667
167035,923528.000000,2019-11-13 00:00:00+03:00,4,98.000000,0,0.000000,0,0.000000,17,1,4,0.000000,24.500000
167035,923528.000000,2019-11-14 00:00:00+03:00,4,94.000000,0,0.000000,0,0.000000,9,1,4,0.000000,23.500000
167035,923528.000000,2019-11-15 00:00:00+03:00,3,77.000000,0,0.000000,0,0.000000,8,1,3,0.000000,25.666667
167035,923528.000000,2019-11-16 00:00:00+03:00,0,0.000000,0,0.000000,0,0.000000,40,1,0,,
167035,923528.000000,2019-11-17 00:00:00+03:00,1,24.000000,0,0.000000,0,0.000000,0,1,1,0.000000,24.000000
167035,923528.000000,2019-11-18 00:00:00+03:00,1,64.000000,0,0.000000,0,0.000000,0,1,1,0.000000,64.000000
167035,923528.000000,2019-11-19 00:00:00+03:00,2,58.000000,0,0.000000,0,0.000000,41,1,2,0.000000,29.000000
167035,923528.000000,2019-11-20 00:00:00+03:00,6,165.000000,0,0.000000,0,0.000000,30,1,6,0.000000,27.500000
167035,923528.000000,2019-11-21 00:00:00+03:00,3,74.000000,0,0.000000,0,0.000000,2,1,3,0.000000,24.666667
167035,923528.000000,2019-11-22 00:00:00+03:00,10,206.000000,1,24.000000,0,0.000000,6,1,11,0.090909,20.600000
167035,923528.000000,2019-11-23 00:00:00+03:00,0,0.000000,0,0.000000,0,0.000000,31,1,0,,
167035,923528.000000,2019-11-24 00:00:00+03:00,0,0.000000,0,0.000000,0,0.000000,16,1,0,,
167035,923528.000000,2019-11-25 00:00:00+03:00,1,21.000000,0,0.000000,0,0.000000,0,1,1,0.000000,21.000000
167035,923528.000000,2019-11-26 00:00:00+03:00,3,58.000000,1,48.000000,0,0.000000,2,1,4,0.250000,19.333333
167035,923528.000000,2019-11-27 00:00:00+03:00,2,97.000000,0,0.000000,0,0.000000,4,1,2,0.000000,48.500000
167035,923528.000000,2019-11-28 00:00:00+03:00,0,0.000000,0,0.000000,0,0.000000,22,1,0,,
167052,904038.000000,2019-11-01 00:00:00+03:00,1,13.000000,0,0.000000,0,0.000000,0,1,1,0.000000,13.000000
167052,904038.000000,2019-11-02 00:00:00+03:00,2,16.000000,0,0.000000,0,0.000000,0,1,2,0.000000,8.000000
167052,904038.000000,2019-11-03 00:00:00+03:00,1,9.000000,0,0.000000,0,0.000000,0,1,1,0.000000,9.000000
167052,904038.000000,2019-11-04 00:00:00+03:00,5,37.000000,0,0.000000,0,0.000000,5,1,5,0.000000,7.400000
167052,904038.000000,2019-11-05 00:00:00+03:00,9,67.000000,0,0.000000,0,0.000000,5,1,9,0.000000,7.444444
167052,904038.000000,2019-11-06 00:00:00+03:00,5,43.000000,0,0.000000,0,0.000000,10,1,5,0.000000,8.600000
167052,904038.000000,2019-11-07 00:00:00+03:00,4,34.000000,0,0.000000,0,0.000000,5,1,4,0.000000,8.500000
167052,904038.000000,2019-11-08 00:00:00+03:00,12,89.000000,0,0.000000,0,0.000000,3,1,12,0.000000,7.416667
167052,904038.000000,2019-11-09 00:00:00+03:00,6,52.000000,0,0.000000,0,0.000000,1,1,6,0.000000,8.666667
167052,904038.000000,2019-11-10 00:00:00+03:00,10,71.000000,0,0.000000,0,0.000000,5,1,10,0.000000,7.100000
167052,904038.000000,2019-11-11 00:00:00+03:00,40,306.000000,0,0.000000,0,0.000000,9,1,40,0.000000,7.650000
167052,904038.000000,2019-11-12 00:00:00+03:00,8,65.000000,0,0.000000,0,0.000000,3,1,8,0.000000,8.125000
167052,904038.000000,2019-11-13 00:00:00+03:00,8,63.000000,0,0.000000,0,0.000000,6,1,8,0.000000,7.875000
167052,904038.000000,2019-11-14 00:00:00+03:00,8,69.000000,0,0.000000,0,0.000000,5,1,8,0.000000,8.625000
167052,904038.000000,2019-11-15 00:00:00+03:00,5,137.000000,0,0.000000,0,0.000000,6,1,5,0.000000,27.400000
167052,904038.000000,2019-11-16 00:00:00+03:00,10,99.000000,0,0.000000,0,0.000000,2,1,10,0.000000,9.900000
167052,904038.000000,2019-11-17 00:00:00+03:00,6,50.000000,0,0.000000,0,0.000000,4,1,6,0.000000,8.333333
167052,904038.000000,2019-11-18 00:00:00+03:00,14,94.000000,0,0.000000,0,0.000000,3,1,14,0.000000,6.714286
167052,904038.000000,2019-11-19 00:00:00+03:00,6,70.000000,0,0.000000,0,0.000000,8,1,6,0.000000,11.666667
167052,904038.000000,2019-11-20 00:00:00+03:00,9,77.000000,0,0.000000,0,0.000000,4,1,9,0.000000,8.555556
167052,904038.000000,2019-11-21 00:00:00+03:00,2,20.000000,0,0.000000,0,0.000000,0,1,2,0.000000,10.000000
167052,904038.000000,2019-11-22 00:00:00+03:00,1,13.000000,0,0.000000,0,0.000000,4,1,1,0.000000,13.000000
167052,904038.000000,2019-11-23 00:00:00+03:00,4,30.000000,0,0.000000,0,0.000000,0,1,4,0.000000,7.500000
167052,904038.000000,2019-11-24 00:00:00+03:00,1,5.000000,0,0.000000,0,0.000000,1,1,1,0.000000,5.000000
167052,904038.000000,2019-11-25 00:00:00+03:00,7,58.000000,0,0.000000,0,0.000000,4,1,7,0.000000,8.285714
167052,904038.000000,2019-11-26 00:00:00+03:00,4,26.000000,0,0.000000,0,0.000000,0,1,4,0.000000,6.500000
167052,904038.000000,2019-11-27 00:00:00+03:00,2,10.000000,0,0.000000,0,0.000000,2,1,2,0.000000,5.000000
167052,904038.000000,2019-11-28 00:00:00+03:00,2,9.000000,0,0.000000,0,0.000000,5,1,2,0.000000,4.500000
167052,904044.000000,2019-11-05 00:00:00+03:00,4,76.000000,0,0.000000,0,0.000000,0,1,4,0.000000,19.000000
167052,904044.000000,2019-11-06 00:00:00+03:00,2,66.000000,0,0.000000,0,0.000000,0,1,2,0.000000,33.000000
167052,904044.000000,2019-11-07 00:00:00+03:00,1,38.000000,0,0.000000,0,0.000000,2,1,1,0.000000,38.000000
167052,904044.000000,2019-11-08 00:00:00+03:00,4,114.000000,0,0.000000,0,0.000000,1,1,4,0.000000,28.500000
167052,904044.000000,2019-11-09 00:00:00+03:00,1,17.000000,0,0.000000,0,0.000000,2,1,1,0.000000,17.000000
167052,904044.000000,2019-11-11 00:00:00+03:00,7,120.000000,0,0.000000,0,0.000000,1,1,7,0.000000,17.142857
167052,904044.000000,2019-11-12 00:00:00+03:00,2,50.000000,0,0.000000,0,0.000000,1,1,2,0.000000,25.000000
167052,904044.000000,2019-11-13 00:00:00+03:00,2,45.000000,0,0.000000,0,0.000000,0,1,2,0.000000,22.500000
167052,904044.000000,2019-11-14 00:00:00+03:00,3,68.000000,0,0.000000,0,0.000000,0,1,3,0.000000,22.666667
167052,904044.000000,2019-11-15 00:00:00+03:00,1,20.000000,0,0.000000,0,0.000000,1,1,1,0.000000,20.000000
167052,904044.000000,2019-11-19 00:00:00+03:00,3,93.000000,0,0.000000,0,0.000000,0,1,3,0.000000,31.000000
167052,904044.000000,2019-11-22 00:00:00+03:00,4,40.000000,0,0.000000,0,0.000000,0,1,4,0.000000,10.000000
167059,911102.000000,2019-11-02 00:00:00+03:00,1,41.000000,0,0.000000,0,0.000000,0,1,1,0.000000,41.000000
167059,911102.000000,2019-11-09 00:00:00+03:00,12,322.000000,1,29.000000,0,0.000000,0,1,13,0.076923,26.833333
167059,911102.000000,2019-11-10 00:00:00+03:00,2,70.000000,0,0.000000,0,0.000000,0,1,2,0.000000,35.000000
167059,911102.000000,2019-11-13 00:00:00+03:00,1,21.000000,0,0.000000,0,0.000000,0,1,1,0.000000,21.000000
167059,911102.000000,2019-11-15 00:00:00+03:00,2,38.000000,0,0.000000,0,0.000000,0,1,2,0.000000,19.000000
167059,911102.000000,2019-11-16 00:00:00+03:00,1,25.000000,0,0.000000,0,0.000000,0,1,1,0.000000,25.000000
167059,911102.000000,2019-11-17 00:00:00+03:00,1,21.000000,0,0.000000,0,0.000000,0,1,1,0.000000,21.000000
167059,911102.000000,2019-11-20 00:00:00+03:00,1,20.000000,0,0.000000,0,0.000000,0,1,1,0.000000,20.000000
167059,911102.000000,2019-11-23 00:00:00+03:00,1,22.000000,0,0.000000,0,0.000000,0,1,1,0.000000,22.000000
167059,911102.000000,2019-11-25 00:00:00+03:00,1,24.000000,0,0.000000,0,0.000000,0,1,1,0.000000,24.000000
167059,911102.000000,2019-11-26 00:00:00+03:00,2,137.000000,0,0.000000,0,0.000000,0,1,2,0.000000,68.500000
167059,911136.000000,2019-11-05 00:00:00+03:00,1,17.000000,0,0.000000,0,0.000000,0,1,1,0.000000,17.000000
167059,911136.000000,2019-11-06 00:00:00+03:00,3,55.000000,0,0.000000,0,0.000000,0,1,3,0.000000,18.333333
167059,911136.000000,2019-11-07 00:00:00+03:00,3,67.000000,0,0.000000,0,0.000000,0,1,3,0.000000,22.333333
167059,911136.000000,2019-11-08 00:00:00+03:00,3,70.000000,0,0.000000,0,0.000000,0,1,3,0.000000,23.333333
167059,911136.000000,2019-11-11 00:00:00+03:00,4,88.000000,0,0.000000,0,0.000000,0,1,4,0.000000,22.000000
167059,911136.000000,2019-11-12 00:00:00+03:00,6,118.000000,0,0.000000,0,0.000000,0,1,6,0.000000,19.666667
167059,911136.000000,2019-11-13 00:00:00+03:00,3,57.000000,0,0.000000,0,0.000000,0,1,3,0.000000,19.000000
167059,911136.000000,2019-11-14 00:00:00+03:00,3,58.000000,0,0.000000,0,0.000000,0,1,3,0.000000,19.333333
167059,911136.000000,2019-11-15 00:00:00+03:00,7,125.000000,0,0.000000,0,0.000000,0,1,7,0.000000,17.857143
167059,911136.000000,2019-11-18 00:00:00+03:00,9,222.000000,0,0.000000,0,0.000000,0,1,9,0.000000,24.666667
167059,911136.000000,2019-11-19 00:00:00+03:00,10,185.000000,0,0.000000,0,0.000000,0,1,10,0.000000,18.500000
167059,911136.000000,2019-11-20 00:00:00+03:00,9,208.000000,0,0.000000,0,0.000000,0,1,9,0.000000,23.111111
167059,911136.000000,2019-11-21 00:00:00+03:00,5,99.000000,0,0.000000,0,0.000000,0,1,5,0.000000,19.800000
167059,911136.000000,2019-11-22 00:00:00+03:00,11,218.000000,0,0.000000,0,0.000000,0,1,11,0.000000,19.818182
167059,911136.000000,2019-11-25 00:00:00+03:00,11,202.000000,0,0.000000,0,0.000000,0,1,11,0.000000,18.363636
167059,911136.000000,2019-11-26 00:00:00+03:00,18,346.000000,0,0.000000,0,0.000000,0,1,18,0.000000,19.222222
167059,911136.000000,2019-11-27 00:00:00+03:00,8,146.000000,0,0.000000,0,0.000000,0,1,8,0.000000,18.250000
167059,911136.000000,2019-11-28 00:00:00+03:00,12,222.000000,0,0.000000,0,0.000000,0,1,12,0.000000,18.500000
167059,911138.000000,2019-11-01 00:00:00+03:00,5,91.000000,0,0.000000,0,0.000000,0,1,5,0.000000,18.200000
167059,911138.000000,2019-11-05 00:00:00+03:00,8,159.000000,0,0.000000,0,0.000000,0,1,8,0.000000,19.875000
167059,911138.000000,2019-11-06 00:00:00+03:00,1,17.000000,0,0.000000,0,0.000000,0,1,1,0.000000,17.000000
167059,911138.000000,2019-11-07 00:00:00+03:00,2,36.000000,0,0.000000,0,0.000000,0,1,2,0.000000,18.000000
167059,911138.000000,2019-11-08 00:00:00+03:00,8,148.000000,0,0.000000,0,0.000000,0,1,8,0.000000,18.500000
167059,911138.000000,2019-11-11 00:00:00+03:00,13,289.000000,0,0.000000,0,0.000000,0,1,13,0.000000,22.230769
167059,911138.000000,2019-11-12 00:00:00+03:00,8,146.000000,0,0.000000,0,0.000000,0,1,8,0.000000,18.250000
167059,911138.000000,2019-11-13 00:00:00+03:00,8,153.000000,0,0.000000,0,0.000000,0,1,8,0.000000,19.125000
167059,911138.000000,2019-11-14 00:00:00+03:00,10,202.000000,0,0.000000,0,0.000000,0,1,10,0.000000,20.200000
167059,911138.000000,2019-11-15 00:00:00+03:00,6,145.000000,0,0.000000,0,0.000000,0,1,6,0.000000,24.166667
167059,911138.000000,2019-11-18 00:00:00+03:00,4,76.000000,0,0.000000,0,0.000000,0,1,4,0.000000,19.000000
167059,911138.000000,2019-11-19 00:00:00+03:00,9,186.000000,0,0.000000,0,0.000000,0,1,9,0.000000,20.666667
167059,911138.000000,2019-11-20 00:00:00+03:00,10,188.000000,0,0.000000,0,0.000000,0,1,10,0.000000,18.800000
167059,911138.000000,2019-11-21 00:00:00+03:00,8,166.000000,0,0.000000,0,0.000000,0,1,8,0.000000,20.750000
167059,911138.000000,2019-11-22 00:00:00+03:00,5,135.000000,0,0.000000,0,0.000000,0,1,5,0.000000,27.000000
167059,911138.000000,2019-11-25 00:00:00+03:00,2,80.000000,0,0.000000,0,0.000000,0,1,2,0.000000,40.000000
167059,911138.000000,2019-11-26 00:00:00+03:00,5,171.000000,0,0.000000,0,0.000000,0,1,5,0.000000,34.200000
167059,911138.000000,2019-11-27 00:00:00+03:00,6,125.000000,0,0.000000,0,0.000000,0,1,6,0.000000,20.833333
167059,911138.000000,2019-11-28 00:00:00+03:00,2,36.000000,0,0.000000,0,0.000000,0,1,2,0.000000,18.000000
167059,911140.000000,2019-11-01 00:00:00+03:00,0,0.000000,1,27.000000,0,0.000000,0,1,1,1.000000,
167059,911140.000000,2019-11-05 00:00:00+03:00,3,65.000000,0,0.000000,0,0.000000,0,1,3,0.000000,21.666667
167059,911140.000000,2019-11-06 00:00:00+03:00,1,21.000000,0,0.000000,0,0.000000,0,1,1,0.000000,21.000000
167059,911140.000000,2019-11-07 00:00:00+03:00,1,17.000000,0,0.000000,0,0.000000,0,1,1,0.000000,17.000000
167059,911140.000000,2019-11-08 00:00:00+03:00,1,33.000000,0,0.000000,0,0.000000,0,1,1,0.000000,33.000000
167059,911140.000000,2019-11-11 00:00:00+03:00,1,52.000000,0,0.000000,0,0.000000,0,1,1,0.000000,52.000000
167059,911140.000000,2019-11-12 00:00:00+03:00,5,109.000000,0,0.000000,0,0.000000,0,1,5,0.000000,21.800000
167059,911140.000000,2019-11-13 00:00:00+03:00,2,44.000000,0,0.000000,0,0.000000,0,1,2,0.000000,22.000000
167059,911140.000000,2019-11-14 00:00:00+03:00,1,20.000000,0,0.000000,0,0.000000,0,1,1,0.000000,20.000000
167059,911140.000000,2019-11-15 00:00:00+03:00,2,62.000000,0,0.000000,0,0.000000,0,1,2,0.000000,31.000000
167059,911140.000000,2019-11-18 00:00:00+03:00,3,93.000000,0,0.000000,0,0.000000,0,1,3,0.000000,31.000000
167059,911140.000000,2019-11-19 00:00:00+03:00,3,116.000000,0,0.000000,0,0.000000,0,1,3,0.000000,38.666667
167059,911140.000000,2019-11-20 00:00:00+03:00,5,108.000000,0,0.000000,0,0.000000,0,1,5,0.000000,21.600000
167059,911140.000000,2019-11-21 00:00:00+03:00,5,131.000000,0,0.000000,0,0.000000,0,1,5,0.000000,26.200000
167059,911140.000000,2019-11-27 00:00:00+03:00,1,24.000000,0,0.000000,0,0.000000,0,1,1,0.000000,24.000000
167059,911140.000000,2019-11-28 00:00:00+03:00,4,110.000000,0,0.000000,0,0.000000,0,1,4,0.000000,27.500000
167059,911142.000000,2019-11-05 00:00:00+03:00,1,44.000000,0,0.000000,0,0.000000,0,1,1,0.000000,44.000000
167059,911142.000000,2019-11-11 00:00:00+03:00,1,65.000000,0,0.000000,0,0.000000,0,1,1,0.000000,65.000000
167059,911142.000000,2019-11-13 00:00:00+03:00,1,46.000000,0,0.000000,0,0.000000,0,1,1,0.000000,46.000000
167059,911142.000000,2019-11-14 00:00:00+03:00,6,282.000000,0,0.000000,0,0.000000,0,1,6,0.000000,47.000000
167059,911142.000000,2019-11-21 00:00:00+03:00,1,56.000000,0,0.000000,0,0.000000,0,1,1,0.000000,56.000000
167059,911142.000000,2019-11-28 00:00:00+03:00,2,110.000000,0,0.000000,0,0.000000,0,1,2,0.000000,55.000000
167060,930908.000000,2019-11-01 00:00:00+03:00,0,0.000000,0,0.000000,0,0.000000,8,1,0,,
167060,930908.000000,2019-11-05 00:00:00+03:00,1,7.000000,0,0.000000,0,0.000000,1,1,1,0.000000,7.000000
167060,930908.000000,2019-11-06 00:00:00+03:00,1,4.000000,0,0.000000,0,0.000000,0,1,1,0.000000,4.000000
167060,930908.000000,2019-11-07 00:00:00+03:00,1,8.000000,0,0.000000,0,0.000000,8,1,1,0.000000,8.000000
167060,930908.000000,2019-11-08 00:00:00+03:00,0,0.000000,0,0.000000,0,0.000000,1,1,0,,
167060,930908.000000,2019-11-12 00:00:00+03:00,3,16.000000,0,0.000000,0,0.000000,1,1,3,0.000000,5.333333
167060,930908.000000,2019-11-13 00:00:00+03:00,1,9.000000,0,0.000000,0,0.000000,1,1,1,0.000000,9.000000
167060,930908.000000,2019-11-14 00:00:00+03:00,1,6.000000,0,0.000000,0,0.000000,3,1,1,0.000000,6.000000
167060,930908.000000,2019-11-18 00:00:00+03:00,6,30.000000,0,0.000000,0,0.000000,0,1,6,0.000000,5.000000
167060,930908.000000,2019-11-20 00:00:00+03:00,1,7.000000,0,0.000000,0,0.000000,0,1,1,0.000000,7.000000
167060,930908.000000,2019-11-21 00:00:00+03:00,1,6.000000,0,0.000000,0,0.000000,1,1,1,0.000000,6.000000
167060,930908.000000,2019-11-25 00:00:00+03:00,1,8.000000,0,0.000000,0,0.000000,0,1,1,0.000000,8.000000
167060,930908.000000,2019-11-26 00:00:00+03:00,4,19.000000,0,0.000000,0,0.000000,1,1,4,0.000000,4.750000
167060,930910.000000,2019-11-08 00:00:00+03:00,0,0.000000,0,0.000000,0,0.000000,1,1,0,,
167060,930910.000000,2019-11-12 00:00:00+03:00,0,0.000000,0,0.000000,0,0.000000,1,1,0,,
167060,930910.000000,2019-11-13 00:00:00+03:00,0,0.000000,0,0.000000,0,0.000000,1,1,0,,
167060,930910.000000,2019-11-14 00:00:00+03:00,0,0.000000,0,0.000000,0,0.000000,1,1,0,,
167060,930910.000000,2019-11-20 00:00:00+03:00,1,5.000000,0,0.000000,0,0.000000,3,1,1,0.000000,5.000000
167060,930910.000000,2019-11-22 00:00:00+03:00,0,0.000000,0,0.000000,0,0.000000,2,1,0,,
167060,930912.000000,2019-11-12 00:00:00+03:00,0,0.000000,0,0.000000,0,0.000000,3,1,0,,
167060,930912.000000,2019-11-13 00:00:00+03:00,0,0.000000,0,0.000000,0,0.000000,13,1,0,,
167060,930912.000000,2019-11-14 00:00:00+03:00,0,0.000000,0,0.000000,0,0.000000,35,1,0,,
167060,930912.000000,2019-11-15 00:00:00+03:00,0,0.000000,0,0.000000,0,0.000000,13,1,0,,
167060,930912.000000,2019-11-18 00:00:00+03:00,0,0.000000,0,0.000000,0,0.000000,53,1,0,,
167060,930912.000000,2019-11-20 00:00:00+03:00,0,0.000000,0,0.000000,0,0.000000,46,1,0,,
167060,930912.000000,2019-11-21 00:00:00+03:00,0,0.000000,0,0.000000,0,0.000000,32,1,0,,
167060,930912.000000,2019-11-22 00:00:00+03:00,0,0.000000,0,0.000000,0,0.000000,8,1,0,,
167060,930912.000000,2019-11-27 00:00:00+03:00,0,0.000000,0,0.000000,0,0.000000,39,1,0,,
167060,930914.000000,2019-11-01 00:00:00+03:00,0,0.000000,0,0.000000,0,0.000000,9,1,0,,
167060,930914.000000,2019-11-05 00:00:00+03:00,0,0.000000,0,0.000000,0,0.000000,17,1,0,,
167060,930914.000000,2019-11-06 00:00:00+03:00,0,0.000000,0,0.000000,0,0.000000,22,1,0,,
167060,930914.000000,2019-11-07 00:00:00+03:00,0,0.000000,0,0.000000,0,0.000000,24,1,0,,
167060,930914.000000,2019-11-08 00:00:00+03:00,0,0.000000,0,0.000000,0,0.000000,30,1,0,,
167060,930914.000000,2019-11-11 00:00:00+03:00,0,0.000000,0,0.000000,0,0.000000,14,1,0,,
167060,930914.000000,2019-11-12 00:00:00+03:00,0,0.000000,0,0.000000,0,0.000000,21,1,0,,
167060,930914.000000,2019-11-13 00:00:00+03:00,0,0.000000,0,0.000000,0,0.000000,3,1,0,,
167060,930914.000000,2019-11-14 00:00:00+03:00,0,0.000000,0,0.000000,0,0.000000,9,1,0,,
167060,930914.000000,2019-11-15 00:00:00+03:00,0,0.000000,0,0.000000,0,0.000000,5,1,0,,
167060,930914.000000,2019-11-18 00:00:00+03:00,0,0.000000,0,0.000000,0,0.000000,1,1,0,,
167060,930914.000000,2019-11-19 00:00:00+03:00,0,0.000000,0,0.000000,0,0.000000,8,1,0,,
167060,930914.000000,2019-11-20 00:00:00+03:00,0,0.000000,0,0.000000,0,0.000000,2,1,0,,
167060,930914.000000,2019-11-22 00:00:00+03:00,0,0.000000,0,0.000000,0,0.000000,8,1,0,,
167060,930914.000000,2019-11-25 00:00:00+03:00,0,0.000000,0,0.000000,0,0.000000,9,1,0,,
167060,930914.000000,2019-11-26 00:00:00+03:00,0,0.000000,0,0.000000,0,0.000000,12,1,0,,
167060,930914.000000,2019-11-27 00:00:00+03:00,0,0.000000,0,0.000000,0,0.000000,11,1,0,,
167060,930914.000000,2019-11-28 00:00:00+03:00,0,0.000000,0,0.000000,0,0.000000,4,1,0,,
167061,901034.000000,2019-11-01 00:00:00+03:00,0,0.000000,0,0.000000,0,0.000000,1,1,0,,
167061,901034.000000,2019-11-09 00:00:00+03:00,0,0.000000,0,0.000000,0,0.000000,1,1,0,,
167061,901034.000000,2019-11-12 00:00:00+03:00,3,36.000000,0,0.000000,0,0.000000,3,1,3,0.000000,12.000000
167061,901034.000000,2019-11-14 00:00:00+03:00,1,11.000000,0,0.000000,0,0.000000,0,1,1,0.000000,11.000000
167061,901034.000000,2019-11-19 00:00:00+03:00,1,18.000000,0,0.000000,0,0.000000,0,1,1,0.000000,18.000000
167061,901034.000000,2019-11-20 00:00:00+03:00,1,17.000000,0,0.000000,0,0.000000,0,1,1,0.000000,17.000000
167061,901034.000000,2019-11-22 00:00:00+03:00,1,19.000000,0,0.000000,0,0.000000,0,1,1,0.000000,19.000000
167061,901034.000000,2019-11-28 00:00:00+03:00,1,11.000000,0,0.000000,0,0.000000,0,1,1,0.000000,11.000000
167061,901038.000000,2019-11-02 00:00:00+03:00,0,0.000000,0,0.000000,0,0.000000,1,1,0,,
167061,901038.000000,2019-11-08 00:00:00+03:00,2,27.000000,0,0.000000,0,0.000000,3,1,2,0.000000,13.500000
167061,901038.000000,2019-11-11 00:00:00+03:00,1,13.000000,0,0.000000,0,0.000000,2,1,1,0.000000,13.000000
167061,901038.000000,2019-11-12 00:00:00+03:00,0,0.000000,0,0.000000,0,0.000000,7,1,0,,
167061,901038.000000,2019-11-14 00:00:00+03:00,0,0.000000,0,0.000000,0,0.000000,1,1,0,,
167061,901038.000000,2019-11-21 00:00:00+03:00,1,55.000000,0,0.000000,0,0.000000,3,1,1,0.000000,55.000000
167061,901038.000000,2019-11-26 00:00:00+03:00,0,0.000000,0,0.000000,0,0.000000,1,1,0,,
167071,913938.000000,2019-11-01 00:00:00+03:00,98,672.000000,1,8.000000,0,0.000000,17,1,99,0.010101,6.857143
167071,913938.000000,2019-11-02 00:00:00+03:00,50,339.000000,0,0.000000,0,0.000000,27,1,50,0.000000,6.780000
167071,913938.000000,2019-11-03 00:00:00+03:00,10,70.000000,0,0.000000,0,0.000000,0,1,10,0.000000,7.000000
167071,913938.000000,2019-11-04 00:00:00+03:00,89,667.000000,0,0.000000,0,0.000000,0,1,89,0.000000,7.494382
167071,913938.000000,2019-11-05 00:00:00+03:00,162,1373.000000,2,47.000000,0,0.000000,28,1,164,0.012195,8.475309
167071,913938.000000,2019-11-06 00:00:00+03:00,57,403.000000,1,7.000000,0,0.000000,28,1,58,0.017241,7.070175
167071,913938.000000,2019-11-08 00:00:00+03:00,35,277.000000,0,0.000000,0,0.000000,0,1,35,0.000000,7.914286
167071,913938.000000,2019-11-09 00:00:00+03:00,50,344.000000,0,0.000000,0,0.000000,0,1,50,0.000000,6.880000
167071,913938.000000,2019-11-10 00:00:00+03:00,11,78.000000,0,0.000000,0,0.000000,0,1,11,0.000000,7.090909
167071,913938.000000,2019-11-11 00:00:00+03:00,135,1079.000000,0,0.000000,0,0.000000,14,1,135,0.000000,7.992593
167071,913938.000000,2019-11-12 00:00:00+03:00,107,765.000000,0,0.000000,0,0.000000,16,1,107,0.000000,7.149533
167071,913938.000000,2019-11-13 00:00:00+03:00,87,668.000000,0,0.000000,0,0.000000,18,1,87,0.000000,7.678161
167071,913938.000000,2019-11-14 00:00:00+03:00,108,859.000000,1,7.000000,0,0.000000,13,1,109,0.009174,7.953704
167071,913938.000000,2019-11-15 00:00:00+03:00,71,531.000000,0,0.000000,0,0.000000,5,1,71,0.000000,7.478873
167071,913938.000000,2019-11-16 00:00:00+03:00,72,555.000000,0,0.000000,0,0.000000,15,1,72,0.000000,7.708333
167071,913938.000000,2019-11-17 00:00:00+03:00,7,49.000000,0,0.000000,0,0.000000,0,1,7,0.000000,7.000000
167071,913938.000000,2019-11-18 00:00:00+03:00,258,1982.000000,0,0.000000,0,0.000000,9,1,258,0.000000,7.682171
167071,913938.000000,2019-11-19 00:00:00+03:00,136,1087.000000,1,7.000000,0,0.000000,7,1,137,0.007299,7.992647
167071,913938.000000,2019-11-20 00:00:00+03:00,76,557.000000,1,7.000000,0,0.000000,17,1,77,0.012987,7.328947
167071,913938.000000,2019-11-21 00:00:00+03:00,85,600.000000,0,0.000000,0,0.000000,11,1,85,0.000000,7.058824
167071,913938.000000,2019-11-22 00:00:00+03:00,72,511.000000,0,0.000000,0,0.000000,5,1,72,0.000000,7.097222
167071,913938.000000,2019-11-23 00:00:00+03:00,79,541.000000,0,0.000000,0,0.000000,2,1,79,0.000000,6.848101
167071,913938.000000,2019-11-24 00:00:00+03:00,12,84.000000,0,0.000000,0,0.000000,0,1,12,0.000000,7.000000
167071,913938.000000,2019-11-25 00:00:00+03:00,179,1527.000000,0,0.000000,0,0.000000,10,1,179,0.000000,8.530726
167071,913938.000000,2019-11-26 00:00:00+03:00,114,856.000000,1,34.000000,0,0.000000,8,1,115,0.008696,7.508772
167071,913938.000000,2019-11-27 00:00:00+03:00,116,836.000000,0,0.000000,0,0.000000,0,1,116,0.000000,7.206897
167071,913938.000000,2019-11-28 00:00:00+03:00,85,625.000000,1,7.000000,0,0.000000,14,1,86,0.011628,7.352941
167071,913942.000000,2019-11-01 00:00:00+03:00,14,310.000000,0,0.000000,0,0.000000,0,1,14,0.000000,22.142857
167071,913942.000000,2019-11-02 00:00:00+03:00,2,27.000000,0,0.000000,0,0.000000,0,1,2,0.000000,13.500000
167071,913942.000000,2019-11-05 00:00:00+03:00,27,454.000000,0,0.000000,0,0.000000,0,1,27,0.000000,16.814815
167071,913942.000000,2019-11-06 00:00:00+03:00,60,835.000000,2,46.000000,0,0.000000,0,1,62,0.032258,13.916667
167071,913942.000000,2019-11-07 00:00:00+03:00,91,1053.000000,1,17.000000,0,0.000000,44,1,92,0.010870,11.571429
167071,913942.000000,2019-11-08 00:00:00+03:00,62,554.000000,1,13.000000,0,0.000000,0,1,63,0.015873,8.935484
167071,913942.000000,2019-11-11 00:00:00+03:00,37,496.000000,0,0.000000,0,0.000000,0,1,37,0.000000,13.405405
167071,913942.000000,2019-11-12 00:00:00+03:00,47,597.000000,4,22.000000,0,0.000000,47,1,51,0.078431,12.702128
167071,913942.000000,2019-11-13 00:00:00+03:00,24,278.000000,0,0.000000,0,0.000000,0,1,24,0.000000,11.583333
167071,913942.000000,2019-11-14 00:00:00+03:00,25,405.000000,0,0.000000,0,0.000000,0,1,25,0.000000,16.200000
167071,913942.000000,2019-11-15 00:00:00+03:00,66,545.000000,1,4.000000,0,0.000000,0,1,67,0.014925,8.257576
167071,913942.000000,2019-11-16 00:00:00+03:00,15,122.000000,1,7.000000,0,0.000000,10,1,16,0.062500,8.133333
167071,913942.000000,2019-11-18 00:00:00+03:00,37,612.000000,1,29.000000,0,0.000000,0,1,38,0.026316,16.540541
167071,913942.000000,2019-11-19 00:00:00+03:00,16,253.000000,1,4.000000,0,0.000000,0,1,17,0.058824,15.812500
167071,913942.000000,2019-11-20 00:00:00+03:00,27,344.000000,2,46.000000,0,0.000000,0,1,29,0.068966,12.740741
167071,913942.000000,2019-11-21 00:00:00+03:00,26,385.000000,0,0.000000,0,0.000000,0,1,26,0.000000,14.807692
167071,913942.000000,2019-11-22 00:00:00+03:00,19,231.000000,1,4.000000,0,0.000000,0,1,20,0.050000,12.157895
167071,913942.000000,2019-11-23 00:00:00+03:00,1,7.000000,0,0.000000,0,0.000000,0,1,1,0.000000,7.000000
167071,913942.000000,2019-11-25 00:00:00+03:00,40,845.000000,0,0.000000,0,0.000000,0,1,40,0.000000,21.125000
167071,913942.000000,2019-11-26 00:00:00+03:00,66,912.000000,7,71.000000,0,0.000000,22,1,73,0.095890,13.818182
167071,913942.000000,2019-11-27 00:00:00+03:00,62,690.000000,6,66.000000,0,0.000000,49,1,68,0.088235,11.129032
167071,913942.000000,2019-11-28 00:00:00+03:00,16,307.000000,0,0.000000,0,0.000000,0,1,16,0.000000,19.187500
167078,900592.000000,2019-11-01 00:00:00+03:00,5,106.000000,0,0.000000,0,0.000000,8,1,5,0.000000,21.200000
167078,900592.000000,2019-11-02 00:00:00+03:00,7,58.000000,0,0.000000,0,0.000000,1,1,7,0.000000,8.285714
167078,900592.000000,2019-11-05 00:00:00+03:00,14,93.000000,0,0.000000,0,0.000000,3,1,14,0.000000,6.642857
167078,900592.000000,2019-11-06 00:00:00+03:00,14,104.000000,0,0.000000,0,0.000000,1,1,14,0.000000,7.428571
167078,900592.000000,2019-11-07 00:00:00+03:00,14,74.000000,0,0.000000,0,0.000000,6,1,14,0.000000,5.285714
167078,900592.000000,2019-11-08 00:00:00+03:00,6,34.000000,0,0.000000,0,0.000000,3,1,6,0.000000,5.666667
167078,900592.000000,2019-11-09 00:00:00+03:00,2,15.000000,0,0.000000,0,0.000000,3,1,2,0.000000,7.500000
167078,900592.000000,2019-11-11 00:00:00+03:00,16,103.000000,0,0.000000,0,0.000000,8,1,16,0.000000,6.437500
167078,900592.000000,2019-11-12 00:00:00+03:00,12,77.000000,0,0.000000,0,0.000000,2,1,12,0.000000,6.416667
167078,900592.000000,2019-11-13 00:00:00+03:00,19,135.000000,0,0.000000,0,0.000000,3,1,19,0.000000,7.105263
167078,900592.000000,2019-11-14 00:00:00+03:00,17,108.000000,0,0.000000,0,0.000000,8,1,17,0.000000,6.352941
167078,900592.000000,2019-11-15 00:00:00+03:00,9,55.000000,0,0.000000,0,0.000000,3,1,9,0.000000,6.111111
167078,900592.000000,2019-11-16 00:00:00+03:00,1,6.000000,0,0.000000,0,0.000000,2,1,1,0.000000,6.000000
167078,900592.000000,2019-11-18 00:00:00+03:00,4,21.000000,0,0.000000,0,0.000000,1,1,4,0.000000,5.250000
167078,900592.000000,2019-11-19 00:00:00+03:00,32,192.000000,0,0.000000,0,0.000000,6,1,32,0.000000,6.000000
167078,900592.000000,2019-11-20 00:00:00+03:00,14,73.000000,0,0.000000,0,0.000000,12,1,14,0.000000,5.214286
167078,900592.000000,2019-11-21 00:00:00+03:00,10,59.000000,0,0.000000,0,0.000000,8,1,10,0.000000,5.900000
167078,900592.000000,2019-11-22 00:00:00+03:00,8,51.000000,0,0.000000,0,0.000000,5,1,8,0.000000,6.375000
167078,900592.000000,2019-11-23 00:00:00+03:00,7,33.000000,0,0.000000,0,0.000000,3,1,7,0.000000,4.714286
167078,900592.000000,2019-11-25 00:00:00+03:00,13,66.000000,0,0.000000,0,0.000000,10,1,13,0.000000,5.076923
167078,900592.000000,2019-11-26 00:00:00+03:00,6,37.000000,0,0.000000,0,0.000000,1,1,6,0.000000,6.166667
167078,900592.000000,2019-11-27 00:00:00+03:00,10,63.000000,0,0.000000,0,0.000000,10,1,10,0.000000,6.300000
167078,900592.000000,2019-11-28 00:00:00+03:00,9,53.000000,0,0.000000,0,0.000000,3,1,9,0.000000,5.888889
167078,935348.000000,2019-11-01 00:00:00+03:00,7,66.000000,0,0.000000,0,0.000000,1,1,7,0.000000,9.428571
167078,935348.000000,2019-11-05 00:00:00+03:00,5,52.000000,1,11.000000,0,0.000000,3,1,6,0.166667,10.400000
167078,935348.000000,2019-11-06 00:00:00+03:00,4,35.000000,0,0.000000,0,0.000000,3,1,4,0.000000,8.750000
167078,935348.000000,2019-11-07 00:00:00+03:00,10,206.000000,0,0.000000,0,0.000000,12,1,10,0.000000,20.600000
167078,935348.000000,2019-11-08 00:00:00+03:00,7,53.000000,0,0.000000,0,0.000000,4,1,7,0.000000,7.571429
167078,935348.000000,2019-11-11 00:00:00+03:00,8,55.000000,0,0.000000,0,0.000000,9,1,8,0.000000,6.875000
167078,935348.000000,2019-11-12 00:00:00+03:00,10,63.000000,0,0.000000,0,0.000000,3,1,10,0.000000,6.300000
167078,935348.000000,2019-11-13 00:00:00+03:00,20,117.000000,0,0.000000,0,0.000000,7,1,20,0.000000,5.850000
167078,935348.000000,2019-11-14 00:00:00+03:00,7,39.000000,0,0.000000,0,0.000000,19,1,7,0.000000,5.571429
167078,935348.000000,2019-11-15 00:00:00+03:00,22,144.000000,0,0.000000,0,0.000000,5,1,22,0.000000,6.545455
167078,935348.000000,2019-11-18 00:00:00+03:00,4,23.000000,0,0.000000,0,0.000000,5,1,4,0.000000,5.750000
167078,935348.000000,2019-11-19 00:00:00+03:00,6,35.000000,0,0.000000,0,0.000000,12,1,6,0.000000,5.833333
167078,935348.000000,2019-11-20 00:00:00+03:00,7,39.000000,0,0.000000,0,0.000000,8,1,7,0.000000,5.571429
167078,935348.000000,2019-11-21 00:00:00+03:00,11,69.000000,0,0.000000,0,0.000000,1,1,11,0.000000,6.272727
167078,935348.000000,2019-11-22 00:00:00+03:00,8,58.000000,0,0.000000,0,0.000000,4,1,8,0.000000,7.250000
167078,935348.000000,2019-11-23 00:00:00+03:00,1,5.000000,0,0.000000,0,0.000000,3,1,1,0.000000,5.000000
167078,935348.000000,2019-11-25 00:00:00+03:00,8,50.000000,0,0.000000,0,0.000000,13,1,8,0.000000,6.250000
167078,935348.000000,2019-11-26 00:00:00+03:00,7,44.000000,0,0.000000,0,0.000000,3,1,7,0.000000,6.285714
167078,935348.000000,2019-11-27 00:00:00+03:00,10,78.000000,0,0.000000,0,0.000000,3,1,10,0.000000,7.800000
167078,935348.000000,2019-11-28 00:00:00+03:00,13,87.000000,0,0.000000,0,0.000000,7,1,13,0.000000,6.692308
167078,956480.000000,2019-11-08 00:00:00+03:00,7,119.000000,0,0.000000,0,0.000000,0,1,7,0.000000,17.000000
167078,956480.000000,2019-11-11 00:00:00+03:00,5,77.000000,0,0.000000,0,0.000000,0,1,5,0.000000,15.400000
167078,956480.000000,2019-11-12 00:00:00+03:00,2,34.000000,0,0.000000,0,0.000000,0,1,2,0.000000,17.000000
167078,956480.000000,2019-11-13 00:00:00+03:00,4,54.000000,0,0.000000,0,0.000000,0,1,4,0.000000,13.500000
167078,956480.000000,2019-11-14 00:00:00+03:00,3,44.000000,0,0.000000,0,0.000000,0,1,3,0.000000,14.666667
167078,956480.000000,2019-11-15 00:00:00+03:00,7,153.000000,0,0.000000,0,0.000000,0,1,7,0.000000,21.857143
167078,956480.000000,2019-11-16 00:00:00+03:00,12,116.000000,0,0.000000,0,0.000000,0,1,12,0.000000,9.666667
167078,956480.000000,2019-11-18 00:00:00+03:00,8,105.000000,0,0.000000,0,0.000000,0,1,8,0.000000,13.125000
167078,956480.000000,2019-11-19 00:00:00+03:00,8,128.000000,0,0.000000,0,0.000000,0,1,8,0.000000,16.000000
167078,956480.000000,2019-11-20 00:00:00+03:00,1,15.000000,0,0.000000,0,0.000000,0,1,1,0.000000,15.000000
167078,956480.000000,2019-11-21 00:00:00+03:00,7,73.000000,0,0.000000,0,0.000000,0,1,7,0.000000,10.428571
167078,956480.000000,2019-11-22 00:00:00+03:00,4,58.000000,0,0.000000,0,0.000000,0,1,4,0.000000,14.500000
167078,956480.000000,2019-11-23 00:00:00+03:00,4,58.000000,0,0.000000,0,0.000000,0,1,4,0.000000,14.500000
167078,956480.000000,2019-11-25 00:00:00+03:00,6,87.000000,0,0.000000,0,0.000000,0,1,6,0.000000,14.500000
167078,956480.000000,2019-11-26 00:00:00+03:00,3,33.000000,0,0.000000,0,0.000000,0,1,3,0.000000,11.000000
167078,956480.000000,2019-11-27 00:00:00+03:00,2,35.000000,0,0.000000,0,0.000000,0,1,2,0.000000,17.500000
167078,956480.000000,2019-11-28 00:00:00+03:00,7,103.000000,0,0.000000,0,0.000000,0,1,7,0.000000,14.714286
167078,956484.000000,2019-11-09 00:00:00+03:00,1,16.000000,0,0.000000,0,0.000000,0,1,1,0.000000,16.000000
167078,956484.000000,2019-11-11 00:00:00+03:00,1,54.000000,0,0.000000,0,0.000000,0,1,1,0.000000,54.000000
167078,956484.000000,2019-11-13 00:00:00+03:00,1,14.000000,0,0.000000,0,0.000000,0,1,1,0.000000,14.000000
167078,956484.000000,2019-11-15 00:00:00+03:00,2,47.000000,0,0.000000,0,0.000000,0,1,2,0.000000,23.500000
167078,956484.000000,2019-11-18 00:00:00+03:00,2,46.000000,0,0.000000,0,0.000000,0,1,2,0.000000,23.000000
167078,956484.000000,2019-11-19 00:00:00+03:00,2,34.000000,0,0.000000,0,0.000000,0,1,2,0.000000,17.000000
167078,956484.000000,2019-11-20 00:00:00+03:00,1,24.000000,0,0.000000,0,0.000000,0,1,1,0.000000,24.000000
167078,956484.000000,2019-11-21 00:00:00+03:00,4,62.000000,0,0.000000,0,0.000000,0,1,4,0.000000,15.500000
167078,956484.000000,2019-11-27 00:00:00+03:00,1,16.000000,0,0.000000,0,0.000000,0,1,1,0.000000,16.000000
167078,963716.000000,2019-11-16 00:00:00+03:00,0,0.000000,0,0.000000,0,0.000000,1,1,0,,
167079,904058.000000,2019-11-01 00:00:00+03:00,1,14.000000,0,0.000000,0,0.000000,0,1,1,0.000000,14.000000
167079,904058.000000,2019-11-02 00:00:00+03:00,1,23.000000,0,0.000000,0,0.000000,0,1,1,0.000000,23.000000
167079,904058.000000,2019-11-04 00:00:00+03:00,2,31.000000,0,0.000000,0,0.000000,0,1,2,0.000000,15.500000
167079,904058.000000,2019-11-05 00:00:00+03:00,2,35.000000,0,0.000000,0,0.000000,0,1,2,0.000000,17.500000
167079,904058.000000,2019-11-06 00:00:00+03:00,1,12.000000,0,0.000000,0,0.000000,0,1,1,0.000000,12.000000
167079,904058.000000,2019-11-11 00:00:00+03:00,1,28.000000,0,0.000000,0,0.000000,0,1,1,0.000000,28.000000
167079,904058.000000,2019-11-13 00:00:00+03:00,1,19.000000,0,0.000000,0,0.000000,0,1,1,0.000000,19.000000
167079,904058.000000,2019-11-20 00:00:00+03:00,1,14.000000,0,0.000000,0,0.000000,0,1,1,0.000000,14.000000
167079,904058.000000,2019-11-27 00:00:00+03:00,1,13.000000,0,0.000000,0,0.000000,0,1,1,0.000000,13.000000
167082,900788.000000,2019-11-01 00:00:00+03:00,1,8.000000,0,0.000000,0,0.000000,1,1,1,0.000000,8.000000
167082,900788.000000,2019-11-06 00:00:00+03:00,3,12.000000,0,0.000000,0,0.000000,0,1,3,0.000000,4.000000
167082,900788.000000,2019-11-07 00:00:00+03:00,2,21.000000,0,0.000000,0,0.000000,0,1,2,0.000000,10.500000
167082,900788.000000,2019-11-08 00:00:00+03:00,2,8.000000,0,0.000000,0,0.000000,0,1,2,0.000000,4.000000
167082,900788.000000,2019-11-09 00:00:00+03:00,1,11.000000,0,0.000000,0,0.000000,0,1,1,0.000000,11.000000
167082,900788.000000,2019-11-11 00:00:00+03:00,2,17.000000,0,0.000000,0,0.000000,0,1,2,0.000000,8.500000
167082,900788.000000,2019-11-12 00:00:00+03:00,4,21.000000,0,0.000000,0,0.000000,0,1,4,0.000000,5.250000
167082,900788.000000,2019-11-14 00:00:00+03:00,1,5.000000,0,0.000000,0,0.000000,0,1,1,0.000000,5.000000
167082,900788.000000,2019-11-15 00:00:00+03:00,3,30.000000,0,0.000000,0,0.000000,0,1,3,0.000000,10.000000
167082,900788.000000,2019-11-18 00:00:00+03:00,2,26.000000,0,0.000000,0,0.000000,0,1,2,0.000000,13.000000
167082,900788.000000,2019-11-20 00:00:00+03:00,3,20.000000,0,0.000000,0,0.000000,1,1,3,0.000000,6.666667
167082,900788.000000,2019-11-23 00:00:00+03:00,2,10.000000,0,0.000000,0,0.000000,0,1,2,0.000000,5.000000
167082,900788.000000,2019-11-27 00:00:00+03:00,3,19.000000,0,0.000000,0,0.000000,0,1,3,0.000000,6.333333
167082,900788.000000,2019-11-28 00:00:00+03:00,4,38.000000,0,0.000000,0,0.000000,0,1,4,0.000000,9.500000
167082,920982.000000,2019-11-05 00:00:00+03:00,5,149.000000,0,0.000000,0,0.000000,0,1,5,0.000000,29.800000
167082,920982.000000,2019-11-09 00:00:00+03:00,1,23.000000,0,0.000000,0,0.000000,0,1,1,0.000000,23.000000
167082,920982.000000,2019-11-16 00:00:00+03:00,1,27.000000,0,0.000000,0,0.000000,0,1,1,0.000000,27.000000
167082,920982.000000,2019-11-17 00:00:00+03:00,3,78.000000,0,0.000000,0,0.000000,0,1,3,0.000000,26.000000
167082,920982.000000,2019-11-18 00:00:00+03:00,3,72.000000,0,0.000000,0,0.000000,0,1,3,0.000000,24.000000
167082,920982.000000,2019-11-19 00:00:00+03:00,6,148.000000,0,0.000000,0,0.000000,0,1,6,0.000000,24.666667
167082,920982.000000,2019-11-20 00:00:00+03:00,2,24.000000,0,0.000000,0,0.000000,0,1,2,0.000000,12.000000
167082,920982.000000,2019-11-21 00:00:00+03:00,1,27.000000,0,0.000000,0,0.000000,0,1,1,0.000000,27.000000
167082,920982.000000,2019-11-23 00:00:00+03:00,2,68.000000,0,0.000000,0,0.000000,0,1,2,0.000000,34.000000
167082,920982.000000,2019-11-26 00:00:00+03:00,1,23.000000,0,0.000000,0,0.000000,0,1,1,0.000000,23.000000
167102,902906.000000,2019-11-01 00:00:00+03:00,2,29.000000,0,0.000000,0,0.000000,0,1,2,0.000000,14.500000
167102,902906.000000,2019-11-05 00:00:00+03:00,1,18.000000,0,0.000000,0,0.000000,0,1,1,0.000000,18.000000
167102,902906.000000,2019-11-07 00:00:00+03:00,1,15.000000,0,0.000000,0,0.000000,0,1,1,0.000000,15.000000
167102,902906.000000,2019-11-08 00:00:00+03:00,1,13.000000,0,0.000000,0,0.000000,0,1,1,0.000000,13.000000
167102,902906.000000,2019-11-11 00:00:00+03:00,1,19.000000,0,0.000000,0,0.000000,0,1,1,0.000000,19.000000
167102,902906.000000,2019-11-12 00:00:00+03:00,1,17.000000,0,0.000000,0,0.000000,0,1,1,0.000000,17.000000
167102,902906.000000,2019-11-13 00:00:00+03:00,1,18.000000,0,0.000000,0,0.000000,0,1,1,0.000000,18.000000
167102,902906.000000,2019-11-14 00:00:00+03:00,1,19.000000,0,0.000000,0,0.000000,0,1,1,0.000000,19.000000
167102,902906.000000,2019-11-18 00:00:00+03:00,1,17.000000,0,0.000000,0,0.000000,0,1,1,0.000000,17.000000
167102,902906.000000,2019-11-19 00:00:00+03:00,1,18.000000,0,0.000000,0,0.000000,0,1,1,0.000000,18.000000
167102,902906.000000,2019-11-20 00:00:00+03:00,2,34.000000,0,0.000000,0,0.000000,0,1,2,0.000000,17.000000
167102,902906.000000,2019-11-21 00:00:00+03:00,2,38.000000,0,0.000000,0,0.000000,0,1,2,0.000000,19.000000
167102,902906.000000,2019-11-22 00:00:00+03:00,1,18.000000,0,0.000000,0,0.000000,0,1,1,0.000000,18.000000
167102,902906.000000,2019-11-25 00:00:00+03:00,2,32.000000,0,0.000000,0,0.000000,0,1,2,0.000000,16.000000
167102,902906.000000,2019-11-27 00:00:00+03:00,1,18.000000,0,0.000000,0,0.000000,0,1,1,0.000000,18.000000
167102,902906.000000,2019-11-28 00:00:00+03:00,1,15.000000,0,0.000000,0,0.000000,0,1,1,0.000000,15.000000
167102,902910.000000,2019-11-08 00:00:00+03:00,2,58.000000,0,0.000000,0,0.000000,0,1,2,0.000000,29.000000
167109,906294.000000,2019-11-01 00:00:00+03:00,4,21.000000,0,0.000000,0,0.000000,5,1,4,0.000000,5.250000
167109,906294.000000,2019-11-05 00:00:00+03:00,5,16.000000,0,0.000000,0,0.000000,6,1,5,0.000000,3.200000
167109,906294.000000,2019-11-06 00:00:00+03:00,0,0.000000,0,0.000000,0,0.000000,2,1,0,,
167109,906294.000000,2019-11-07 00:00:00+03:00,1,9.000000,0,0.000000,0,0.000000,3,1,1,0.000000,9.000000
167109,906294.000000,2019-11-08 00:00:00+03:00,6,32.000000,0,0.000000,0,0.000000,2,1,6,0.000000,5.333333
167109,906294.000000,2019-11-11 00:00:00+03:00,5,19.000000,0,0.000000,0,0.000000,0,1,5,0.000000,3.800000
167109,906294.000000,2019-11-12 00:00:00+03:00,3,16.000000,0,0.000000,0,0.000000,0,1,3,0.000000,5.333333
167109,906294.000000,2019-11-15 00:00:00+03:00,4,18.000000,0,0.000000,0,0.000000,1,1,4,0.000000,4.500000
167109,906294.000000,2019-11-18 00:00:00+03:00,2,13.000000,0,0.000000,0,0.000000,0,1,2,0.000000,6.500000
167109,906294.000000,2019-11-19 00:00:00+03:00,6,26.000000,0,0.000000,0,0.000000,1,1,6,0.000000,4.333333
167109,906294.000000,2019-11-20 00:00:00+03:00,12,58.000000,0,0.000000,0,0.000000,1,1,12,0.000000,4.833333
167109,906294.000000,2019-11-21 00:00:00+03:00,5,21.000000,0,0.000000,0,0.000000,2,1,5,0.000000,4.200000
167109,906294.000000,2019-11-22 00:00:00+03:00,5,21.000000,0,0.000000,0,0.000000,1,1,5,0.000000,4.200000
167109,906294.000000,2019-11-25 00:00:00+03:00,2,14.000000,0,0.000000,0,0.000000,1,1,2,0.000000,7.000000
167109,906294.000000,2019-11-26 00:00:00+03:00,6,19.000000,0,0.000000,0,0.000000,5,1,6,0.000000,3.166667
167109,906294.000000,2019-11-27 00:00:00+03:00,7,31.000000,0,0.000000,0,0.000000,3,1,7,0.000000,4.428571
167109,906294.000000,2019-11-28 00:00:00+03:00,7,35.000000,0,0.000000,0,0.000000,1,1,7,0.000000,5.000000
167109,906296.000000,2019-11-01 00:00:00+03:00,0,0.000000,0,0.000000,0,0.000000,0,1,0,,
167109,906296.000000,2019-11-05 00:00:00+03:00,0,0.000000,0,0.000000,0,0.000000,0,1,0,,
167109,906296.000000,2019-11-06 00:00:00+03:00,0,0.000000,0,0.000000,0,0.000000,5,1,0,,
167109,906296.000000,2019-11-07 00:00:00+03:00,0,0.000000,0,0.000000,0,0.000000,0,1,0,,
167109,906296.000000,2019-11-08 00:00:00+03:00,0,0.000000,0,0.000000,0,0.000000,1,1,0,,
167109,906296.000000,2019-11-11 00:00:00+03:00,0,0.000000,0,0.000000,0,0.000000,0,1,0,,
167109,906296.000000,2019-11-12 00:00:00+03:00,0,0.000000,0,0.000000,0,0.000000,0,1,0,,
167109,906296.000000,2019-11-13 00:00:00+03:00,0,0.000000,0,0.000000,0,0.000000,0,1,0,,
167109,906296.000000,2019-11-14 00:00:00+03:00,0,0.000000,0,0.000000,0,0.000000,14,1,0,,
167109,906296.000000,2019-11-15 00:00:00+03:00,0,0.000000,0,0.000000,0,0.000000,1,1,0,,
167109,906296.000000,2019-11-18 00:00:00+03:00,0,0.000000,0,0.000000,0,0.000000,0,1,0,,
167109,906296.000000,2019-11-19 00:00:00+03:00,0,0.000000,0,0.000000,0,0.000000,0,1,0,,
167109,906296.000000,2019-11-20 00:00:00+03:00,0,0.000000,0,0.000000,0,0.000000,0,1,0,,
167109,906296.000000,2019-11-21 00:00:00+03:00,0,0.000000,0,0.000000,0,0.000000,0,1,0,,
167109,906296.000000,2019-11-22 00:00:00+03:00,0,0.000000,0,0.000000,0,0.000000,2,1,0,,
167109,906296.000000,2019-11-25 00:00:00+03:00,0,0.000000,0,0.000000,0,0.000000,0,1,0,,
167109,906296.000000,2019-11-26 00:00:00+03:00,0,0.000000,0,0.000000,0,0.000000,0,1,0,,
167109,906296.000000,2019-11-27 00:00:00+03:00,0,0.000000,0,0.000000,0,0.000000,1,1,0,,
167109,906296.000000,2019-11-28 00:00:00+03:00,0,0.000000,0,0.000000,0,0.000000,0,1,0,,
167109,907178.000000,2019-11-01 00:00:00+03:00,0,0.000000,0,0.000000,0,0.000000,0,1,0,,
167109,907178.000000,2019-11-05 00:00:00+03:00,0,0.000000,0,0.000000,0,0.000000,1,1,0,,
167109,907178.000000,2019-11-07 00:00:00+03:00,0,0.000000,0,0.000000,0,0.000000,0,1,0,,
167109,907178.000000,2019-11-12 00:00:00+03:00,0,0.000000,0,0.000000,0,0.000000,2,1,0,,
167109,907178.000000,2019-11-13 00:00:00+03:00,0,0.000000,0,0.000000,0,0.000000,1,1,0,,
167109,907178.000000,2019-11-18 00:00:00+03:00,0,0.000000,0,0.000000,0,0.000000,0,1,0,,
167109,907178.000000,2019-11-20 00:00:00+03:00,0,0.000000,0,0.000000,0,0.000000,1,1,0,,
167109,907178.000000,2019-11-22 00:00:00+03:00,0,0.000000,0,0.000000,0,0.000000,0,1,0,,
167109,907178.000000,2019-11-27 00:00:00+03:00,0,0.000000,0,0.000000,0,0.000000,14,1,0,,
167109,907180.000000,2019-11-01 00:00:00+03:00,0,0.000000,0,0.000000,0,0.000000,0,1,0,,
167109,907180.000000,2019-11-08 00:00:00+03:00,0,0.000000,0,0.000000,0,0.000000,1,1,0,,
167109,907180.000000,2019-11-22 00:00:00+03:00,0,0.000000,0,0.000000,0,0.000000,1,1,0,,
167109,907180.000000,2019-11-28 00:00:00+03:00,0,0.000000,0,0.000000,0,0.000000,1,1,0,,
167109,907182.000000,2019-11-01 00:00:00+03:00,1,5.000000,0,0.000000,0,0.000000,0,1,1,0.000000,5.000000
167109,907182.000000,2019-11-05 00:00:00+03:00,2,12.000000,0,0.000000,0,0.000000,0,1,2,0.000000,6.000000
167109,907182.000000,2019-11-06 00:00:00+03:00,0,0.000000,0,0.000000,0,0.000000,0,1,0,,
167109,907182.000000,2019-11-07 00:00:00+03:00,4,85.000000,0,0.000000,0,0.000000,0,1,4,0.000000,21.250000
167109,907182.000000,2019-11-08 00:00:00+03:00,1,25.000000,0,0.000000,0,0.000000,0,1,1,0.000000,25.000000
167109,907182.000000,2019-11-11 00:00:00+03:00,3,22.000000,0,0.000000,0,0.000000,0,1,3,0.000000,7.333333
167109,907182.000000,2019-11-12 00:00:00+03:00,3,17.000000,0,0.000000,0,0.000000,0,1,3,0.000000,5.666667
167109,907182.000000,2019-11-15 00:00:00+03:00,0,0.000000,0,0.000000,0,0.000000,0,1,0,,
167109,907182.000000,2019-11-18 00:00:00+03:00,5,92.000000,0,0.000000,0,0.000000,0,1,5,0.000000,18.400000
167109,907182.000000,2019-11-19 00:00:00+03:00,0,0.000000,0,0.000000,0,0.000000,0,1,0,,
167109,907182.000000,2019-11-20 00:00:00+03:00,1,5.000000,0,0.000000,0,0.000000,0,1,1,0.000000,5.000000
167109,907182.000000,2019-11-21 00:00:00+03:00,1,4.000000,0,0.000000,0,0.000000,0,1,1,0.000000,4.000000
167109,907182.000000,2019-11-22 00:00:00+03:00,2,12.000000,0,0.000000,0,0.000000,0,1,2,0.000000,6.000000
167109,907182.000000,2019-11-25 00:00:00+03:00,0,0.000000,0,0.000000,0,0.000000,0,1,0,,
167109,907182.000000,2019-11-26 00:00:00+03:00,2,14.000000,0,0.000000,0,0.000000,0,1,2,0.000000,7.000000
167109,907182.000000,2019-11-27 00:00:00+03:00,2,20.000000,0,0.000000,0,0.000000,0,1,2,0.000000,10.000000
167109,907182.000000,2019-11-28 00:00:00+03:00,2,18.000000,0,0.000000,0,0.000000,0,1,2,0.000000,9.000000
167109,907224.000000,2019-11-01 00:00:00+03:00,1,4.000000,0,0.000000,0,0.000000,2,1,1,0.000000,4.000000
167109,907224.000000,2019-11-05 00:00:00+03:00,0,0.000000,0,0.000000,0,0.000000,3,1,0,,
167109,907224.000000,2019-11-06 00:00:00+03:00,0,0.000000,0,0.000000,0,0.000000,5,1,0,,
167109,907224.000000,2019-11-07 00:00:00+03:00,0,0.000000,0,0.000000,0,0.000000,4,1,0,,
167109,907224.000000,2019-11-08 00:00:00+03:00,0,0.000000,0,0.000000,0,0.000000,4,1,0,,
167109,907224.000000,2019-11-11 00:00:00+03:00,0,0.000000,0,0.000000,0,0.000000,12,1,0,,
167109,907224.000000,2019-11-12 00:00:00+03:00,0,0.000000,0,0.000000,0,0.000000,4,1,0,,
167109,907224.000000,2019-11-13 00:00:00+03:00,5,164.000000,0,0.000000,0,0.000000,1,1,5,0.000000,32.800000
167109,907224.000000,2019-11-14 00:00:00+03:00,6,194.000000,0,0.000000,0,0.000000,7,1,6,0.000000,32.333333
167109,907224.000000,2019-11-15 00:00:00+03:00,1,36.000000,0,0.000000,0,0.000000,0,1,1,0.000000,36.000000
167109,907224.000000,2019-11-18 00:00:00+03:00,0,0.000000,0,0.000000,0,0.000000,2,1,0,,
167109,907224.000000,2019-11-19 00:00:00+03:00,0,0.000000,0,0.000000,0,0.000000,3,1,0,,
167109,907224.000000,2019-11-20 00:00:00+03:00,0,0.000000,0,0.000000,0,0.000000,3,1,0,,
167109,907224.000000,2019-11-21 00:00:00+03:00,1,32.000000,0,0.000000,0,0.000000,4,1,1,0.000000,32.000000
167109,907224.000000,2019-11-22 00:00:00+03:00,0,0.000000,0,0.000000,0,0.000000,2,1,0,,
167109,907224.000000,2019-11-25 00:00:00+03:00,0,0.000000,0,0.000000,0,0.000000,11,1,0,,
167109,907224.000000,2019-11-26 00:00:00+03:00,0,0.000000,0,0.000000,0,0.000000,8,1,0,,
167109,907224.000000,2019-11-27 00:00:00+03:00,0,0.000000,0,0.000000,0,0.000000,2,1,0,,
167109,907224.000000,2019-11-28 00:00:00+03:00,0,0.000000,0,0.000000,0,0.000000,2,1,0,,
167109,909910.000000,2019-11-01 00:00:00+03:00,0,0.000000,0,0.000000,0,0.000000,3,1,0,,
167109,909910.000000,2019-11-05 00:00:00+03:00,0,0.000000,0,0.000000,0,0.000000,4,1,0,,
167109,909910.000000,2019-11-06 00:00:00+03:00,0,0.000000,0,0.000000,0,0.000000,10,1,0,,
167109,909910.000000,2019-11-07 00:00:00+03:00,0,0.000000,0,0.000000,0,0.000000,13,1,0,,
167109,909910.000000,2019-11-08 00:00:00+03:00,0,0.000000,0,0.000000,0,0.000000,2,1,0,,
167109,909910.000000,2019-11-11 00:00:00+03:00,0,0.000000,0,0.000000,0,0.000000,10,1,0,,
167109,909910.000000,2019-11-12 00:00:00+03:00,0,0.000000,0,0.000000,0,0.000000,0,1,0,,
167109,909910.000000,2019-11-13 00:00:00+03:00,0,0.000000,0,0.000000,0,0.000000,0,1,0,,
167109,909910.000000,2019-11-15 00:00:00+03:00,0,0.000000,0,0.000000,0,0.000000,5,1,0,,
167109,909910.000000,2019-11-18 00:00:00+03:00,0,0.000000,0,0.000000,0,0.000000,0,1,0,,
167109,909910.000000,2019-11-19 00:00:00+03:00,0,0.000000,0,0.000000,0,0.000000,4,1,0,,
167109,909910.000000,2019-11-20 00:00:00+03:00,0,0.000000,0,0.000000,0,0.000000,1,1,0,,
167109,909910.000000,2019-11-21 00:00:00+03:00,0,0.000000,0,0.000000,0,0.000000,0,1,0,,
167109,909910.000000,2019-11-22 00:00:00+03:00,0,0.000000,0,0.000000,0,0.000000,3,1,0,,
167109,909910.000000,2019-11-25 00:00:00+03:00,0,0.000000,0,0.000000,0,0.000000,2,1,0,,
167109,909910.000000,2019-11-26 00:00:00+03:00,0,0.000000,0,0.000000,0,0.000000,2,1,0,,
167109,909910.000000,2019-11-27 00:00:00+03:00,0,0.000000,0,0.000000,0,0.000000,6,1,0,,
167109,909910.000000,2019-11-28 00:00:00+03:00,0,0.000000,0,0.000000,0,0.000000,5,1,0,,
167112,904014.000000,2019-11-05 00:00:00+03:00,0,0.000000,0,0.000000,0,0.000000,76,1,0,,
167112,904014.000000,2019-11-18 00:00:00+03:00,0,0.000000,0,0.000000,0,0.000000,1,1,0,,
167112,904016.000000,2019-11-01 00:00:00+03:00,1,4.000000,0,0.000000,0,0.000000,86,1,1,0.000000,4.000000
167112,904016.000000,2019-11-02 00:00:00+03:00,0,0.000000,0,0.000000,0,0.000000,2,1,0,,
167112,904016.000000,2019-11-05 00:00:00+03:00,2,34.000000,0,0.000000,0,0.000000,111,1,2,0.000000,17.000000
167112,904016.000000,2019-11-06 00:00:00+03:00,1,8.000000,0,0.000000,0,0.000000,4,1,1,0.000000,8.000000
167112,904016.000000,2019-11-08 00:00:00+03:00,0,0.000000,0,0.000000,0,0.000000,22,1,0,,
167112,951648.000000,2019-11-01 00:00:00+03:00,0,0.000000,0,0.000000,0,0.000000,94,1,0,,
167112,951650.000000,2019-11-05 00:00:00+03:00,0,0.000000,0,0.000000,0,0.000000,9,1,0,,
167112,951650.000000,2019-11-07 00:00:00+03:00,2,90.000000,0,0.000000,0,0.000000,0,1,2,0.000000,45.000000
167112,951650.000000,2019-11-14 00:00:00+03:00,0,0.000000,0,0.000000,0,0.000000,1,1,0,,
167139,950640.000000,2019-11-08 00:00:00+03:00,1,9.000000,0,0.000000,0,0.000000,0,1,1,0.000000,9.000000
167150,905538.000000,2019-11-01 00:00:00+03:00,1,22.000000,0,0.000000,0,0.000000,35,1,1,0.000000,22.000000
167150,905538.000000,2019-11-05 00:00:00+03:00,3,74.000000,0,0.000000,0,0.000000,84,1,3,0.000000,24.666667
167150,905538.000000,2019-11-06 00:00:00+03:00,5,95.000000,0,0.000000,0,0.000000,49,1,5,0.000000,19.000000
167150,905538.000000,2019-11-07 00:00:00+03:00,6,121.000000,0,0.000000,0,0.000000,36,1,6,0.000000,20.166667
167150,905538.000000,2019-11-08 00:00:00+03:00,3,62.000000,0,0.000000,0,0.000000,54,1,3,0.000000,20.666667
167150,905538.000000,2019-11-11 00:00:00+03:00,3,69.000000,0,0.000000,0,0.000000,37,1,3,0.000000,23.000000
167150,905538.000000,2019-11-12 00:00:00+03:00,6,129.000000,0,0.000000,0,0.000000,49,1,6,0.000000,21.500000
167150,905538.000000,2019-11-13 00:00:00+03:00,2,30.000000,0,0.000000,0,0.000000,132,1,2,0.000000,15.000000
167150,905538.000000,2019-11-14 00:00:00+03:00,4,64.000000,0,0.000000,0,0.000000,92,1,4,0.000000,16.000000
167150,905538.000000,2019-11-15 00:00:00+03:00,5,144.000000,0,0.000000,0,0.000000,116,1,5,0.000000,28.800000
167150,905538.000000,2019-11-18 00:00:00+03:00,10,252.000000,0,0.000000,0,0.000000,42,1,10,0.000000,25.200000
167150,905538.000000,2019-11-19 00:00:00+03:00,10,229.000000,0,0.000000,0,0.000000,55,1,10,0.000000,22.900000
167150,905538.000000,2019-11-20 00:00:00+03:00,7,150.000000,0,0.000000,0,0.000000,90,1,7,0.000000,21.428571
167150,905538.000000,2019-11-21 00:00:00+03:00,7,191.000000,0,0.000000,0,0.000000,71,1,7,0.000000,27.285714
167150,905538.000000,2019-11-22 00:00:00+03:00,16,388.000000,0,0.000000,0,0.000000,52,1,16,0.000000,24.250000
167150,905538.000000,2019-11-25 00:00:00+03:00,9,181.000000,0,0.000000,0,0.000000,77,1,9,0.000000,20.111111
167150,905538.000000,2019-11-26 00:00:00+03:00,4,99.000000,1,122.000000,0,0.000000,74,1,5,0.200000,24.750000
167150,905538.000000,2019-11-27 00:00:00+03:00,5,140.000000,0,0.000000,0,0.000000,61,1,5,0.000000,28.000000
167150,905538.000000,2019-11-28 00:00:00+03:00,9,215.000000,0,0.000000,0,0.000000,47,1,9,0.000000,23.888889
167150,905542.000000,2019-11-01 00:00:00+03:00,1,14.000000,0,0.000000,0,0.000000,42,1,1,0.000000,14.000000
167150,905542.000000,2019-11-05 00:00:00+03:00,2,29.000000,1,106.000000,0,0.000000,27,1,3,0.333333,14.500000
167150,905542.000000,2019-11-06 00:00:00+03:00,2,46.000000,0,0.000000,0,0.000000,28,1,2,0.000000,23.000000
167150,905542.000000,2019-11-07 00:00:00+03:00,1,23.000000,0,0.000000,0,0.000000,32,1,1,0.000000,23.000000
167150,905542.000000,2019-11-08 00:00:00+03:00,1,16.000000,0,0.000000,0,0.000000,43,1,1,0.000000,16.000000
167150,905542.000000,2019-11-11 00:00:00+03:00,2,36.000000,0,0.000000,0,0.000000,61,1,2,0.000000,18.000000
167150,905542.000000,2019-11-12 00:00:00+03:00,1,25.000000,0,0.000000,0,0.000000,38,1,1,0.000000,25.000000
167150,905542.000000,2019-11-13 00:00:00+03:00,4,77.000000,0,0.000000,0,0.000000,80,1,4,0.000000,19.250000
167150,905542.000000,2019-11-14 00:00:00+03:00,3,75.000000,0,0.000000,0,0.000000,33,1,3,0.000000,25.000000
167150,905542.000000,2019-11-15 00:00:00+03:00,5,129.000000,0,0.000000,0,0.000000,42,1,5,0.000000,25.800000
167150,905542.000000,2019-11-18 00:00:00+03:00,2,42.000000,0,0.000000,0,0.000000,41,1,2,0.000000,21.000000
167150,905542.000000,2019-11-19 00:00:00+03:00,0,0.000000,0,0.000000,0,0.000000,31,1,0,,
167150,905542.000000,2019-11-20 00:00:00+03:00,5,123.000000,0,0.000000,0,0.000000,25,1,5,0.000000,24.600000
167150,905542.000000,2019-11-21 00:00:00+03:00,6,153.000000,0,0.000000,0,0.000000,37,1,6,0.000000,25.500000
167150,905542.000000,2019-11-22 00:00:00+03:00,5,131.000000,0,0.000000,0,0.000000,51,1,5,0.000000,26.200000
167150,905542.000000,2019-11-25 00:00:00+03:00,3,75.000000,0,0.000000,0,0.000000,36,1,3,0.000000,25.000000
167150,905542.000000,2019-11-26 00:00:00+03:00,0,0.000000,0,0.000000,0,0.000000,33,1,0,,
167150,905542.000000,2019-11-27 00:00:00+03:00,2,69.000000,0,0.000000,0,0.000000,41,1,2,0.000000,34.500000
167150,905542.000000,2019-11-28 00:00:00+03:00,8,188.000000,0,0.000000,0,0.000000,54,1,8,0.000000,23.500000
167150,905564.000000,2019-11-01 00:00:00+03:00,0,0.000000,0,0.000000,0,0.000000,3,1,0,,
167150,905564.000000,2019-11-05 00:00:00+03:00,1,17.000000,0,0.000000,0,0.000000,3,1,1,0.000000,17.000000
167150,905564.000000,2019-11-06 00:00:00+03:00,0,0.000000,0,0.000000,0,0.000000,5,1,0,,
167150,905564.000000,2019-11-07 00:00:00+03:00,1,22.000000,0,0.000000,0,0.000000,15,1,1,0.000000,22.000000
167150,905564.000000,2019-11-08 00:00:00+03:00,0,0.000000,0,0.000000,0,0.000000,6,1,0,,
167150,905564.000000,2019-11-11 00:00:00+03:00,1,24.000000,0,0.000000,0,0.000000,15,1,1,0.000000,24.000000
167150,905564.000000,2019-11-12 00:00:00+03:00,0,0.000000,0,0.000000,0,0.000000,13,1,0,,
167150,905564.000000,2019-11-13 00:00:00+03:00,4,99.000000,0,0.000000,0,0.000000,9,1,4,0.000000,24.750000
167150,905564.000000,2019-11-14 00:00:00+03:00,3,74.000000,0,0.000000,0,0.000000,8,1,3,0.000000,24.666667
167150,905564.000000,2019-11-15 00:00:00+03:00,4,98.000000,0,0.000000,0,0.000000,9,1,4,0.000000,24.500000
167150,905564.000000,2019-11-18 00:00:00+03:00,1,24.000000,0,0.000000,0,0.000000,12,1,1,0.000000,24.000000
167150,905564.000000,2019-11-19 00:00:00+03:00,0,0.000000,0,0.000000,0,0.000000,11,1,0,,
167150,905564.000000,2019-11-20 00:00:00+03:00,0,0.000000,0,0.000000,0,0.000000,10,1,0,,
167150,905564.000000,2019-11-21 00:00:00+03:00,1,24.000000,1,25.000000,0,0.000000,11,1,2,0.500000,24.000000
167150,905564.000000,2019-11-22 00:00:00+03:00,0,0.000000,0,0.000000,0,0.000000,6,1,0,,
167150,905564.000000,2019-11-25 00:00:00+03:00,3,74.000000,0,0.000000,0,0.000000,22,1,3,0.000000,24.666667
167150,905564.000000,2019-11-26 00:00:00+03:00,1,26.000000,0,0.000000,0,0.000000,0,1,1,0.000000,26.000000
167150,905564.000000,2019-11-27 00:00:00+03:00,1,48.000000,0,0.000000,0,0.000000,16,1,1,0.000000,48.000000
167150,905564.000000,2019-11-28 00:00:00+03:00,1,24.000000,0,0.000000,0,0.000000,2,1,1,0.000000,24.000000
167150,905566.000000,2019-11-01 00:00:00+03:00,0,0.000000,0,0.000000,0,0.000000,6,1,0,,
167150,905566.000000,2019-11-05 00:00:00+03:00,0,0.000000,0,0.000000,0,0.000000,14,1,0,,
167150,905566.000000,2019-11-06 00:00:00+03:00,0,0.000000,0,0.000000,0,0.000000,2,1,0,,
167150,905566.000000,2019-11-07 00:00:00+03:00,0,0.000000,0,0.000000,0,0.000000,2,1,0,,
167150,905566.000000,2019-11-08 00:00:00+03:00,0,0.000000,0,0.000000,0,0.000000,4,1,0,,
167150,905566.000000,2019-11-11 00:00:00+03:00,1,25.000000,0,0.000000,0,0.000000,8,1,1,0.000000,25.000000
167150,905566.000000,2019-11-12 00:00:00+03:00,0,0.000000,0,0.000000,0,0.000000,3,1,0,,
167150,905566.000000,2019-11-13 00:00:00+03:00,0,0.000000,2,130.000000,0,0.000000,3,1,2,1.000000,
167150,905566.000000,2019-11-14 00:00:00+03:00,1,31.000000,0,0.000000,0,0.000000,4,1,1,0.000000,31.000000
167150,905566.000000,2019-11-15 00:00:00+03:00,0,0.000000,0,0.000000,0,0.000000,9,1,0,,
167150,905566.000000,2019-11-18 00:00:00+03:00,0,0.000000,0,0.000000,0,0.000000,3,1,0,,
167150,905566.000000,2019-11-19 00:00:00+03:00,0,0.000000,0,0.000000,0,0.000000,8,1,0,,
167150,905566.000000,2019-11-20 00:00:00+03:00,2,58.000000,0,0.000000,0,0.000000,5,1,2,0.000000,29.000000
167150,905566.000000,2019-11-21 00:00:00+03:00,0,0.000000,0,0.000000,0,0.000000,13,1,0,,
167150,905566.000000,2019-11-22 00:00:00+03:00,1,23.000000,0,0.000000,0,0.000000,10,1,1,0.000000,23.000000
167150,905566.000000,2019-11-25 00:00:00+03:00,0,0.000000,0,0.000000,0,0.000000,7,1,0,,
167150,905566.000000,2019-11-26 00:00:00+03:00,0,0.000000,0,0.000000,0,0.000000,6,1,0,,
167150,905566.000000,2019-11-27 00:00:00+03:00,0,0.000000,0,0.000000,0,0.000000,6,1,0,,
167150,905566.000000,2019-11-28 00:00:00+03:00,0,0.000000,0,0.000000,0,0.000000,14,1,0,,
167150,905570.000000,2019-11-01 00:00:00+03:00,0,0.000000,0,0.000000,0,0.000000,1,1,0,,
167150,905570.000000,2019-11-05 00:00:00+03:00,0,0.000000,0,0.000000,0,0.000000,0,1,0,,
167150,905570.000000,2019-11-06 00:00:00+03:00,0,0.000000,0,0.000000,0,0.000000,0,1,0,,
167150,905570.000000,2019-11-07 00:00:00+03:00,0,0.000000,0,0.000000,0,0.000000,1,1,0,,
167150,905570.000000,2019-11-13 00:00:00+03:00,0,0.000000,0,0.000000,0,0.000000,0,1,0,,
167150,905570.000000,2019-11-19 00:00:00+03:00,0,0.000000,0,0.000000,0,0.000000,0,1,0,,
167150,905570.000000,2019-11-22 00:00:00+03:00,0,0.000000,0,0.000000,0,0.000000,0,1,0,,
167150,905570.000000,2019-11-25 00:00:00+03:00,0,0.000000,0,0.000000,0,0.000000,0,1,0,,
167150,905570.000000,2019-11-26 00:00:00+03:00,0,0.000000,0,0.000000,0,0.000000,0,1,0,,
167150,905570.000000,2019-11-28 00:00:00+03:00,0,0.000000,0,0.000000,0,0.000000,0,1,0,,
167150,905574.000000,2019-11-01 00:00:00+03:00,1,14.000000,0,0.000000,0,0.000000,0,1,1,0.000000,14.000000
167150,905574.000000,2019-11-05 00:00:00+03:00,0,0.000000,0,0.000000,0,0.000000,5,1,0,,
167150,905574.000000,2019-11-06 00:00:00+03:00,0,0.000000,0,0.000000,0,0.000000,0,1,0,,
167150,905574.000000,2019-11-11 00:00:00+03:00,0,0.000000,0,0.000000,0,0.000000,8,1,0,,
167150,905574.000000,2019-11-13 00:00:00+03:00,0,0.000000,0,0.000000,0,0.000000,1,1,0,,
167150,905574.000000,2019-11-14 00:00:00+03:00,0,0.000000,0,0.000000,0,0.000000,3,1,0,,
167150,905574.000000,2019-11-15 00:00:00+03:00,0,0.000000,0,0.000000,0,0.000000,2,1,0,,
167150,905574.000000,2019-11-19 00:00:00+03:00,0,0.000000,0,0.000000,0,0.000000,1,1,0,,
167150,905574.000000,2019-11-21 00:00:00+03:00,0,0.000000,0,0.000000,0,0.000000,0,1,0,,
167150,905574.000000,2019-11-22 00:00:00+03:00,0,0.000000,0,0.000000,0,0.000000,2,1,0,,
167150,905574.000000,2019-11-25 00:00:00+03:00,0,0.000000,0,0.000000,0,0.000000,0,1,0,,
167150,905574.000000,2019-11-28 00:00:00+03:00,0,0.000000,0,0.000000,0,0.000000,0,1,0,,
167150,928092.000000,2019-11-28 00:00:00+03:00,1,62.000000,0,0.000000,0,0.000000,0,1,1,0.000000,62.000000
167158,907502.000000,2019-11-01 00:00:00+03:00,4,90.000000,0,0.000000,0,0.000000,0,1,4,0.000000,22.500000
167158,907502.000000,2019-11-02 00:00:00+03:00,2,44.000000,0,0.000000,0,0.000000,0,1,2,0.000000,22.000000
167158,907502.000000,2019-11-03 00:00:00+03:00,4,89.000000,0,0.000000,0,0.000000,0,1,4,0.000000,22.250000
167158,907502.000000,2019-11-04 00:00:00+03:00,1,25.000000,0,0.000000,0,0.000000,0,1,1,0.000000,25.000000
167158,907502.000000,2019-11-05 00:00:00+03:00,9,180.000000,0,0.000000,0,0.000000,0,1,9,0.000000,20.000000
167158,907502.000000,2019-11-06 00:00:00+03:00,6,121.000000,0,0.000000,0,0.000000,0,1,6,0.000000,20.166667
167158,907502.000000,2019-11-07 00:00:00+03:00,7,139.000000,0,0.000000,0,0.000000,0,1,7,0.000000,19.857143
167158,907502.000000,2019-11-08 00:00:00+03:00,5,98.000000,0,0.000000,0,0.000000,0,1,5,0.000000,19.600000
167158,907502.000000,2019-11-09 00:00:00+03:00,5,96.000000,0,0.000000,0,0.000000,0,1,5,0.000000,19.200000
167158,907502.000000,2019-11-10 00:00:00+03:00,4,76.000000,0,0.000000,0,0.000000,0,1,4,0.000000,19.000000
167162,905300.000000,2019-11-12 00:00:00+03:00,1,27.000000,0,0.000000,0,0.000000,0,1,1,0.000000,27.000000
167172,904204.000000,2019-11-01 00:00:00+03:00,0,0.000000,0,0.000000,0,0.000000,5,1,0,,
167172,904204.000000,2019-11-12 00:00:00+03:00,0,0.000000,0,0.000000,0,0.000000,4,1,0,,
167172,904204.000000,2019-11-14 00:00:00+03:00,0,0.000000,0,0.000000,0,0.000000,1,1,0,,
167172,904204.000000,2019-11-18 00:00:00+03:00,1,71.000000,0,0.000000,0,0.000000,0,1,1,0.000000,71.000000
167172,904204.000000,2019-11-19 00:00:00+03:00,0,0.000000,0,0.000000,0,0.000000,2,1,0,,
167172,904204.000000,2019-11-20 00:00:00+03:00,0,0.000000,0,0.000000,0,0.000000,1,1,0,,
167172,904204.000000,2019-11-21 00:00:00+03:00,2,67.000000,0,0.000000,0,0.000000,4,1,2,0.000000,33.500000
167172,904204.000000,2019-11-22 00:00:00+03:00,0,0.000000,0,0.000000,0,0.000000,2,1,0,,
167172,904204.000000,2019-11-25 00:00:00+03:00,0,0.000000,0,0.000000,0,0.000000,3,1,0,,
167172,904204.000000,2019-11-26 00:00:00+03:00,0,0.000000,0,0.000000,0,0.000000,1,1,0,,
167172,904204.000000,2019-11-28 00:00:00+03:00,0,0.000000,0,0.000000,0,0.000000,1,1,0,,
167172,926490.000000,2019-11-06 00:00:00+03:00,0,0.000000,0,0.000000,0,0.000000,15,1,0,,
167172,926490.000000,2019-11-07 00:00:00+03:00,0,0.000000,0,0.000000,0,0.000000,8,1,0,,
167172,926490.000000,2019-11-08 00:00:00+03:00,0,0.000000,0,0.000000,0,0.000000,3,1,0,,
167172,926490.000000,2019-11-11 00:00:00+03:00,0,0.000000,0,0.000000,0,0.000000,13,1,0,,
167172,926490.000000,2019-11-12 00:00:00+03:00,0,0.000000,0,0.000000,0,0.000000,5,1,0,,
167172,926490.000000,2019-11-13 00:00:00+03:00,0,0.000000,0,0.000000,0,0.000000,12,1,0,,
167172,926490.000000,2019-11-14 00:00:00+03:00,0,0.000000,0,0.000000,0,0.000000,4,1,0,,
167172,926490.000000,2019-11-15 00:00:00+03:00,0,0.000000,0,0.000000,0,0.000000,4,1,0,,
167172,926490.000000,2019-11-18 00:00:00+03:00,0,0.000000,0,0.000000,0,0.000000,5,1,0,,
167172,926490.000000,2019-11-19 00:00:00+03:00,1,12.000000,0,0.000000,0,0.000000,6,1,1,0.000000,12.000000
167172,926490.000000,2019-11-20 00:00:00+03:00,3,34.000000,0,0.000000,0,0.000000,0,1,3,0.000000,11.333333
167172,926490.000000,2019-11-21 00:00:00+03:00,1,18.000000,0,0.000000,0,0.000000,0,1,1,0.000000,18.000000
167172,926490.000000,2019-11-22 00:00:00+03:00,1,49.000000,0,0.000000,0,0.000000,3,1,1,0.000000,49.000000
167172,926490.000000,2019-11-25 00:00:00+03:00,1,12.000000,0,0.000000,0,0.000000,1,1,1,0.000000,12.000000
167172,926490.000000,2019-11-28 00:00:00+03:00,0,0.000000,0,0.000000,0,0.000000,21,1,0,,
167172,929228.000000,2019-11-07 00:00:00+03:00,0,0.000000,0,0.000000,0,0.000000,1,1,0,,
167172,929228.000000,2019-11-08 00:00:00+03:00,0,0.000000,0,0.000000,0,0.000000,2,1,0,,
167172,929228.000000,2019-11-11 00:00:00+03:00,0,0.000000,0,0.000000,0,0.000000,1,1,0,,
167172,929228.000000,2019-11-12 00:00:00+03:00,0,0.000000,0,0.000000,0,0.000000,9,1,0,,
167172,929228.000000,2019-11-13 00:00:00+03:00,0,0.000000,0,0.000000,0,0.000000,1,1,0,,
167172,929228.000000,2019-11-18 00:00:00+03:00,0,0.000000,0,0.000000,0,0.000000,1,1,0,,
167172,929228.000000,2019-11-19 00:00:00+03:00,0,0.000000,0,0.000000,0,0.000000,8,1,0,,
167172,929228.000000,2019-11-20 00:00:00+03:00,0,0.000000,0,0.000000,0,0.000000,9,1,0,,
167172,929228.000000,2019-11-21 00:00:00+03:00,0,0.000000,0,0.000000,0,0.000000,3,1,0,,
167172,929228.000000,2019-11-25 00:00:00+03:00,0,0.000000,0,0.000000,0,0.000000,3,1,0,,
167172,929228.000000,2019-11-26 00:00:00+03:00,0,0.000000,0,0.000000,0,0.000000,4,1,0,,
167172,929228.000000,2019-11-28 00:00:00+03:00,0,0.000000,0,0.000000,0,0.000000,1,1,0,,
167175,905842.000000,2019-11-01 00:00:00+03:00,0,0.000000,0,0.000000,0,0.000000,13,1,0,,
167175,905842.000000,2019-11-02 00:00:00+03:00,0,0.000000,0,0.000000,0,0.000000,56,1,0,,
167175,905842.000000,2019-11-04 00:00:00+03:00,0,0.000000,0,0.000000,0,0.000000,51,1,0,,
167175,905842.000000,2019-11-06 00:00:00+03:00,0,0.000000,0,0.000000,0,0.000000,79,1,0,,
167175,905842.000000,2019-11-07 00:00:00+03:00,1,72.000000,0,0.000000,0,0.000000,26,1,1,0.000000,72.000000
167175,905842.000000,2019-11-08 00:00:00+03:00,0,0.000000,0,0.000000,0,0.000000,25,1,0,,
167175,905842.000000,2019-11-09 00:00:00+03:00,0,0.000000,0,0.000000,0,0.000000,12,1,0,,
167175,905842.000000,2019-11-11 00:00:00+03:00,0,0.000000,0,0.000000,0,0.000000,21,1,0,,
167175,905842.000000,2019-11-12 00:00:00+03:00,0,0.000000,0,0.000000,0,0.000000,13,1,0,,
167175,905842.000000,2019-11-13 00:00:00+03:00,0,0.000000,0,0.000000,0,0.000000,29,1,0,,
167175,905842.000000,2019-11-15 00:00:00+03:00,0,0.000000,0,0.000000,0,0.000000,42,1,0,,
167175,905842.000000,2019-11-16 00:00:00+03:00,0,0.000000,0,0.000000,0,0.000000,5,1,0,,
167175,905842.000000,2019-11-17 00:00:00+03:00,1,159.000000,0,0.000000,0,0.000000,0,1,1,0.000000,159.000000
167175,905842.000000,2019-11-18 00:00:00+03:00,0,0.000000,0,0.000000,0,0.000000,4,1,0,,
167175,905842.000000,2019-11-19 00:00:00+03:00,0,0.000000,0,0.000000,0,0.000000,19,1,0,,
167175,905842.000000,2019-11-20 00:00:00+03:00,0,0.000000,0,0.000000,0,0.000000,7,1,0,,
167175,905842.000000,2019-11-22 00:00:00+03:00,0,0.000000,0,0.000000,0,0.000000,2,1,0,,
167175,905842.000000,2019-11-23 00:00:00+03:00,0,0.000000,0,0.000000,0,0.000000,15,1,0,,
167175,905842.000000,2019-11-24 00:00:00+03:00,0,0.000000,0,0.000000,0,0.000000,10,1,0,,
167175,905842.000000,2019-11-25 00:00:00+03:00,0,0.000000,0,0.000000,0,0.000000,12,1,0,,
167175,905842.000000,2019-11-26 00:00:00+03:00,0,0.000000,0,0.000000,0,0.000000,2,1,0,,
167175,905842.000000,2019-11-28 00:00:00+03:00,0,0.000000,0,0.000000,0,0.000000,32,1,0,,
167175,905844.000000,2019-11-03 00:00:00+03:00,0,0.000000,0,0.000000,0,0.000000,1,1,0,,
167175,905844.000000,2019-11-04 00:00:00+03:00,0,0.000000,0,0.000000,0,0.000000,14,1,0,,
167175,905844.000000,2019-11-05 00:00:00+03:00,0,0.000000,0,0.000000,0,0.000000,31,1,0,,
167175,905844.000000,2019-11-07 00:00:00+03:00,0,0.000000,0,0.000000,0,0.000000,9,1,0,,
167175,905844.000000,2019-11-08 00:00:00+03:00,0,0.000000,0,0.000000,0,0.000000,37,1,0,,
167175,905844.000000,2019-11-10 00:00:00+03:00,0,0.000000,0,0.000000,0,0.000000,34,1,0,,
167175,905844.000000,2019-11-11 00:00:00+03:00,0,0.000000,0,0.000000,0,0.000000,18,1,0,,
167175,905844.000000,2019-11-12 00:00:00+03:00,0,0.000000,0,0.000000,0,0.000000,24,1,0,,
167175,905844.000000,2019-11-13 00:00:00+03:00,0,0.000000,0,0.000000,0,0.000000,17,1,0,,
167175,905844.000000,2019-11-14 00:00:00+03:00,4,46.000000,0,0.000000,0,0.000000,30,1,4,0.000000,11.500000
167175,905844.000000,2019-11-17 00:00:00+03:00,0,0.000000,0,0.000000,0,0.000000,12,1,0,,
167175,905844.000000,2019-11-18 00:00:00+03:00,0,0.000000,0,0.000000,0,0.000000,10,1,0,,
167175,905844.000000,2019-11-19 00:00:00+03:00,0,0.000000,0,0.000000,0,0.000000,11,1,0,,
167175,905844.000000,2019-11-21 00:00:00+03:00,1,34.000000,0,0.000000,0,0.000000,6,1,1,0.000000,34.000000
167175,905844.000000,2019-11-25 00:00:00+03:00,1,9.000000,0,0.000000,0,0.000000,28,1,1,0.000000,9.000000
167175,905844.000000,2019-11-27 00:00:00+03:00,0,0.000000,0,0.000000,0,0.000000,41,1,0,,
167175,905844.000000,2019-11-28 00:00:00+03:00,2,8.000000,0,0.000000,0,0.000000,48,1,2,0.000000,4.000000
167176,905104.000000,2019-11-01 00:00:00+03:00,4,61.000000,0,0.000000,0,0.000000,2,1,4,0.000000,15.250000
167176,905104.000000,2019-11-05 00:00:00+03:00,3,47.000000,0,0.000000,0,0.000000,0,1,3,0.000000,15.666667
167176,905104.000000,2019-11-06 00:00:00+03:00,7,165.000000,0,0.000000,0,0.000000,1,1,7,0.000000,23.571429
167176,905104.000000,2019-11-07 00:00:00+03:00,11,231.000000,0,0.000000,0,0.000000,1,1,11,0.000000,21.000000
167176,905104.000000,2019-11-08 00:00:00+03:00,3,47.000000,0,0.000000,0,0.000000,1,1,3,0.000000,15.666667
167176,905104.000000,2019-11-11 00:00:00+03:00,9,148.000000,1,17.000000,0,0.000000,3,1,10,0.100000,16.444444
167176,905104.000000,2019-11-12 00:00:00+03:00,4,62.000000,0,0.000000,0,0.000000,9,1,4,0.000000,15.500000
167176,905104.000000,2019-11-13 00:00:00+03:00,5,84.000000,0,0.000000,0,0.000000,1,1,5,0.000000,16.800000
167176,905104.000000,2019-11-14 00:00:00+03:00,2,39.000000,0,0.000000,0,0.000000,9,1,2,0.000000,19.500000
167176,905104.000000,2019-11-15 00:00:00+03:00,3,55.000000,0,0.000000,0,0.000000,1,1,3,0.000000,18.333333
167176,905104.000000,2019-11-18 00:00:00+03:00,5,80.000000,0,0.000000,0,0.000000,0,1,5,0.000000,16.000000
167176,905104.000000,2019-11-19 00:00:00+03:00,8,166.000000,0,0.000000,0,0.000000,7,1,8,0.000000,20.750000
167176,905104.000000,2019-11-20 00:00:00+03:00,5,87.000000,0,0.000000,0,0.000000,7,1,5,0.000000,17.400000
167176,905104.000000,2019-11-21 00:00:00+03:00,2,32.000000,0,0.000000,0,0.000000,7,1,2,0.000000,16.000000
167176,905104.000000,2019-11-22 00:00:00+03:00,1,16.000000,0,0.000000,0,0.000000,1,1,1,0.000000,16.000000
167176,905104.000000,2019-11-25 00:00:00+03:00,8,126.000000,0,0.000000,0,0.000000,3,1,8,0.000000,15.750000
167176,905104.000000,2019-11-26 00:00:00+03:00,4,73.000000,0,0.000000,0,0.000000,1,1,4,0.000000,18.250000
167176,905104.000000,2019-11-27 00:00:00+03:00,4,66.000000,0,0.000000,0,0.000000,7,1,4,0.000000,16.500000
167176,905104.000000,2019-11-28 00:00:00+03:00,6,96.000000,0,0.000000,0,0.000000,2,1,6,0.000000,16.000000
167176,907504.000000,2019-11-05 00:00:00+03:00,0,0.000000,0,0.000000,0,0.000000,1,1,0,,
167176,907504.000000,2019-11-06 00:00:00+03:00,0,0.000000,0,0.000000,0,0.000000,0,1,0,,
167176,907504.000000,2019-11-07 00:00:00+03:00,1,24.000000,0,0.000000,0,0.000000,0,1,1,0.000000,24.000000
167176,907504.000000,2019-11-12 00:00:00+03:00,0,0.000000,0,0.000000,0,0.000000,0,1,0,,
167176,907504.000000,2019-11-19 00:00:00+03:00,0,0.000000,0,0.000000,0,0.000000,0,1,0,,
167176,907952.000000,2019-11-01 00:00:00+03:00,2,35.000000,0,0.000000,0,0.000000,0,1,2,0.000000,17.500000
167176,907952.000000,2019-11-05 00:00:00+03:00,0,0.000000,0,0.000000,0,0.000000,0,1,0,,
167176,907952.000000,2019-11-06 00:00:00+03:00,0,0.000000,0,0.000000,0,0.000000,0,1,0,,
167176,907952.000000,2019-11-07 00:00:00+03:00,3,54.000000,0,0.000000,0,0.000000,0,1,3,0.000000,18.000000
167176,907952.000000,2019-11-08 00:00:00+03:00,2,38.000000,0,0.000000,0,0.000000,0,1,2,0.000000,19.000000
167176,907952.000000,2019-11-11 00:00:00+03:00,4,73.000000,0,0.000000,0,0.000000,0,1,4,0.000000,18.250000
167176,907952.000000,2019-11-12 00:00:00+03:00,2,51.000000,0,0.000000,0,0.000000,0,1,2,0.000000,25.500000
167176,907952.000000,2019-11-13 00:00:00+03:00,1,21.000000,0,0.000000,0,0.000000,0,1,1,0.000000,21.000000
167176,907952.000000,2019-11-14 00:00:00+03:00,0,0.000000,0,0.000000,0,0.000000,0,1,0,,
167176,907952.000000,2019-11-15 00:00:00+03:00,0,0.000000,0,0.000000,0,0.000000,0,1,0,,
167176,907952.000000,2019-11-18 00:00:00+03:00,1,19.000000,0,0.000000,0,0.000000,0,1,1,0.000000,19.000000
167176,907952.000000,2019-11-19 00:00:00+03:00,1,28.000000,0,0.000000,0,0.000000,0,1,1,0.000000,28.000000
167176,907952.000000,2019-11-20 00:00:00+03:00,1,19.000000,0,0.000000,0,0.000000,0,1,1,0.000000,19.000000
167176,907952.000000,2019-11-21 00:00:00+03:00,1,21.000000,0,0.000000,0,0.000000,0,1,1,0.000000,21.000000
167176,907952.000000,2019-11-22 00:00:00+03:00,2,34.000000,0,0.000000,0,0.000000,0,1,2,0.000000,17.000000
167176,907952.000000,2019-11-25 00:00:00+03:00,0,0.000000,0,0.000000,0,0.000000,0,1,0,,
167176,907952.000000,2019-11-26 00:00:00+03:00,1,18.000000,0,0.000000,0,0.000000,0,1,1,0.000000,18.000000
167176,907952.000000,2019-11-27 00:00:00+03:00,0,0.000000,0,0.000000,0,0.000000,0,1,0,,
167176,907952.000000,2019-11-28 00:00:00+03:00,0,0.000000,0,0.000000,0,0.000000,0,1,0,,
167176,907964.000000,2019-11-06 00:00:00+03:00,0,0.000000,0,0.000000,0,0.000000,0,1,0,,
167176,907964.000000,2019-11-08 00:00:00+03:00,0,0.000000,0,0.000000,0,0.000000,0,1,0,,
167176,907964.000000,2019-11-11 00:00:00+03:00,0,0.000000,0,0.000000,0,0.000000,0,1,0,,
167176,907964.000000,2019-11-12 00:00:00+03:00,0,0.000000,0,0.000000,0,0.000000,0,1,0,,
167176,907964.000000,2019-11-13 00:00:00+03:00,0,0.000000,0,0.000000,0,0.000000,0,1,0,,
167176,907964.000000,2019-11-14 00:00:00+03:00,0,0.000000,0,0.000000,0,0.000000,0,1,0,,
167176,907964.000000,2019-11-15 00:00:00+03:00,0,0.000000,0,0.000000,0,0.000000,1,1,0,,
167176,907964.000000,2019-11-18 00:00:00+03:00,0,0.000000,0,0.000000,0,0.000000,0,1,0,,
167176,907964.000000,2019-11-20 00:00:00+03:00,0,0.000000,0,0.000000,0,0.000000,0,1,0,,
167176,907964.000000,2019-11-21 00:00:00+03:00,2,32.000000,0,0.000000,0,0.000000,0,1,2,0.000000,16.000000
167176,907964.000000,2019-11-22 00:00:00+03:00,1,16.000000,0,0.000000,0,0.000000,0,1,1,0.000000,16.000000
167176,907964.000000,2019-11-28 00:00:00+03:00,0,0.000000,0,0.000000,0,0.000000,0,1,0,,
167176,907970.000000,2019-11-05 00:00:00+03:00,0,0.000000,0,0.000000,0,0.000000,0,1,0,,
167176,907970.000000,2019-11-06 00:00:00+03:00,2,34.000000,0,0.000000,0,0.000000,0,1,2,0.000000,17.000000
167176,907970.000000,2019-11-07 00:00:00+03:00,0,0.000000,0,0.000000,0,0.000000,0,1,0,,
167176,907970.000000,2019-11-08 00:00:00+03:00,0,0.000000,0,0.000000,0,0.000000,0,1,0,,
167176,907970.000000,2019-11-12 00:00:00+03:00,0,0.000000,0,0.000000,0,0.000000,0,1,0,,
167176,907970.000000,2019-11-13 00:00:00+03:00,0,0.000000,0,0.000000,0,0.000000,0,1,0,,
167176,907970.000000,2019-11-14 00:00:00+03:00,0,0.000000,0,0.000000,0,0.000000,0,1,0,,
167176,907970.000000,2019-11-15 00:00:00+03:00,0,0.000000,0,0.000000,0,0.000000,0,1,0,,
167176,907970.000000,2019-11-18 00:00:00+03:00,0,0.000000,0,0.000000,0,0.000000,0,1,0,,
167176,907970.000000,2019-11-19 00:00:00+03:00,1,18.000000,0,0.000000,0,0.000000,0,1,1,0.000000,18.000000
167176,907970.000000,2019-11-20 00:00:00+03:00,0,0.000000,0,0.000000,0,0.000000,0,1,0,,
167176,907970.000000,2019-11-21 00:00:00+03:00,0,0.000000,0,0.000000,0,0.000000,0,1,0,,
167176,907970.000000,2019-11-22 00:00:00+03:00,0,0.000000,0,0.000000,0,0.000000,0,1,0,,
167176,907970.000000,2019-11-25 00:00:00+03:00,0,0.000000,0,0.000000,0,0.000000,0,1,0,,
167176,907970.000000,2019-11-26 00:00:00+03:00,0,0.000000,0,0.000000,0,0.000000,0,1,0,,
167176,907970.000000,2019-11-27 00:00:00+03:00,1,21.000000,0,0.000000,0,0.000000,0,1,1,0.000000,21.000000
167176,907982.000000,2019-11-01 00:00:00+03:00,1,41.000000,0,0.000000,0,0.000000,1,1,1,0.000000,41.000000
167176,907982.000000,2019-11-05 00:00:00+03:00,2,53.000000,0,0.000000,0,0.000000,1,1,2,0.000000,26.500000
167176,907982.000000,2019-11-06 00:00:00+03:00,0,0.000000,0,0.000000,0,0.000000,1,1,0,,
167176,907982.000000,2019-11-07 00:00:00+03:00,1,18.000000,0,0.000000,0,0.000000,0,1,1,0.000000,18.000000
167176,907982.000000,2019-11-08 00:00:00+03:00,1,18.000000,0,0.000000,0,0.000000,0,1,1,0.000000,18.000000
167176,907982.000000,2019-11-11 00:00:00+03:00,0,0.000000,0,0.000000,0,0.000000,0,1,0,,
167176,907982.000000,2019-11-12 00:00:00+03:00,2,36.000000,0,0.000000,0,0.000000,0,1,2,0.000000,18.000000
167176,907982.000000,2019-11-13 00:00:00+03:00,6,116.000000,0,0.000000,0,0.000000,0,1,6,0.000000,19.333333
167176,907982.000000,2019-11-14 00:00:00+03:00,2,35.000000,0,0.000000,0,0.000000,0,1,2,0.000000,17.500000
167176,907982.000000,2019-11-15 00:00:00+03:00,1,18.000000,0,0.000000,0,0.000000,0,1,1,0.000000,18.000000
167176,907982.000000,2019-11-18 00:00:00+03:00,1,21.000000,0,0.000000,0,0.000000,2,1,1,0.000000,21.000000
167176,907982.000000,2019-11-19 00:00:00+03:00,0,0.000000,0,0.000000,0,0.000000,0,1,0,,
167176,907982.000000,2019-11-20 00:00:00+03:00,0,0.000000,0,0.000000,0,0.000000,0,1,0,,
167176,907982.000000,2019-11-21 00:00:00+03:00,3,58.000000,1,16.000000,0,0.000000,0,1,4,0.250000,19.333333
167176,907982.000000,2019-11-22 00:00:00+03:00,0,0.000000,0,0.000000,0,0.000000,0,1,0,,
167176,907982.000000,2019-11-25 00:00:00+03:00,2,35.000000,0,0.000000,0,0.000000,0,1,2,0.000000,17.500000
167176,907982.000000,2019-11-26 00:00:00+03:00,1,16.000000,0,0.000000,0,0.000000,0,1,1,0.000000,16.000000
167176,907982.000000,2019-11-27 00:00:00+03:00,1,19.000000,0,0.000000,0,0.000000,0,1,1,0.000000,19.000000
167176,907982.000000,2019-11-28 00:00:00+03:00,0,0.000000,0,0.000000,0,0.000000,1,1,0,,
167176,907986.000000,2019-11-01 00:00:00+03:00,0,0.000000,0,0.000000,0,0.000000,0,1,0,,
167176,907986.000000,2019-11-05 00:00:00+03:00,0,0.000000,0,0.000000,0,0.000000,0,1,0,,
167176,907986.000000,2019-11-06 00:00:00+03:00,0,0.000000,0,0.000000,0,0.000000,0,1,0,,
167176,907986.000000,2019-11-07 00:00:00+03:00,0,0.000000,0,0.000000,0,0.000000,0,1,0,,
167176,907986.000000,2019-11-08 00:00:00+03:00,0,0.000000,0,0.000000,0,0.000000,0,1,0,,
167176,907986.000000,2019-11-11 00:00:00+03:00,0,0.000000,0,0.000000,0,0.000000,0,1,0,,
167176,907986.000000,2019-11-12 00:00:00+03:00,0,0.000000,0,0.000000,0,0.000000,0,1,0,,
167176,907986.000000,2019-11-13 00:00:00+03:00,0,0.000000,0,0.000000,0,0.000000,0,1,0,,
167176,907986.000000,2019-11-14 00:00:00+03:00,0,0.000000,0,0.000000,0,0.000000,0,1,0,,
167176,907986.000000,2019-11-15 00:00:00+03:00,0,0.000000,0,0.000000,0,0.000000,0,1,0,,
167176,907986.000000,2019-11-18 00:00:00+03:00,0,0.000000,0,0.000000,0,0.000000,0,1,0,,
167176,907986.000000,2019-11-19 00:00:00+03:00,0,0.000000,0,0.000000,0,0.000000,0,1,0,,
167176,907986.000000,2019-11-20 00:00:00+03:00,0,0.000000,0,0.000000,0,0.000000,0,1,0,,
167176,907986.000000,2019-11-22 00:00:00+03:00,0,0.000000,0,0.000000,0,0.000000,0,1,0,,
167176,907986.000000,2019-11-25 00:00:00+03:00,0,0.000000,0,0.000000,0,0.000000,0,1,0,,
167176,907986.000000,2019-11-26 00:00:00+03:00,0,0.000000,0,0.000000,0,0.000000,0,1,0,,
167176,907986.000000,2019-11-27 00:00:00+03:00,0,0.000000,0,0.000000,0,0.000000,0,1,0,,
167176,907986.000000,2019-11-28 00:00:00+03:00,0,0.000000,0,0.000000,0,0.000000,0,1,0,,
167176,907994.000000,2019-11-01 00:00:00+03:00,1,16.000000,0,0.000000,0,0.000000,0,1,1,0.000000,16.000000
167176,907994.000000,2019-11-06 00:00:00+03:00,1,28.000000,0,0.000000,0,0.000000,0,1,1,0.000000,28.000000
167176,907994.000000,2019-11-07 00:00:00+03:00,2,34.000000,0,0.000000,0,0.000000,0,1,2,0.000000,17.000000
167176,907994.000000,2019-11-11 00:00:00+03:00,0,0.000000,0,0.000000,0,0.000000,0,1,0,,
167176,907994.000000,2019-11-12 00:00:00+03:00,1,21.000000,0,0.000000,0,0.000000,0,1,1,0.000000,21.000000
167176,907994.000000,2019-11-13 00:00:00+03:00,1,25.000000,0,0.000000,0,0.000000,0,1,1,0.000000,25.000000
167176,907994.000000,2019-11-14 00:00:00+03:00,2,32.000000,0,0.000000,0,0.000000,0,1,2,0.000000,16.000000
167176,907994.000000,2019-11-15 00:00:00+03:00,0,0.000000,0,0.000000,0,0.000000,0,1,0,,
167176,907994.000000,2019-11-19 00:00:00+03:00,2,35.000000,0,0.000000,0,0.000000,0,1,2,0.000000,17.500000
167176,907994.000000,2019-11-20 00:00:00+03:00,1,46.000000,0,0.000000,0,0.000000,0,1,1,0.000000,46.000000
167176,907994.000000,2019-11-25 00:00:00+03:00,0,0.000000,0,0.000000,0,0.000000,0,1,0,,
167176,907994.000000,2019-11-26 00:00:00+03:00,0,0.000000,0,0.000000,0,0.000000,0,1,0,,
167176,907994.000000,2019-11-27 00:00:00+03:00,1,16.000000,0,0.000000,0,0.000000,0,1,1,0.000000,16.000000
167176,907994.000000,2019-11-28 00:00:00+03:00,0,0.000000,0,0.000000,0,0.000000,0,1,0,,
167180,905930.000000,2019-11-01 00:00:00+03:00,0,0.000000,0,0.000000,0,0.000000,10,1,0,,
167180,905930.000000,2019-11-05 00:00:00+03:00,0,0.000000,0,0.000000,0,0.000000,10,1,0,,
167180,905930.000000,2019-11-06 00:00:00+03:00,0,0.000000,0,0.000000,0,0.000000,9,1,0,,
167180,905930.000000,2019-11-07 00:00:00+03:00,0,0.000000,0,0.000000,0,0.000000,4,1,0,,
167180,905930.000000,2019-11-08 00:00:00+03:00,0,0.000000,0,0.000000,0,0.000000,2,1,0,,
167180,905930.000000,2019-11-11 00:00:00+03:00,2,9.000000,0,0.000000,0,0.000000,0,1,2,0.000000,4.500000
167180,905930.000000,2019-11-12 00:00:00+03:00,1,7.000000,0,0.000000,0,0.000000,4,1,1,0.000000,7.000000
167180,905930.000000,2019-11-13 00:00:00+03:00,1,6.000000,0,0.000000,0,0.000000,2,1,1,0.000000,6.000000
167180,905930.000000,2019-11-14 00:00:00+03:00,2,5.000000,0,0.000000,0,0.000000,9,1,2,0.000000,2.500000
167180,905930.000000,2019-11-15 00:00:00+03:00,2,8.000000,0,0.000000,0,0.000000,2,1,2,0.000000,4.000000
167180,905930.000000,2019-11-18 00:00:00+03:00,1,7.000000,0,0.000000,0,0.000000,6,1,1,0.000000,7.000000
167180,905930.000000,2019-11-19 00:00:00+03:00,6,32.000000,0,0.000000,0,0.000000,8,1,6,0.000000,5.333333
167180,905930.000000,2019-11-20 00:00:00+03:00,2,7.000000,0,0.000000,0,0.000000,1,1,2,0.000000,3.500000
167180,905930.000000,2019-11-21 00:00:00+03:00,1,7.000000,0,0.000000,0,0.000000,7,1,1,0.000000,7.000000
167180,905930.000000,2019-11-22 00:00:00+03:00,0,0.000000,0,0.000000,0,0.000000,8,1,0,,
167180,905930.000000,2019-11-25 00:00:00+03:00,0,0.000000,0,0.000000,0,0.000000,5,1,0,,
167180,905930.000000,2019-11-26 00:00:00+03:00,0,0.000000,0,0.000000,0,0.000000,16,1,0,,
167180,905930.000000,2019-11-27 00:00:00+03:00,1,5.000000,0,0.000000,0,0.000000,43,1,1,0.000000,5.000000
167180,905930.000000,2019-11-28 00:00:00+03:00,1,5.000000,0,0.000000,0,0.000000,25,1,1,0.000000,5.000000
167180,905932.000000,2019-11-01 00:00:00+03:00,0,0.000000,0,0.000000,0,0.000000,9,1,0,,
167180,905932.000000,2019-11-05 00:00:00+03:00,3,20.000000,0,0.000000,0,0.000000,5,1,3,0.000000,6.666667
167180,905932.000000,2019-11-06 00:00:00+03:00,0,0.000000,0,0.000000,0,0.000000,10,1,0,,
167180,905932.000000,2019-11-07 00:00:00+03:00,1,7.000000,0,0.000000,0,0.000000,12,1,1,0.000000,7.000000
167180,905932.000000,2019-11-08 00:00:00+03:00,1,16.000000,0,0.000000,0,0.000000,3,1,1,0.000000,16.000000
167180,905932.000000,2019-11-11 00:00:00+03:00,1,10.000000,0,0.000000,0,0.000000,6,1,1,0.000000,10.000000
167180,905932.000000,2019-11-13 00:00:00+03:00,1,13.000000,0,0.000000,0,0.000000,4,1,1,0.000000,13.000000
167180,905932.000000,2019-11-14 00:00:00+03:00,0,0.000000,0,0.000000,0,0.000000,10,1,0,,
167180,905932.000000,2019-11-15 00:00:00+03:00,0,0.000000,0,0.000000,0,0.000000,0,1,0,,
167180,905932.000000,2019-11-20 00:00:00+03:00,0,0.000000,0,0.000000,0,0.000000,2,1,0,,
167180,905932.000000,2019-11-21 00:00:00+03:00,0,0.000000,0,0.000000,0,0.000000,3,1,0,,
167180,905932.000000,2019-11-22 00:00:00+03:00,0,0.000000,0,0.000000,0,0.000000,5,1,0,,
167180,905932.000000,2019-11-25 00:00:00+03:00,0,0.000000,0,0.000000,0,0.000000,9,1,0,,
167180,905932.000000,2019-11-26 00:00:00+03:00,1,4.000000,0,0.000000,0,0.000000,6,1,1,0.000000,4.000000
167180,905932.000000,2019-11-27 00:00:00+03:00,4,38.000000,0,0.000000,0,0.000000,15,1,4,0.000000,9.500000
167180,905932.000000,2019-11-28 00:00:00+03:00,0,0.000000,0,0.000000,0,0.000000,4,1,0,,
167180,905934.000000,2019-11-01 00:00:00+03:00,0,0.000000,0,0.000000,0,0.000000,0,1,0,,
167180,905934.000000,2019-11-05 00:00:00+03:00,0,0.000000,0,0.000000,0,0.000000,0,1,0,,
167180,905934.000000,2019-11-14 00:00:00+03:00,0,0.000000,0,0.000000,0,0.000000,1,1,0,,
167180,905934.000000,2019-11-28 00:00:00+03:00,0,0.000000,0,0.000000,0,0.000000,1,1,0,,
167183,932292.000000,2019-11-01 00:00:00+03:00,0,0.000000,0,0.000000,0,0.000000,3,1,0,,
167183,932292.000000,2019-11-05 00:00:00+03:00,0,0.000000,0,0.000000,0,0.000000,3,1,0,,
167183,932292.000000,2019-11-06 00:00:00+03:00,0,0.000000,0,0.000000,0,0.000000,2,1,0,,
167183,932292.000000,2019-11-07 00:00:00+03:00,1,10.000000,0,0.000000,0,0.000000,6,1,1,0.000000,10.000000
167183,932292.000000,2019-11-08 00:00:00+03:00,1,7.000000,0,0.000000,0,0.000000,3,1,1,0.000000,7.000000
167183,932292.000000,2019-11-11 00:00:00+03:00,0,0.000000,0,0.000000,0,0.000000,4,1,0,,
167183,932304.000000,2019-11-05 00:00:00+03:00,0,0.000000,0,0.000000,0,0.000000,2,1,0,,
167185,912296.000000,2019-11-01 00:00:00+03:00,5,68.000000,0,0.000000,0,0.000000,6,1,5,0.000000,13.600000
167185,912296.000000,2019-11-05 00:00:00+03:00,5,44.000000,0,0.000000,0,0.000000,13,1,5,0.000000,8.800000
167185,912296.000000,2019-11-06 00:00:00+03:00,5,42.000000,0,0.000000,0,0.000000,9,1,5,0.000000,8.400000
167185,912296.000000,2019-11-07 00:00:00+03:00,3,39.000000,0,0.000000,0,0.000000,10,1,3,0.000000,13.000000
167185,912296.000000,2019-11-08 00:00:00+03:00,0,0.000000,0,0.000000,0,0.000000,10,1,0,,
167185,912296.000000,2019-11-11 00:00:00+03:00,7,92.000000,0,0.000000,0,0.000000,9,1,7,0.000000,13.142857
167185,912296.000000,2019-11-12 00:00:00+03:00,4,33.000000,0,0.000000,0,0.000000,10,1,4,0.000000,8.250000
167185,912296.000000,2019-11-13 00:00:00+03:00,7,86.000000,1,13.000000,0,0.000000,11,1,8,0.125000,12.285714
167185,912296.000000,2019-11-14 00:00:00+03:00,4,56.000000,0,0.000000,0,0.000000,11,1,4,0.000000,14.000000
167185,912296.000000,2019-11-15 00:00:00+03:00,2,17.000000,0,0.000000,0,0.000000,22,1,2,0.000000,8.500000
167185,912296.000000,2019-11-18 00:00:00+03:00,8,86.000000,0,0.000000,0,0.000000,6,1,8,0.000000,10.750000
167185,912296.000000,2019-11-19 00:00:00+03:00,5,50.000000,0,0.000000,0,0.000000,5,1,5,0.000000,10.000000
167185,912296.000000,2019-11-20 00:00:00+03:00,9,120.000000,0,0.000000,0,0.000000,16,1,9,0.000000,13.333333
167185,912296.000000,2019-11-21 00:00:00+03:00,8,129.000000,1,9.000000,0,0.000000,31,1,9,0.111111,16.125000
167185,912296.000000,2019-11-22 00:00:00+03:00,8,89.000000,0,0.000000,0,0.000000,17,1,8,0.000000,11.125000
167185,912296.000000,2019-11-25 00:00:00+03:00,1,11.000000,0,0.000000,0,0.000000,0,1,1,0.000000,11.000000
167185,912296.000000,2019-11-26 00:00:00+03:00,1,12.000000,0,0.000000,0,0.000000,0,1,1,0.000000,12.000000
167185,912296.000000,2019-11-27 00:00:00+03:00,3,40.000000,0,0.000000,0,0.000000,16,1,3,0.000000,13.333333
167185,912296.000000,2019-11-28 00:00:00+03:00,2,20.000000,0,0.000000,0,0.000000,12,1,2,0.000000,10.000000
167185,917680.000000,2019-11-18 00:00:00+03:00,0,0.000000,0,0.000000,0,0.000000,5,1,0,,
167185,917680.000000,2019-11-20 00:00:00+03:00,1,26.000000,0,0.000000,0,0.000000,0,1,1,0.000000,26.000000
167188,914238.000000,2019-11-06 00:00:00+03:00,0,0.000000,0,0.000000,0,0.000000,18,1,0,,
167188,914238.000000,2019-11-15 00:00:00+03:00,0,0.000000,0,0.000000,0,0.000000,3,1,0,,
167188,914238.000000,2019-11-19 00:00:00+03:00,0,0.000000,0,0.000000,0,0.000000,47,1,0,,
167188,914238.000000,2019-11-22 00:00:00+03:00,0,0.000000,0,0.000000,0,0.000000,5,1,0,,
167188,914238.000000,2019-11-23 00:00:00+03:00,0,0.000000,0,0.000000,0,0.000000,3,1,0,,
167188,914238.000000,2019-11-25 00:00:00+03:00,0,0.000000,0,0.000000,0,0.000000,4,1,0,,
167188,914238.000000,2019-11-26 00:00:00+03:00,0,0.000000,0,0.000000,0,0.000000,15,1,0,,
167188,914338.000000,2019-11-06 00:00:00+03:00,0,0.000000,0,0.000000,0,0.000000,0,1,0,,
167188,957022.000000,2019-11-08 00:00:00+03:00,0,0.000000,0,0.000000,0,0.000000,1,1,0,,
167188,957022.000000,2019-11-18 00:00:00+03:00,0,0.000000,0,0.000000,0,0.000000,1,1,0,,
167188,957022.000000,2019-11-19 00:00:00+03:00,0,0.000000,0,0.000000,0,0.000000,7,1,0,,
167188,962168.000000,2019-11-14 00:00:00+03:00,1,12.000000,0,0.000000,0,0.000000,0,1,1,0.000000,12.000000
167188,962168.000000,2019-11-22 00:00:00+03:00,1,20.000000,0,0.000000,0,0.000000,0,1,1,0.000000,20.000000
167188,962168.000000,2019-11-26 00:00:00+03:00,1,24.000000,0,0.000000,0,0.000000,0,1,1,0.000000,24.000000
167188,962168.000000,2019-11-27 00:00:00+03:00,1,13.000000,0,0.000000,0,0.000000,0,1,1,0.000000,13.000000
167188,964716.000000,2019-11-18 00:00:00+03:00,0,0.000000,0,0.000000,0,0.000000,0,1,0,,
167188,964716.000000,2019-11-19 00:00:00+03:00,0,0.000000,0,0.000000,0,0.000000,58,1,0,,
167188,964716.000000,2019-11-20 00:00:00+03:00,0,0.000000,0,0.000000,0,0.000000,58,1,0,,
167188,964716.000000,2019-11-21 00:00:00+03:00,0,0.000000,0,0.000000,0,0.000000,56,1,0,,
167188,964716.000000,2019-11-25 00:00:00+03:00,0,0.000000,0,0.000000,0,0.000000,57,1,0,,
167188,964716.000000,2019-11-26 00:00:00+03:00,0,0.000000,0,0.000000,0,0.000000,14,1,0,,
167188,964716.000000,2019-11-27 00:00:00+03:00,0,0.000000,0,0.000000,0,0.000000,34,1,0,,
167188,964716.000000,2019-11-28 00:00:00+03:00,0,0.000000,0,0.000000,0,0.000000,43,1,0,,
167199,911310.000000,2019-11-01 00:00:00+03:00,2,10.000000,0,0.000000,0,0.000000,0,1,2,0.000000,5.000000
167199,911310.000000,2019-11-02 00:00:00+03:00,12,206.000000,0,0.000000,0,0.000000,0,1,12,0.000000,17.166667
167199,911310.000000,2019-11-03 00:00:00+03:00,5,142.000000,1,120.000000,0,0.000000,5,1,6,0.166667,28.400000
167199,911310.000000,2019-11-04 00:00:00+03:00,2,10.000000,0,0.000000,0,0.000000,0,1,2,0.000000,5.000000
167199,911310.000000,2019-11-05 00:00:00+03:00,13,363.000000,0,0.000000,0,0.000000,2,1,13,0.000000,27.923077
167199,911310.000000,2019-11-06 00:00:00+03:00,11,118.000000,0,0.000000,0,0.000000,0,1,11,0.000000,10.727273
167199,911310.000000,2019-11-07 00:00:00+03:00,6,166.000000,0,0.000000,0,0.000000,7,1,6,0.000000,27.666667
167199,911310.000000,2019-11-08 00:00:00+03:00,4,20.000000,0,0.000000,0,0.000000,0,1,4,0.000000,5.000000
167199,911310.000000,2019-11-09 00:00:00+03:00,1,9.000000,0,0.000000,0,0.000000,0,1,1,0.000000,9.000000
167199,911310.000000,2019-11-10 00:00:00+03:00,2,12.000000,0,0.000000,0,0.000000,0,1,2,0.000000,6.000000
167199,911310.000000,2019-11-11 00:00:00+03:00,9,159.000000,0,0.000000,0,0.000000,17,1,9,0.000000,17.666667
167199,911310.000000,2019-11-12 00:00:00+03:00,12,62.000000,0,0.000000,0,0.000000,1,1,12,0.000000,5.166667
167199,911310.000000,2019-11-13 00:00:00+03:00,1,4.000000,0,0.000000,0,0.000000,0,1,1,0.000000,4.000000
167199,911310.000000,2019-11-14 00:00:00+03:00,4,90.000000,0,0.000000,0,0.000000,0,1,4,0.000000,22.500000
167199,911310.000000,2019-11-15 00:00:00+03:00,6,93.000000,0,0.000000,0,0.000000,4,1,6,0.000000,15.500000
167199,911310.000000,2019-11-16 00:00:00+03:00,1,8.000000,0,0.000000,0,0.000000,0,1,1,0.000000,8.000000
167199,911310.000000,2019-11-17 00:00:00+03:00,2,12.000000,0,0.000000,0,0.000000,0,1,2,0.000000,6.000000
167199,911310.000000,2019-11-18 00:00:00+03:00,6,127.000000,0,0.000000,0,0.000000,0,1,6,0.000000,21.166667
167199,911310.000000,2019-11-19 00:00:00+03:00,9,67.000000,0,0.000000,0,0.000000,0,1,9,0.000000,7.444444
167200,905862.000000,2019-11-06 00:00:00+03:00,3,32.000000,0,0.000000,0,0.000000,0,1,3,0.000000,10.666667
167200,905862.000000,2019-11-07 00:00:00+03:00,1,23.000000,0,0.000000,0,0.000000,0,1,1,0.000000,23.000000
167200,905862.000000,2019-11-11 00:00:00+03:00,1,9.000000,0,0.000000,0,0.000000,0,1,1,0.000000,9.000000
167200,905862.000000,2019-11-12 00:00:00+03:00,4,74.000000,0,0.000000,0,0.000000,1,1,4,0.000000,18.500000
167200,905862.000000,2019-11-13 00:00:00+03:00,1,10.000000,0,0.000000,0,0.000000,0,1,1,0.000000,10.000000
167200,905862.000000,2019-11-14 00:00:00+03:00,2,30.000000,0,0.000000,0,0.000000,0,1,2,0.000000,15.000000
167200,905862.000000,2019-11-15 00:00:00+03:00,2,15.000000,0,0.000000,0,0.000000,0,1,2,0.000000,7.500000
167200,905862.000000,2019-11-18 00:00:00+03:00,1,6.000000,0,0.000000,0,0.000000,0,1,1,0.000000,6.000000
167200,905862.000000,2019-11-19 00:00:00+03:00,1,8.000000,0,0.000000,0,0.000000,0,1,1,0.000000,8.000000
167200,905862.000000,2019-11-20 00:00:00+03:00,1,11.000000,0,0.000000,0,0.000000,0,1,1,0.000000,11.000000
167200,905862.000000,2019-11-22 00:00:00+03:00,2,12.000000,0,0.000000,0,0.000000,0,1,2,0.000000,6.000000
167200,905862.000000,2019-11-28 00:00:00+03:00,3,38.000000,0,0.000000,0,0.000000,0,1,3,0.000000,12.666667
167235,913788.000000,2019-11-01 00:00:00+03:00,8,116.000000,0,0.000000,0,0.000000,7,1,8,0.000000,14.500000
167235,913788.000000,2019-11-02 00:00:00+03:00,12,212.000000,0,0.000000,0,0.000000,20,1,12,0.000000,17.666667
167235,913788.000000,2019-11-03 00:00:00+03:00,3,77.000000,1,26.000000,0,0.000000,0,1,4,0.250000,25.666667
167235,913788.000000,2019-11-04 00:00:00+03:00,19,298.000000,0,0.000000,0,0.000000,21,1,19,0.000000,15.684211
167235,913788.000000,2019-11-05 00:00:00+03:00,22,420.000000,0,0.000000,0,0.000000,22,1,22,0.000000,19.090909
167235,913788.000000,2019-11-06 00:00:00+03:00,26,431.000000,0,0.000000,0,0.000000,30,1,26,0.000000,16.576923
167235,913788.000000,2019-11-07 00:00:00+03:00,10,130.000000,0,0.000000,0,0.000000,17,1,10,0.000000,13.000000
167235,913788.000000,2019-11-08 00:00:00+03:00,22,312.000000,0,0.000000,0,0.000000,15,1,22,0.000000,14.181818
167235,913788.000000,2019-11-09 00:00:00+03:00,13,186.000000,0,0.000000,0,0.000000,9,1,13,0.000000,14.307692
167235,913788.000000,2019-11-10 00:00:00+03:00,4,100.000000,0,0.000000,0,0.000000,0,1,4,0.000000,25.000000
167235,913788.000000,2019-11-11 00:00:00+03:00,26,414.000000,0,0.000000,0,0.000000,30,1,26,0.000000,15.923077
167235,913788.000000,2019-11-12 00:00:00+03:00,11,164.000000,0,0.000000,0,0.000000,19,1,11,0.000000,14.909091
167235,913788.000000,2019-11-13 00:00:00+03:00,22,299.000000,0,0.000000,0,0.000000,12,1,22,0.000000,13.590909
167235,913788.000000,2019-11-14 00:00:00+03:00,22,369.000000,1,94.000000,0,0.000000,72,1,23,0.043478,16.772727
167235,913788.000000,2019-11-15 00:00:00+03:00,18,286.000000,0,0.000000,0,0.000000,28,1,18,0.000000,15.888889
167235,913788.000000,2019-11-16 00:00:00+03:00,15,197.000000,0,0.000000,0,0.000000,20,1,15,0.000000,13.133333
167235,913788.000000,2019-11-17 00:00:00+03:00,1,26.000000,0,0.000000,0,0.000000,0,1,1,0.000000,26.000000
167235,913788.000000,2019-11-18 00:00:00+03:00,25,409.000000,0,0.000000,0,0.000000,34,1,25,0.000000,16.360000
167235,913788.000000,2019-11-19 00:00:00+03:00,19,284.000000,0,0.000000,0,0.000000,39,1,19,0.000000,14.947368
167235,913788.000000,2019-11-20 00:00:00+03:00,21,306.000000,0,0.000000,0,0.000000,35,1,21,0.000000,14.571429
167235,913788.000000,2019-11-21 00:00:00+03:00,21,330.000000,0,0.000000,0,0.000000,9,1,21,0.000000,15.714286
167235,913788.000000,2019-11-22 00:00:00+03:00,6,79.000000,0,0.000000,0,0.000000,13,1,6,0.000000,13.166667
167235,913788.000000,2019-11-23 00:00:00+03:00,11,158.000000,0,0.000000,0,0.000000,19,1,11,0.000000,14.363636
167235,913788.000000,2019-11-24 00:00:00+03:00,4,102.000000,0,0.000000,0,0.000000,0,1,4,0.000000,25.500000
167235,913788.000000,2019-11-25 00:00:00+03:00,24,384.000000,0,0.000000,0,0.000000,18,1,24,0.000000,16.000000
167235,913788.000000,2019-11-26 00:00:00+03:00,15,256.000000,0,0.000000,0,0.000000,27,1,15,0.000000,17.066667
167235,913788.000000,2019-11-27 00:00:00+03:00,18,249.000000,0,0.000000,0,0.000000,11,1,18,0.000000,13.833333
167235,913788.000000,2019-11-28 00:00:00+03:00,18,244.000000,0,0.000000,0,0.000000,40,1,18,0.000000,13.555556
167238,949420.000000,2019-11-21 00:00:00+03:00,1,1.000000,0,0.000000,0,0.000000,1,1,1,0.000000,1.000000
167238,949420.000000,2019-11-22 00:00:00+03:00,1,1.000000,0,0.000000,0,0.000000,0,1,1,0.000000,1.000000
167238,949420.000000,2019-11-23 00:00:00+03:00,1,0.000000,0,0.000000,0,0.000000,0,1,1,0.000000,0.000000
167238,949420.000000,2019-11-25 00:00:00+03:00,2,2.000000,0,0.000000,0,0.000000,0,1,2,0.000000,1.000000
167242,911214.000000,2019-11-06 00:00:00+03:00,1,19.000000,0,0.000000,0,0.000000,0,1,1,0.000000,19.000000
167246,908078.000000,2019-11-01 00:00:00+03:00,1,26.000000,0,0.000000,0,0.000000,15,1,1,0.000000,26.000000
167246,908078.000000,2019-11-06 00:00:00+03:00,1,13.000000,0,0.000000,0,0.000000,0,1,1,0.000000,13.000000
167246,908078.000000,2019-11-07 00:00:00+03:00,1,13.000000,0,0.000000,0,0.000000,0,1,1,0.000000,13.000000
167246,908078.000000,2019-11-08 00:00:00+03:00,0,0.000000,0,0.000000,0,0.000000,5,1,0,,
167246,908078.000000,2019-11-11 00:00:00+03:00,2,34.000000,0,0.000000,0,0.000000,2,1,2,0.000000,17.000000
167246,908078.000000,2019-11-12 00:00:00+03:00,1,41.000000,0,0.000000,0,0.000000,1,1,1,0.000000,41.000000
167246,908078.000000,2019-11-18 00:00:00+03:00,1,11.000000,0,0.000000,0,0.000000,0,1,1,0.000000,11.000000
167246,908078.000000,2019-11-19 00:00:00+03:00,2,57.000000,0,0.000000,0,0.000000,0,1,2,0.000000,28.500000
167246,908078.000000,2019-11-20 00:00:00+03:00,1,17.000000,0,0.000000,0,0.000000,0,1,1,0.000000,17.000000
167246,908078.000000,2019-11-21 00:00:00+03:00,1,17.000000,0,0.000000,0,0.000000,1,1,1,0.000000,17.000000
167246,908078.000000,2019-11-22 00:00:00+03:00,0,0.000000,0,0.000000,0,0.000000,1,1,0,,
167246,908078.000000,2019-11-25 00:00:00+03:00,1,57.000000,0,0.000000,0,0.000000,0,1,1,0.000000,57.000000
167246,908078.000000,2019-11-26 00:00:00+03:00,1,14.000000,0,0.000000,0,0.000000,0,1,1,0.000000,14.000000
167246,908078.000000,2019-11-27 00:00:00+03:00,1,67.000000,0,0.000000,0,0.000000,0,1,1,0.000000,67.000000
167246,908078.000000,2019-11-28 00:00:00+03:00,4,50.000000,0,0.000000,0,0.000000,6,1,4,0.000000,12.500000
167246,908082.000000,2019-11-05 00:00:00+03:00,1,9.000000,0,0.000000,0,0.000000,0,1,1,0.000000,9.000000
167246,908082.000000,2019-11-11 00:00:00+03:00,0,0.000000,0,0.000000,0,0.000000,3,1,0,,
167246,908082.000000,2019-11-12 00:00:00+03:00,2,19.000000,0,0.000000,0,0.000000,6,1,2,0.000000,9.500000
167246,908082.000000,2019-11-13 00:00:00+03:00,1,14.000000,0,0.000000,0,0.000000,1,1,1,0.000000,14.000000
167246,908082.000000,2019-11-15 00:00:00+03:00,2,17.000000,0,0.000000,0,0.000000,0,1,2,0.000000,8.500000
167246,908082.000000,2019-11-26 00:00:00+03:00,0,0.000000,0,0.000000,0,0.000000,2,1,0,,
167250,913984.000000,2019-11-01 00:00:00+03:00,0,0.000000,0,0.000000,0,0.000000,1,1,0,,
167250,929542.000000,2019-11-01 00:00:00+03:00,0,0.000000,0,0.000000,0,0.000000,0,1,0,,
167250,929542.000000,2019-11-08 00:00:00+03:00,0,0.000000,0,0.000000,0,0.000000,0,1,0,,
167250,929544.000000,2019-11-08 00:00:00+03:00,0,0.000000,0,0.000000,0,0.000000,4,1,0,,
167250,929544.000000,2019-11-11 00:00:00+03:00,0,0.000000,0,0.000000,0,0.000000,24,1,0,,
167250,929544.000000,2019-11-12 00:00:00+03:00,0,0.000000,0,0.000000,0,0.000000,4,1,0,,
167250,929544.000000,2019-11-18 00:00:00+03:00,0,0.000000,0,0.000000,0,0.000000,12,1,0,,
167250,929544.000000,2019-11-20 00:00:00+03:00,0,0.000000,0,0.000000,0,0.000000,12,1,0,,
167250,929544.000000,2019-11-22 00:00:00+03:00,0,0.000000,0,0.000000,0,0.000000,3,1,0,,
167250,929544.000000,2019-11-26 00:00:00+03:00,0,0.000000,0,0.000000,0,0.000000,4,1,0,,
167250,929544.000000,2019-11-27 00:00:00+03:00,0,0.000000,0,0.000000,0,0.000000,3,1,0,,
167263,907972.000000,2019-11-11 00:00:00+03:00,2,10.000000,0,0.000000,0,0.000000,0,1,2,0.000000,5.000000
167263,907972.000000,2019-11-14 00:00:00+03:00,0,0.000000,0,0.000000,0,0.000000,2,1,0,,
167263,907972.000000,2019-11-21 00:00:00+03:00,0,0.000000,0,0.000000,0,0.000000,4,1,0,,
167263,907974.000000,2019-11-11 00:00:00+03:00,1,12.000000,0,0.000000,0,0.000000,0,1,1,0.000000,12.000000
167264,919552.000000,2019-11-01 00:00:00+03:00,11,397.000000,0,0.000000,0,0.000000,0,1,11,0.000000,36.090909
167264,919552.000000,2019-11-02 00:00:00+03:00,15,621.000000,0,0.000000,0,0.000000,2,1,15,0.000000,41.400000
167264,919552.000000,2019-11-03 00:00:00+03:00,13,431.000000,0,0.000000,0,0.000000,0,1,13,0.000000,33.153846
167264,919552.000000,2019-11-04 00:00:00+03:00,10,359.000000,0,0.000000,0,0.000000,0,1,10,0.000000,35.900000
167264,919552.000000,2019-11-05 00:00:00+03:00,13,459.000000,0,0.000000,0,0.000000,1,1,13,0.000000,35.307692
167264,919552.000000,2019-11-06 00:00:00+03:00,27,1014.000000,1,154.000000,0,0.000000,4,1,28,0.035714,37.555556
167264,919552.000000,2019-11-07 00:00:00+03:00,23,829.000000,0,0.000000,0,0.000000,3,1,23,0.000000,36.043478
167264,919552.000000,2019-11-08 00:00:00+03:00,17,620.000000,0,0.000000,0,0.000000,0,1,17,0.000000,36.470588
167264,919552.000000,2019-11-09 00:00:00+03:00,12,356.000000,0,0.000000,0,0.000000,1,1,12,0.000000,29.666667
167264,919552.000000,2019-11-10 00:00:00+03:00,13,501.000000,0,0.000000,0,0.000000,1,1,13,0.000000,38.538462
167264,919552.000000,2019-11-11 00:00:00+03:00,42,1399.000000,0,0.000000,0,0.000000,0,1,42,0.000000,33.309524
167264,919552.000000,2019-11-12 00:00:00+03:00,23,799.000000,0,0.000000,0,0.000000,1,1,23,0.000000,34.739130
167264,919552.000000,2019-11-13 00:00:00+03:00,23,721.000000,0,0.000000,0,0.000000,1,1,23,0.000000,31.347826
167264,919552.000000,2019-11-14 00:00:00+03:00,32,997.000000,0,0.000000,0,0.000000,2,1,32,0.000000,31.156250
167264,919552.000000,2019-11-15 00:00:00+03:00,17,659.000000,0,0.000000,0,0.000000,2,1,17,0.000000,38.764706
167264,919552.000000,2019-11-16 00:00:00+03:00,24,736.000000,0,0.000000,0,0.000000,0,1,24,0.000000,30.666667
167264,919552.000000,2019-11-17 00:00:00+03:00,8,220.000000,0,0.000000,0,0.000000,0,1,8,0.000000,27.500000
167264,919552.000000,2019-11-18 00:00:00+03:00,23,735.000000,0,0.000000,0,0.000000,1,1,23,0.000000,31.956522
167264,919552.000000,2019-11-19 00:00:00+03:00,22,836.000000,0,0.000000,0,0.000000,1,1,22,0.000000,38.000000
167264,919552.000000,2019-11-20 00:00:00+03:00,28,880.000000,0,0.000000,0,0.000000,4,1,28,0.000000,31.428571
167264,919552.000000,2019-11-21 00:00:00+03:00,35,1349.000000,0,0.000000,0,0.000000,0,1,35,0.000000,38.542857
167264,919552.000000,2019-11-22 00:00:00+03:00,18,578.000000,0,0.000000,0,0.000000,1,1,18,0.000000,32.111111
167264,919552.000000,2019-11-23 00:00:00+03:00,20,654.000000,0,0.000000,0,0.000000,2,1,20,0.000000,32.700000
167264,919552.000000,2019-11-24 00:00:00+03:00,8,292.000000,0,0.000000,0,0.000000,0,1,8,0.000000,36.500000
167264,919552.000000,2019-11-25 00:00:00+03:00,52,1614.000000,0,0.000000,0,0.000000,0,1,52,0.000000,31.038462
167264,919552.000000,2019-11-26 00:00:00+03:00,16,513.000000,0,0.000000,0,0.000000,3,1,16,0.000000,32.062500
167264,919552.000000,2019-11-27 00:00:00+03:00,15,527.000000,0,0.000000,0,0.000000,2,1,15,0.000000,35.133333
167264,919552.000000,2019-11-28 00:00:00+03:00,21,709.000000,0,0.000000,0,0.000000,0,1,21,0.000000,33.761905
167264,919554.000000,2019-11-01 00:00:00+03:00,42,1378.000000,0,0.000000,0,0.000000,3,1,42,0.000000,32.809524
167264,919554.000000,2019-11-02 00:00:00+03:00,13,437.000000,0,0.000000,0,0.000000,0,1,13,0.000000,33.615385
167264,919554.000000,2019-11-03 00:00:00+03:00,11,316.000000,1,161.000000,0,0.000000,0,1,12,0.083333,28.727273
167264,919554.000000,2019-11-04 00:00:00+03:00,10,331.000000,0,0.000000,0,0.000000,0,1,10,0.000000,33.100000
167264,919554.000000,2019-11-05 00:00:00+03:00,34,1031.000000,0,0.000000,0,0.000000,1,1,34,0.000000,30.323529
167264,919554.000000,2019-11-06 00:00:00+03:00,26,940.000000,0,0.000000,0,0.000000,0,1,26,0.000000,36.153846
167264,919554.000000,2019-11-07 00:00:00+03:00,13,458.000000,0,0.000000,0,0.000000,0,1,13,0.000000,35.230769
167264,919554.000000,2019-11-08 00:00:00+03:00,19,553.000000,0,0.000000,0,0.000000,0,1,19,0.000000,29.105263
167264,919554.000000,2019-11-09 00:00:00+03:00,15,439.000000,0,0.000000,0,0.000000,1,1,15,0.000000,29.266667
167264,919554.000000,2019-11-10 00:00:00+03:00,15,464.000000,0,0.000000,0,0.000000,0,1,15,0.000000,30.933333
167264,919554.000000,2019-11-11 00:00:00+03:00,23,705.000000,1,79.000000,0,0.000000,0,1,24,0.041667,30.652174
167264,919554.000000,2019-11-12 00:00:00+03:00,23,721.000000,0,0.000000,0,0.000000,0,1,23,0.000000,31.347826
167264,919554.000000,2019-11-13 00:00:00+03:00,14,451.000000,0,0.000000,0,0.000000,0,1,14,0.000000,32.214286
167264,919554.000000,2019-11-14 00:00:00+03:00,23,756.000000,0,0.000000,0,0.000000,0,1,23,0.000000,32.869565
167264,919554.000000,2019-11-15 00:00:00+03:00,17,488.000000,0,0.000000,0,0.000000,0,1,17,0.000000,28.705882
167264,919554.000000,2019-11-16 00:00:00+03:00,13,401.000000,0,0.000000,0,0.000000,0,1,13,0.000000,30.846154
167264,919554.000000,2019-11-17 00:00:00+03:00,9,249.000000,0,0.000000,0,0.000000,0,1,9,0.000000,27.666667
167264,919554.000000,2019-11-18 00:00:00+03:00,48,1536.000000,0,0.000000,0,0.000000,0,1,48,0.000000,32.000000
167264,919554.000000,2019-11-19 00:00:00+03:00,30,973.000000,1,147.000000,0,0.000000,0,1,31,0.032258,32.433333
167264,919554.000000,2019-11-20 00:00:00+03:00,20,720.000000,0,0.000000,0,0.000000,4,1,20,0.000000,36.000000
167264,919554.000000,2019-11-21 00:00:00+03:00,44,1428.000000,1,151.000000,0,0.000000,0,1,45,0.022222,32.454545
167264,919554.000000,2019-11-22 00:00:00+03:00,21,763.000000,0,0.000000,0,0.000000,0,1,21,0.000000,36.333333
167264,919554.000000,2019-11-23 00:00:00+03:00,11,317.000000,1,116.000000,0,0.000000,0,1,12,0.083333,28.818182
167264,919554.000000,2019-11-24 00:00:00+03:00,10,321.000000,0,0.000000,0,0.000000,0,1,10,0.000000,32.100000
167264,919554.000000,2019-11-25 00:00:00+03:00,19,613.000000,1,172.000000,0,0.000000,0,1,20,0.050000,32.263158
167264,919554.000000,2019-11-26 00:00:00+03:00,17,490.000000,0,0.000000,0,0.000000,0,1,17,0.000000,28.823529
167264,919554.000000,2019-11-27 00:00:00+03:00,30,934.000000,0,0.000000,0,0.000000,0,1,30,0.000000,31.133333
167264,919554.000000,2019-11-28 00:00:00+03:00,14,466.000000,1,64.000000,0,0.000000,0,1,15,0.066667,33.285714
167272,910018.000000,2019-11-05 00:00:00+03:00,2,42.000000,0,0.000000,0,0.000000,0,1,2,0.000000,21.000000
167272,910018.000000,2019-11-06 00:00:00+03:00,2,69.000000,0,0.000000,0,0.000000,0,1,2,0.000000,34.500000
167272,910018.000000,2019-11-07 00:00:00+03:00,3,55.000000,0,0.000000,0,0.000000,0,1,3,0.000000,18.333333
167272,910018.000000,2019-11-08 00:00:00+03:00,2,65.000000,0,0.000000,0,0.000000,0,1,2,0.000000,32.500000
167272,910018.000000,2019-11-11 00:00:00+03:00,3,59.000000,0,0.000000,0,0.000000,0,1,3,0.000000,19.666667
167272,910018.000000,2019-11-14 00:00:00+03:00,3,76.000000,0,0.000000,0,0.000000,0,1,3,0.000000,25.333333
167272,910018.000000,2019-11-15 00:00:00+03:00,3,92.000000,0,0.000000,0,0.000000,0,1,3,0.000000,30.666667
167272,910018.000000,2019-11-17 00:00:00+03:00,1,24.000000,0,0.000000,0,0.000000,0,1,1,0.000000,24.000000
167272,910018.000000,2019-11-19 00:00:00+03:00,6,222.000000,0,0.000000,0,0.000000,0,1,6,0.000000,37.000000
167272,910018.000000,2019-11-20 00:00:00+03:00,11,288.000000,0,0.000000,0,0.000000,0,1,11,0.000000,26.181818
167272,910018.000000,2019-11-21 00:00:00+03:00,1,24.000000,0,0.000000,0,0.000000,0,1,1,0.000000,24.000000
167272,910018.000000,2019-11-22 00:00:00+03:00,5,111.000000,0,0.000000,0,0.000000,0,1,5,0.000000,22.200000
167272,910018.000000,2019-11-23 00:00:00+03:00,1,47.000000,0,0.000000,0,0.000000,0,1,1,0.000000,47.000000
167272,910018.000000,2019-11-24 00:00:00+03:00,2,93.000000,0,0.000000,0,0.000000,0,1,2,0.000000,46.500000
167272,910018.000000,2019-11-25 00:00:00+03:00,7,100.000000,0,0.000000,0,0.000000,0,1,7,0.000000,14.285714
167272,910018.000000,2019-11-26 00:00:00+03:00,4,71.000000,0,0.000000,0,0.000000,0,1,4,0.000000,17.750000
167272,910018.000000,2019-11-27 00:00:00+03:00,2,39.000000,0,0.000000,0,0.000000,0,1,2,0.000000,19.500000
167272,910018.000000,2019-11-28 00:00:00+03:00,3,48.000000,0,0.000000,0,0.000000,0,1,3,0.000000,16.000000
167272,912684.000000,2019-11-25 00:00:00+03:00,1,56.000000,0,0.000000,0,0.000000,0,1,1,0.000000,56.000000
167272,912684.000000,2019-11-27 00:00:00+03:00,1,52.000000,0,0.000000,0,0.000000,0,1,1,0.000000,52.000000
167272,912684.000000,2019-11-28 00:00:00+03:00,1,17.000000,0,0.000000,0,0.000000,0,1,1,0.000000,17.000000
167275,946020.000000,2019-11-13 00:00:00+03:00,1,3.000000,0,0.000000,0,0.000000,0,1,1,0.000000,3.000000
167275,967310.000000,2019-11-21 00:00:00+03:00,1,8.000000,0,0.000000,0,0.000000,11,1,1,0.000000,8.000000
167275,967310.000000,2019-11-22 00:00:00+03:00,0,0.000000,0,0.000000,0,0.000000,9,1,0,,
167275,967310.000000,2019-11-26 00:00:00+03:00,0,0.000000,0,0.000000,0,0.000000,14,1,0,,
167275,967310.000000,2019-11-27 00:00:00+03:00,0,0.000000,0,0.000000,0,0.000000,10,1,0,,
167275,967310.000000,2019-11-28 00:00:00+03:00,0,0.000000,0,0.000000,0,0.000000,6,1,0,,
167277,910224.000000,2019-11-15 00:00:00+03:00,2,47.000000,0,0.000000,0,0.000000,0,1,2,0.000000,23.500000
167277,910224.000000,2019-11-19 00:00:00+03:00,1,8.000000,0,0.000000,0,0.000000,0,1,1,0.000000,8.000000
167277,910224.000000,2019-11-22 00:00:00+03:00,1,17.000000,0,0.000000,0,0.000000,0,1,1,0.000000,17.000000
167277,910224.000000,2019-11-25 00:00:00+03:00,2,35.000000,0,0.000000,0,0.000000,0,1,2,0.000000,17.500000
167277,910224.000000,2019-11-26 00:00:00+03:00,2,20.000000,0,0.000000,0,0.000000,0,1,2,0.000000,10.000000
167286,909768.000000,2019-11-07 00:00:00+03:00,1,38.000000,0,0.000000,0,0.000000,0,1,1,0.000000,38.000000
167286,909768.000000,2019-11-08 00:00:00+03:00,1,59.000000,0,0.000000,0,0.000000,0,1,1,0.000000,59.000000
167286,909768.000000,2019-11-16 00:00:00+03:00,1,59.000000,0,0.000000,0,0.000000,0,1,1,0.000000,59.000000
167286,909768.000000,2019-11-18 00:00:00+03:00,1,27.000000,0,0.000000,0,0.000000,0,1,1,0.000000,27.000000
167286,909768.000000,2019-11-22 00:00:00+03:00,1,26.000000,0,0.000000,0,0.000000,0,1,1,0.000000,26.000000
167286,909768.000000,2019-11-23 00:00:00+03:00,1,53.000000,0,0.000000,0,0.000000,0,1,1,0.000000,53.000000
167286,909768.000000,2019-11-25 00:00:00+03:00,1,56.000000,0,0.000000,0,0.000000,0,1,1,0.000000,56.000000
167286,910540.000000,2019-11-01 00:00:00+03:00,3,54.000000,0,0.000000,0,0.000000,0,1,3,0.000000,18.000000
167286,910540.000000,2019-11-02 00:00:00+03:00,1,19.000000,0,0.000000,0,0.000000,0,1,1,0.000000,19.000000
167286,910540.000000,2019-11-04 00:00:00+03:00,4,114.000000,0,0.000000,0,0.000000,0,1,4,0.000000,28.500000
167286,910540.000000,2019-11-05 00:00:00+03:00,7,132.000000,0,0.000000,0,0.000000,0,1,7,0.000000,18.857143
167286,910540.000000,2019-11-07 00:00:00+03:00,4,80.000000,0,0.000000,0,0.000000,0,1,4,0.000000,20.000000
167286,910540.000000,2019-11-08 00:00:00+03:00,1,17.000000,0,0.000000,0,0.000000,0,1,1,0.000000,17.000000
167286,910540.000000,2019-11-09 00:00:00+03:00,1,24.000000,0,0.000000,0,0.000000,0,1,1,0.000000,24.000000
167286,910540.000000,2019-11-11 00:00:00+03:00,7,167.000000,0,0.000000,0,0.000000,0,1,7,0.000000,23.857143
167286,910540.000000,2019-11-12 00:00:00+03:00,4,76.000000,0,0.000000,0,0.000000,0,1,4,0.000000,19.000000
167286,910540.000000,2019-11-13 00:00:00+03:00,4,97.000000,0,0.000000,0,0.000000,0,1,4,0.000000,24.250000
167286,910540.000000,2019-11-14 00:00:00+03:00,3,85.000000,0,0.000000,0,0.000000,0,1,3,0.000000,28.333333
167286,910540.000000,2019-11-15 00:00:00+03:00,1,19.000000,0,0.000000,0,0.000000,0,1,1,0.000000,19.000000
167286,910540.000000,2019-11-16 00:00:00+03:00,2,48.000000,0,0.000000,0,0.000000,0,1,2,0.000000,24.000000
167286,910540.000000,2019-11-17 00:00:00+03:00,2,60.000000,0,0.000000,0,0.000000,0,1,2,0.000000,30.000000
167286,910540.000000,2019-11-18 00:00:00+03:00,4,84.000000,0,0.000000,0,0.000000,0,1,4,0.000000,21.000000
167286,910540.000000,2019-11-19 00:00:00+03:00,5,92.000000,0,0.000000,0,0.000000,0,1,5,0.000000,18.400000
167286,910540.000000,2019-11-20 00:00:00+03:00,5,104.000000,0,0.000000,0,0.000000,0,1,5,0.000000,20.800000
167286,910540.000000,2019-11-21 00:00:00+03:00,8,152.000000,0,0.000000,0,0.000000,0,1,8,0.000000,19.000000
167286,910540.000000,2019-11-22 00:00:00+03:00,14,280.000000,0,0.000000,0,0.000000,0,1,14,0.000000,20.000000
167286,910540.000000,2019-11-23 00:00:00+03:00,2,62.000000,0,0.000000,0,0.000000,0,1,2,0.000000,31.000000
167286,910540.000000,2019-11-25 00:00:00+03:00,5,85.000000,0,0.000000,0,0.000000,0,1,5,0.000000,17.000000
167286,910540.000000,2019-11-26 00:00:00+03:00,9,188.000000,0,0.000000,0,0.000000,0,1,9,0.000000,20.888889
167286,910540.000000,2019-11-27 00:00:00+03:00,3,50.000000,0,0.000000,0,0.000000,0,1,3,0.000000,16.666667
167286,910540.000000,2019-11-28 00:00:00+03:00,1,24.000000,0,0.000000,0,0.000000,0,1,1,0.000000,24.000000
167338,912252.000000,2019-11-01 00:00:00+03:00,4,74.000000,0,0.000000,0,0.000000,16,1,4,0.000000,18.500000
167338,912252.000000,2019-11-05 00:00:00+03:00,1,10.000000,0,0.000000,0,0.000000,4,1,1,0.000000,10.000000
167338,912252.000000,2019-11-06 00:00:00+03:00,1,9.000000,0,0.000000,0,0.000000,7,1,1,0.000000,9.000000
167338,912252.000000,2019-11-07 00:00:00+03:00,1,10.000000,0,0.000000,0,0.000000,4,1,1,0.000000,10.000000
167338,912252.000000,2019-11-08 00:00:00+03:00,2,31.000000,0,0.000000,0,0.000000,33,1,2,0.000000,15.500000
167338,912252.000000,2019-11-09 00:00:00+03:00,1,10.000000,0,0.000000,0,0.000000,4,1,1,0.000000,10.000000
167338,912252.000000,2019-11-11 00:00:00+03:00,0,0.000000,0,0.000000,0,0.000000,26,1,0,,
167338,912252.000000,2019-11-12 00:00:00+03:00,0,0.000000,0,0.000000,0,0.000000,1,1,0,,
167338,912252.000000,2019-11-13 00:00:00+03:00,1,16.000000,0,0.000000,0,0.000000,0,1,1,0.000000,16.000000
167338,912252.000000,2019-11-14 00:00:00+03:00,1,16.000000,0,0.000000,0,0.000000,10,1,1,0.000000,16.000000
167338,912252.000000,2019-11-15 00:00:00+03:00,0,0.000000,0,0.000000,0,0.000000,7,1,0,,
167338,912252.000000,2019-11-19 00:00:00+03:00,3,72.000000,0,0.000000,0,0.000000,12,1,3,0.000000,24.000000
167338,912252.000000,2019-11-20 00:00:00+03:00,3,30.000000,0,0.000000,0,0.000000,7,1,3,0.000000,10.000000
167338,912252.000000,2019-11-21 00:00:00+03:00,1,10.000000,0,0.000000,0,0.000000,0,1,1,0.000000,10.000000
167338,912252.000000,2019-11-24 00:00:00+03:00,1,15.000000,0,0.000000,0,0.000000,0,1,1,0.000000,15.000000
167338,912252.000000,2019-11-25 00:00:00+03:00,1,19.000000,0,0.000000,0,0.000000,8,1,1,0.000000,19.000000
167338,912252.000000,2019-11-27 00:00:00+03:00,3,42.000000,0,0.000000,0,0.000000,3,1,3,0.000000,14.000000
167338,912252.000000,2019-11-28 00:00:00+03:00,1,16.000000,0,0.000000,0,0.000000,5,1,1,0.000000,16.000000
167359,912722.000000,2019-11-01 00:00:00+03:00,0,0.000000,0,0.000000,0,0.000000,4,1,0,,
167359,912722.000000,2019-11-05 00:00:00+03:00,1,5.000000,0,0.000000,0,0.000000,6,1,1,0.000000,5.000000
167359,912722.000000,2019-11-06 00:00:00+03:00,16,72.000000,0,0.000000,0,0.000000,2,1,16,0.000000,4.500000
167359,912722.000000,2019-11-07 00:00:00+03:00,10,45.000000,0,0.000000,0,0.000000,8,1,10,0.000000,4.500000
167359,912722.000000,2019-11-08 00:00:00+03:00,2,6.000000,0,0.000000,0,0.000000,2,1,2,0.000000,3.000000
167359,912722.000000,2019-11-11 00:00:00+03:00,2,41.000000,0,0.000000,0,0.000000,11,1,2,0.000000,20.500000
167359,912722.000000,2019-11-12 00:00:00+03:00,4,14.000000,0,0.000000,0,0.000000,4,1,4,0.000000,3.500000
167359,912722.000000,2019-11-13 00:00:00+03:00,4,18.000000,0,0.000000,0,0.000000,4,1,4,0.000000,4.500000
167359,912722.000000,2019-11-14 00:00:00+03:00,2,10.000000,0,0.000000,0,0.000000,0,1,2,0.000000,5.000000
167359,912722.000000,2019-11-15 00:00:00+03:00,3,16.000000,0,0.000000,0,0.000000,0,1,3,0.000000,5.333333
167359,912722.000000,2019-11-18 00:00:00+03:00,2,9.000000,0,0.000000,0,0.000000,5,1,2,0.000000,4.500000
167359,912722.000000,2019-11-19 00:00:00+03:00,3,19.000000,0,0.000000,0,0.000000,11,1,3,0.000000,6.333333
167359,912722.000000,2019-11-20 00:00:00+03:00,11,55.000000,0,0.000000,0,0.000000,1,1,11,0.000000,5.000000
167359,912722.000000,2019-11-21 00:00:00+03:00,5,20.000000,0,0.000000,0,0.000000,5,1,5,0.000000,4.000000
167359,912722.000000,2019-11-22 00:00:00+03:00,2,10.000000,0,0.000000,0,0.000000,6,1,2,0.000000,5.000000
167359,912722.000000,2019-11-25 00:00:00+03:00,7,34.000000,0,0.000000,0,0.000000,4,1,7,0.000000,4.857143
167359,912722.000000,2019-11-26 00:00:00+03:00,8,34.000000,0,0.000000,0,0.000000,0,1,8,0.000000,4.250000
167359,912722.000000,2019-11-27 00:00:00+03:00,1,6.000000,0,0.000000,0,0.000000,5,1,1,0.000000,6.000000
167359,912722.000000,2019-11-28 00:00:00+03:00,7,60.000000,0,0.000000,0,0.000000,10,1,7,0.000000,8.571429
167359,915358.000000,2019-11-01 00:00:00+03:00,0,0.000000,0,0.000000,0,0.000000,3,1,0,,
167359,915358.000000,2019-11-05 00:00:00+03:00,0,0.000000,0,0.000000,0,0.000000,0,1,0,,
167359,915358.000000,2019-11-08 00:00:00+03:00,0,0.000000,0,0.000000,0,0.000000,0,1,0,,
167359,915358.000000,2019-11-11 00:00:00+03:00,0,0.000000,0,0.000000,0,0.000000,0,1,0,,
167359,915358.000000,2019-11-12 00:00:00+03:00,0,0.000000,0,0.000000,0,0.000000,1,1,0,,
167359,915358.000000,2019-11-14 00:00:00+03:00,0,0.000000,0,0.000000,0,0.000000,0,1,0,,
167359,915358.000000,2019-11-18 00:00:00+03:00,0,0.000000,0,0.000000,0,0.000000,0,1,0,,
167359,915358.000000,2019-11-19 00:00:00+03:00,0,0.000000,0,0.000000,0,0.000000,0,1,0,,
167359,915358.000000,2019-11-20 00:00:00+03:00,0,0.000000,0,0.000000,0,0.000000,0,1,0,,
167359,915358.000000,2019-11-21 00:00:00+03:00,0,0.000000,0,0.000000,0,0.000000,0,1,0,,
167359,915358.000000,2019-11-22 00:00:00+03:00,0,0.000000,0,0.000000,0,0.000000,2,1,0,,
167359,915358.000000,2019-11-25 00:00:00+03:00,0,0.000000,0,0.000000,0,0.000000,0,1,0,,
167359,915358.000000,2019-11-26 00:00:00+03:00,0,0.000000,0,0.000000,0,0.000000,0,1,0,,
167359,915358.000000,2019-11-28 00:00:00+03:00,0,0.000000,0,0.000000,0,0.000000,0,1,0,,
167359,915360.000000,2019-11-01 00:00:00+03:00,0,0.000000,0,0.000000,0,0.000000,0,1,0,,
167359,915360.000000,2019-11-06 00:00:00+03:00,0,0.000000,0,0.000000,0,0.000000,1,1,0,,
167359,915360.000000,2019-11-07 00:00:00+03:00,0,0.000000,0,0.000000,0,0.000000,3,1,0,,
167359,915360.000000,2019-11-08 00:00:00+03:00,0,0.000000,0,0.000000,0,0.000000,4,1,0,,
167359,915360.000000,2019-11-11 00:00:00+03:00,0,0.000000,0,0.000000,0,0.000000,2,1,0,,
167359,915360.000000,2019-11-12 00:00:00+03:00,0,0.000000,0,0.000000,0,0.000000,2,1,0,,
167359,915360.000000,2019-11-13 00:00:00+03:00,0,0.000000,0,0.000000,0,0.000000,1,1,0,,
167359,915360.000000,2019-11-14 00:00:00+03:00,0,0.000000,0,0.000000,0,0.000000,3,1,0,,
167359,915360.000000,2019-11-15 00:00:00+03:00,0,0.000000,0,0.000000,0,0.000000,2,1,0,,
167359,915360.000000,2019-11-20 00:00:00+03:00,0,0.000000,0,0.000000,0,0.000000,0,1,0,,
167359,915360.000000,2019-11-25 00:00:00+03:00,0,0.000000,0,0.000000,0,0.000000,0,1,0,,
167359,915360.000000,2019-11-26 00:00:00+03:00,0,0.000000,0,0.000000,0,0.000000,3,1,0,,
167359,915360.000000,2019-11-27 00:00:00+03:00,0,0.000000,0,0.000000,0,0.000000,3,1,0,,
167359,915360.000000,2019-11-28 00:00:00+03:00,0,0.000000,0,0.000000,0,0.000000,0,1,0,,
167359,918452.000000,2019-11-01 00:00:00+03:00,0,0.000000,0,0.000000,0,0.000000,0,1,0,,
167359,918452.000000,2019-11-05 00:00:00+03:00,0,0.000000,0,0.000000,0,0.000000,0,1,0,,
167359,918452.000000,2019-11-06 00:00:00+03:00,0,0.000000,0,0.000000,0,0.000000,0,1,0,,
167359,918452.000000,2019-11-07 00:00:00+03:00,0,0.000000,0,0.000000,0,0.000000,3,1,0,,
167359,918452.000000,2019-11-08 00:00:00+03:00,0,0.000000,0,0.000000,0,0.000000,2,1,0,,
167359,918452.000000,2019-11-11 00:00:00+03:00,0,0.000000,0,0.000000,0,0.000000,0,1,0,,
167359,918452.000000,2019-11-12 00:00:00+03:00,0,0.000000,0,0.000000,0,0.000000,2,1,0,,
167359,918452.000000,2019-11-13 00:00:00+03:00,0,0.000000,0,0.000000,0,0.000000,0,1,0,,
167359,918452.000000,2019-11-14 00:00:00+03:00,0,0.000000,0,0.000000,0,0.000000,0,1,0,,
167359,918452.000000,2019-11-18 00:00:00+03:00,0,0.000000,0,0.000000,0,0.000000,16,1,0,,
167359,918452.000000,2019-11-19 00:00:00+03:00,0,0.000000,0,0.000000,0,0.000000,2,1,0,,
167359,918452.000000,2019-11-20 00:00:00+03:00,0,0.000000,0,0.000000,0,0.000000,6,1,0,,
167359,918452.000000,2019-11-21 00:00:00+03:00,0,0.000000,0,0.000000,0,0.000000,3,1,0,,
167359,918452.000000,2019-11-22 00:00:00+03:00,0,0.000000,0,0.000000,0,0.000000,1,1,0,,
167359,918452.000000,2019-11-25 00:00:00+03:00,0,0.000000,0,0.000000,0,0.000000,0,1,0,,
167359,918452.000000,2019-11-26 00:00:00+03:00,0,0.000000,0,0.000000,0,0.000000,1,1,0,,
167359,918452.000000,2019-11-27 00:00:00+03:00,0,0.000000,0,0.000000,0,0.000000,1,1,0,,
167359,918452.000000,2019-11-28 00:00:00+03:00,0,0.000000,0,0.000000,0,0.000000,16,1,0,,
167359,920146.000000,2019-11-12 00:00:00+03:00,0,0.000000,0,0.000000,0,0.000000,2,1,0,,
167359,920146.000000,2019-11-13 00:00:00+03:00,0,0.000000,0,0.000000,0,0.000000,1,1,0,,
167359,920146.000000,2019-11-14 00:00:00+03:00,0,0.000000,0,0.000000,0,0.000000,3,1,0,,
167359,920146.000000,2019-11-15 00:00:00+03:00,0,0.000000,0,0.000000,0,0.000000,6,1,0,,
167359,920146.000000,2019-11-18 00:00:00+03:00,0,0.000000,0,0.000000,0,0.000000,2,1,0,,
167359,920146.000000,2019-11-19 00:00:00+03:00,0,0.000000,0,0.000000,0,0.000000,7,1,0,,
167359,920146.000000,2019-11-20 00:00:00+03:00,0,0.000000,0,0.000000,0,0.000000,3,1,0,,
167359,920146.000000,2019-11-21 00:00:00+03:00,0,0.000000,0,0.000000,0,0.000000,3,1,0,,
167359,920146.000000,2019-11-22 00:00:00+03:00,0,0.000000,0,0.000000,0,0.000000,5,1,0,,
167359,920146.000000,2019-11-25 00:00:00+03:00,0,0.000000,0,0.000000,0,0.000000,8,1,0,,
167359,920146.000000,2019-11-26 00:00:00+03:00,0,0.000000,0,0.000000,0,0.000000,3,1,0,,
167359,920146.000000,2019-11-27 00:00:00+03:00,0,0.000000,0,0.000000,0,0.000000,7,1,0,,
167359,920146.000000,2019-11-28 00:00:00+03:00,0,0.000000,0,0.000000,0,0.000000,3,1,0,,
167359,921316.000000,2019-11-01 00:00:00+03:00,0,0.000000,0,0.000000,0,0.000000,0,1,0,,
167359,921316.000000,2019-11-05 00:00:00+03:00,0,0.000000,0,0.000000,0,0.000000,4,1,0,,
167359,921316.000000,2019-11-06 00:00:00+03:00,0,0.000000,0,0.000000,0,0.000000,1,1,0,,
167359,921316.000000,2019-11-07 00:00:00+03:00,0,0.000000,0,0.000000,0,0.000000,1,1,0,,
167359,921316.000000,2019-11-08 00:00:00+03:00,0,0.000000,0,0.000000,0,0.000000,0,1,0,,
167359,921316.000000,2019-11-21 00:00:00+03:00,0,0.000000,0,0.000000,0,0.000000,2,1,0,,
167359,921316.000000,2019-11-25 00:00:00+03:00,0,0.000000,0,0.000000,0,0.000000,0,1,0,,
167359,924356.000000,2019-11-05 00:00:00+03:00,0,0.000000,0,0.000000,0,0.000000,5,1,0,,
167359,924356.000000,2019-11-07 00:00:00+03:00,0,0.000000,0,0.000000,0,0.000000,0,1,0,,
167359,924356.000000,2019-11-08 00:00:00+03:00,0,0.000000,0,0.000000,0,0.000000,1,1,0,,
167359,924356.000000,2019-11-11 00:00:00+03:00,0,0.000000,0,0.000000,0,0.000000,2,1,0,,
167359,924356.000000,2019-11-12 00:00:00+03:00,0,0.000000,0,0.000000,0,0.000000,0,1,0,,
167359,924356.000000,2019-11-14 00:00:00+03:00,0,0.000000,0,0.000000,0,0.000000,0,1,0,,
167359,924356.000000,2019-11-18 00:00:00+03:00,0,0.000000,0,0.000000,0,0.000000,0,1,0,,
167359,924356.000000,2019-11-19 00:00:00+03:00,0,0.000000,0,0.000000,0,0.000000,0,1,0,,
167359,924356.000000,2019-11-25 00:00:00+03:00,0,0.000000,0,0.000000,0,0.000000,0,1,0,,
167359,924356.000000,2019-11-26 00:00:00+03:00,0,0.000000,0,0.000000,0,0.000000,0,1,0,,
167359,924356.000000,2019-11-28 00:00:00+03:00,0,0.000000,0,0.000000,0,0.000000,3,1,0,,
167359,924370.000000,2019-11-12 00:00:00+03:00,0,0.000000,0,0.000000,0,0.000000,1,1,0,,
167359,924370.000000,2019-11-21 00:00:00+03:00,0,0.000000,0,0.000000,0,0.000000,0,1,0,,
167364,924572.000000,2019-11-14 00:00:00+03:00,0,0.000000,0,0.000000,0,0.000000,1,1,0,,
167397,927142.000000,2019-11-19 00:00:00+03:00,1,4.000000,0,0.000000,0,0.000000,1,1,1,0.000000,4.000000
167397,927142.000000,2019-11-20 00:00:00+03:00,1,5.000000,0,0.000000,0,0.000000,1,1,1,0.000000,5.000000
167397,927142.000000,2019-11-22 00:00:00+03:00,1,3.000000,0,0.000000,0,0.000000,0,1,1,0.000000,3.000000
167397,927142.000000,2019-11-27 00:00:00+03:00,0,0.000000,0,0.000000,0,0.000000,1,1,0,,
167402,912010.000000,2019-11-01 00:00:00+03:00,1,38.000000,0,0.000000,0,0.000000,0,1,1,0.000000,38.000000
167402,912010.000000,2019-11-02 00:00:00+03:00,6,72.000000,0,0.000000,0,0.000000,0,1,6,0.000000,12.000000
167402,912010.000000,2019-11-04 00:00:00+03:00,1,38.000000,0,0.000000,0,0.000000,0,1,1,0.000000,38.000000
167402,912010.000000,2019-11-05 00:00:00+03:00,8,96.000000,0,0.000000,0,0.000000,0,1,8,0.000000,12.000000
167402,912010.000000,2019-11-06 00:00:00+03:00,1,9.000000,0,0.000000,0,0.000000,0,1,1,0.000000,9.000000
167402,912010.000000,2019-11-07 00:00:00+03:00,1,11.000000,0,0.000000,0,0.000000,0,1,1,0.000000,11.000000
167402,912010.000000,2019-11-08 00:00:00+03:00,1,7.000000,0,0.000000,0,0.000000,0,1,1,0.000000,7.000000
167402,912010.000000,2019-11-11 00:00:00+03:00,4,59.000000,0,0.000000,0,0.000000,0,1,4,0.000000,14.750000
167402,912010.000000,2019-11-13 00:00:00+03:00,3,38.000000,0,0.000000,0,0.000000,0,1,3,0.000000,12.666667
167402,912010.000000,2019-11-15 00:00:00+03:00,1,9.000000,0,0.000000,0,0.000000,0,1,1,0.000000,9.000000
167402,912010.000000,2019-11-16 00:00:00+03:00,2,32.000000,0,0.000000,0,0.000000,0,1,2,0.000000,16.000000
167402,912010.000000,2019-11-18 00:00:00+03:00,1,29.000000,0,0.000000,0,0.000000,0,1,1,0.000000,29.000000
167402,912010.000000,2019-11-20 00:00:00+03:00,1,8.000000,0,0.000000,0,0.000000,0,1,1,0.000000,8.000000
167402,912010.000000,2019-11-21 00:00:00+03:00,1,34.000000,0,0.000000,0,0.000000,0,1,1,0.000000,34.000000
167402,912010.000000,2019-11-22 00:00:00+03:00,1,16.000000,0,0.000000,0,0.000000,0,1,1,0.000000,16.000000
167402,912010.000000,2019-11-23 00:00:00+03:00,3,53.000000,0,0.000000,0,0.000000,0,1,3,0.000000,17.666667
167402,912010.000000,2019-11-24 00:00:00+03:00,1,13.000000,0,0.000000,0,0.000000,0,1,1,0.000000,13.000000
167402,912010.000000,2019-11-25 00:00:00+03:00,4,144.000000,0,0.000000,0,0.000000,0,1,4,0.000000,36.000000
167402,912010.000000,2019-11-26 00:00:00+03:00,4,61.000000,0,0.000000,0,0.000000,0,1,4,0.000000,15.250000
167402,912010.000000,2019-11-27 00:00:00+03:00,2,41.000000,0,0.000000,0,0.000000,0,1,2,0.000000,20.500000
167412,914440.000000,2019-11-03 00:00:00+03:00,1,16.000000,0,0.000000,0,0.000000,0,1,1,0.000000,16.000000
167412,914440.000000,2019-11-04 00:00:00+03:00,1,15.000000,0,0.000000,0,0.000000,0,1,1,0.000000,15.000000
167412,914440.000000,2019-11-23 00:00:00+03:00,3,48.000000,0,0.000000,0,0.000000,0,1,3,0.000000,16.000000
167412,914440.000000,2019-11-25 00:00:00+03:00,1,42.000000,0,0.000000,0,0.000000,0,1,1,0.000000,42.000000
167412,954290.000000,2019-11-05 00:00:00+03:00,1,19.000000,0,0.000000,0,0.000000,0,1,1,0.000000,19.000000
167412,954290.000000,2019-11-08 00:00:00+03:00,4,70.000000,0,0.000000,0,0.000000,0,1,4,0.000000,17.500000
167412,954290.000000,2019-11-09 00:00:00+03:00,2,44.000000,0,0.000000,0,0.000000,0,1,2,0.000000,22.000000
167412,954290.000000,2019-11-12 00:00:00+03:00,2,33.000000,0,0.000000,0,0.000000,0,1,2,0.000000,16.500000
167412,954290.000000,2019-11-13 00:00:00+03:00,1,31.000000,0,0.000000,0,0.000000,0,1,1,0.000000,31.000000
167412,954290.000000,2019-11-16 00:00:00+03:00,1,15.000000,0,0.000000,0,0.000000,0,1,1,0.000000,15.000000
167412,954290.000000,2019-11-17 00:00:00+03:00,1,20.000000,0,0.000000,0,0.000000,0,1,1,0.000000,20.000000
167412,965942.000000,2019-11-25 00:00:00+03:00,4,51.000000,0,0.000000,0,0.000000,0,1,4,0.000000,12.750000
167436,914256.000000,2019-11-05 00:00:00+03:00,2,21.000000,0,0.000000,0,0.000000,0,1,2,0.000000,10.500000
167436,914256.000000,2019-11-06 00:00:00+03:00,3,31.000000,0,0.000000,0,0.000000,0,1,3,0.000000,10.333333
167436,914256.000000,2019-11-08 00:00:00+03:00,1,28.000000,0,0.000000,0,0.000000,0,1,1,0.000000,28.000000
167436,914272.000000,2019-11-14 00:00:00+03:00,0,0.000000,0,0.000000,0,0.000000,1,1,0,,
167436,939886.000000,2019-11-06 00:00:00+03:00,0,0.000000,0,0.000000,0,0.000000,39,1,0,,
167436,939886.000000,2019-11-07 00:00:00+03:00,0,0.000000,0,0.000000,0,0.000000,9,1,0,,
167436,939886.000000,2019-11-08 00:00:00+03:00,0,0.000000,0,0.000000,0,0.000000,60,1,0,,
167436,939886.000000,2019-11-11 00:00:00+03:00,0,0.000000,0,0.000000,0,0.000000,10,1,0,,
167436,939886.000000,2019-11-12 00:00:00+03:00,0,0.000000,0,0.000000,0,0.000000,13,1,0,,
167436,939886.000000,2019-11-13 00:00:00+03:00,0,0.000000,0,0.000000,0,0.000000,11,1,0,,
167436,939886.000000,2019-11-14 00:00:00+03:00,0,0.000000,0,0.000000,0,0.000000,15,1,0,,
167436,939886.000000,2019-11-15 00:00:00+03:00,0,0.000000,0,0.000000,0,0.000000,5,1,0,,
167436,939886.000000,2019-11-18 00:00:00+03:00,0,0.000000,0,0.000000,0,0.000000,22,1,0,,
167436,939886.000000,2019-11-19 00:00:00+03:00,0,0.000000,0,0.000000,0,0.000000,3,1,0,,
167436,939886.000000,2019-11-20 00:00:00+03:00,0,0.000000,0,0.000000,0,0.000000,8,1,0,,
167436,939886.000000,2019-11-21 00:00:00+03:00,0,0.000000,0,0.000000,0,0.000000,2,1,0,,
167436,939886.000000,2019-11-22 00:00:00+03:00,0,0.000000,0,0.000000,0,0.000000,11,1,0,,
167436,939886.000000,2019-11-25 00:00:00+03:00,0,0.000000,0,0.000000,0,0.000000,1,1,0,,
167436,939886.000000,2019-11-26 00:00:00+03:00,0,0.000000,0,0.000000,0,0.000000,1,1,0,,
167436,939886.000000,2019-11-27 00:00:00+03:00,0,0.000000,0,0.000000,0,0.000000,27,1,0,,
167436,961552.000000,2019-11-21 00:00:00+03:00,3,104.000000,0,0.000000,0,0.000000,2,1,3,0.000000,34.666667
167436,961552.000000,2019-11-22 00:00:00+03:00,0,0.000000,0,0.000000,0,0.000000,2,1,0,,
167445,920706.000000,2019-11-05 00:00:00+03:00,0,0.000000,0,0.000000,0,0.000000,1,1,0,,
167445,920706.000000,2019-11-06 00:00:00+03:00,2,77.000000,0,0.000000,0,0.000000,1,1,2,0.000000,38.500000
167445,920706.000000,2019-11-07 00:00:00+03:00,0,0.000000,1,123.000000,0,0.000000,4,1,1,1.000000,
167445,920706.000000,2019-11-08 00:00:00+03:00,2,18.000000,0,0.000000,0,0.000000,12,1,2,0.000000,9.000000
167445,920706.000000,2019-11-11 00:00:00+03:00,4,105.000000,0,0.000000,0,0.000000,46,1,4,0.000000,26.250000
167445,920706.000000,2019-11-12 00:00:00+03:00,5,234.000000,0,0.000000,0,0.000000,13,1,5,0.000000,46.800000
167445,920706.000000,2019-11-13 00:00:00+03:00,1,20.000000,0,0.000000,0,0.000000,18,1,1,0.000000,20.000000
167445,920706.000000,2019-11-14 00:00:00+03:00,4,48.000000,0,0.000000,0,0.000000,4,1,4,0.000000,12.000000
167445,920706.000000,2019-11-15 00:00:00+03:00,3,30.000000,4,309.000000,0,0.000000,0,1,7,0.571429,10.000000
167445,920706.000000,2019-11-18 00:00:00+03:00,6,208.000000,0,0.000000,0,0.000000,2,1,6,0.000000,34.666667
167445,920706.000000,2019-11-19 00:00:00+03:00,6,198.000000,0,0.000000,0,0.000000,0,1,6,0.000000,33.000000
167445,920706.000000,2019-11-26 00:00:00+03:00,0,0.000000,0,0.000000,0,0.000000,1,1,0,,
167445,920720.000000,2019-11-01 00:00:00+03:00,4,43.000000,0,0.000000,0,0.000000,2,1,4,0.000000,10.750000
167445,920720.000000,2019-11-02 00:00:00+03:00,3,31.000000,0,0.000000,0,0.000000,1,1,3,0.000000,10.333333
167445,920720.000000,2019-11-03 00:00:00+03:00,1,16.000000,0,0.000000,0,0.000000,1,1,1,0.000000,16.000000
167445,920720.000000,2019-11-04 00:00:00+03:00,0,0.000000,0,0.000000,0,0.000000,4,1,0,,
167445,920720.000000,2019-11-05 00:00:00+03:00,8,52.000000,0,0.000000,0,0.000000,11,1,8,0.000000,6.500000
167445,920720.000000,2019-11-06 00:00:00+03:00,4,45.000000,0,0.000000,0,0.000000,8,1,4,0.000000,11.250000
167445,920720.000000,2019-11-07 00:00:00+03:00,0,0.000000,0,0.000000,0,0.000000,3,1,0,,
167445,920720.000000,2019-11-08 00:00:00+03:00,1,13.000000,0,0.000000,0,0.000000,1,1,1,0.000000,13.000000
167445,920720.000000,2019-11-11 00:00:00+03:00,8,64.000000,0,0.000000,0,0.000000,11,1,8,0.000000,8.000000
167445,920720.000000,2019-11-12 00:00:00+03:00,4,59.000000,0,0.000000,0,0.000000,4,1,4,0.000000,14.750000
167445,920720.000000,2019-11-13 00:00:00+03:00,2,13.000000,0,0.000000,0,0.000000,10,1,2,0.000000,6.500000
167445,920720.000000,2019-11-14 00:00:00+03:00,1,21.000000,0,0.000000,0,0.000000,1,1,1,0.000000,21.000000
167445,920720.000000,2019-11-15 00:00:00+03:00,2,49.000000,0,0.000000,0,0.000000,4,1,2,0.000000,24.500000
167445,920720.000000,2019-11-16 00:00:00+03:00,0,0.000000,0,0.000000,0,0.000000,1,1,0,,
167445,920720.000000,2019-11-17 00:00:00+03:00,2,125.000000,0,0.000000,0,0.000000,0,1,2,0.000000,62.500000
167445,920720.000000,2019-11-19 00:00:00+03:00,1,20.000000,0,0.000000,0,0.000000,4,1,1,0.000000,20.000000
167445,920720.000000,2019-11-20 00:00:00+03:00,1,7.000000,0,0.000000,0,0.000000,4,1,1,0.000000,7.000000
167445,920726.000000,2019-11-01 00:00:00+03:00,1,15.000000,0,0.000000,0,0.000000,0,1,1,0.000000,15.000000
167445,920726.000000,2019-11-03 00:00:00+03:00,1,14.000000,0,0.000000,0,0.000000,0,1,1,0.000000,14.000000
167445,920726.000000,2019-11-04 00:00:00+03:00,1,8.000000,0,0.000000,0,0.000000,2,1,1,0.000000,8.000000
167445,920726.000000,2019-11-07 00:00:00+03:00,4,41.000000,0,0.000000,0,0.000000,3,1,4,0.000000,10.250000
167445,920726.000000,2019-11-08 00:00:00+03:00,1,50.000000,0,0.000000,0,0.000000,1,1,1,0.000000,50.000000
167445,920726.000000,2019-11-09 00:00:00+03:00,1,11.000000,0,0.000000,0,0.000000,0,1,1,0.000000,11.000000
167445,920726.000000,2019-11-10 00:00:00+03:00,2,74.000000,0,0.000000,0,0.000000,5,1,2,0.000000,37.000000
167445,920726.000000,2019-11-11 00:00:00+03:00,4,42.000000,0,0.000000,0,0.000000,0,1,4,0.000000,10.500000
167445,920726.000000,2019-11-13 00:00:00+03:00,0,0.000000,0,0.000000,0,0.000000,5,1,0,,
167445,920726.000000,2019-11-14 00:00:00+03:00,2,42.000000,0,0.000000,0,0.000000,1,1,2,0.000000,21.000000
167445,920726.000000,2019-11-15 00:00:00+03:00,0,0.000000,0,0.000000,0,0.000000,1,1,0,,
167445,920726.000000,2019-11-16 00:00:00+03:00,3,43.000000,0,0.000000,0,0.000000,1,1,3,0.000000,14.333333
167445,920726.000000,2019-11-17 00:00:00+03:00,4,50.000000,0,0.000000,0,0.000000,5,1,4,0.000000,12.500000
167445,920726.000000,2019-11-18 00:00:00+03:00,1,67.000000,0,0.000000,0,0.000000,2,1,1,0.000000,67.000000
167445,920726.000000,2019-11-19 00:00:00+03:00,10,61.000000,0,0.000000,0,0.000000,2,1,10,0.000000,6.100000
167445,920726.000000,2019-11-20 00:00:00+03:00,1,6.000000,0,0.000000,0,0.000000,1,1,1,0.000000,6.000000
167445,920726.000000,2019-11-21 00:00:00+03:00,1,7.000000,0,0.000000,0,0.000000,0,1,1,0.000000,7.000000
167445,920726.000000,2019-11-22 00:00:00+03:00,2,51.000000,0,0.000000,0,0.000000,4,1,2,0.000000,25.500000
167445,920726.000000,2019-11-23 00:00:00+03:00,0,0.000000,0,0.000000,0,0.000000,2,1,0,,
167445,920726.000000,2019-11-24 00:00:00+03:00,1,8.000000,0,0.000000,0,0.000000,1,1,1,0.000000,8.000000
167445,920726.000000,2019-11-25 00:00:00+03:00,4,99.000000,0,0.000000,0,0.000000,3,1,4,0.000000,24.750000
167445,920726.000000,2019-11-26 00:00:00+03:00,0,0.000000,2,60.000000,0,0.000000,14,1,2,1.000000,
167445,920726.000000,2019-11-27 00:00:00+03:00,6,58.000000,0,0.000000,0,0.000000,2,1,6,0.000000,9.666667
167445,920726.000000,2019-11-28 00:00:00+03:00,5,46.000000,0,0.000000,0,0.000000,1,1,5,0.000000,9.200000
167445,920728.000000,2019-11-01 00:00:00+03:00,5,95.000000,0,0.000000,0,0.000000,0,1,5,0.000000,19.000000
167445,920728.000000,2019-11-05 00:00:00+03:00,9,135.000000,0,0.000000,0,0.000000,1,1,9,0.000000,15.000000
167445,920728.000000,2019-11-06 00:00:00+03:00,9,135.000000,0,0.000000,0,0.000000,1,1,9,0.000000,15.000000
167445,920728.000000,2019-11-08 00:00:00+03:00,3,52.000000,0,0.000000,0,0.000000,0,1,3,0.000000,17.333333
167445,920728.000000,2019-11-11 00:00:00+03:00,3,35.000000,0,0.000000,0,0.000000,2,1,3,0.000000,11.666667
167445,920728.000000,2019-11-12 00:00:00+03:00,7,111.000000,0,0.000000,0,0.000000,0,1,7,0.000000,15.857143
167445,920728.000000,2019-11-13 00:00:00+03:00,6,96.000000,0,0.000000,0,0.000000,0,1,6,0.000000,16.000000
167445,920728.000000,2019-11-14 00:00:00+03:00,7,322.000000,0,0.000000,0,0.000000,10,1,7,0.000000,46.000000
167445,920728.000000,2019-11-15 00:00:00+03:00,4,54.000000,0,0.000000,0,0.000000,0,1,4,0.000000,13.500000
167445,920728.000000,2019-11-18 00:00:00+03:00,7,85.000000,1,13.000000,0,0.000000,0,1,8,0.125000,12.142857
167445,920728.000000,2019-11-19 00:00:00+03:00,6,68.000000,0,0.000000,0,0.000000,9,1,6,0.000000,11.333333
167445,920728.000000,2019-11-20 00:00:00+03:00,6,111.000000,0,0.000000,0,0.000000,3,1,6,0.000000,18.500000
167445,920728.000000,2019-11-21 00:00:00+03:00,6,144.000000,1,35.000000,0,0.000000,2,1,7,0.142857,24.000000
167445,920728.000000,2019-11-22 00:00:00+03:00,2,17.000000,0,0.000000,0,0.000000,3,1,2,0.000000,8.500000
167445,920728.000000,2019-11-23 00:00:00+03:00,7,114.000000,0,0.000000,0,0.000000,2,1,7,0.000000,16.285714
167445,920728.000000,2019-11-25 00:00:00+03:00,16,258.000000,0,0.000000,0,0.000000,6,1,16,0.000000,16.125000
167445,920728.000000,2019-11-26 00:00:00+03:00,12,253.000000,0,0.000000,0,0.000000,6,1,12,0.000000,21.083333
167445,920728.000000,2019-11-27 00:00:00+03:00,12,221.000000,0,0.000000,0,0.000000,15,1,12,0.000000,18.416667
167445,920728.000000,2019-11-28 00:00:00+03:00,6,149.000000,0,0.000000,0,0.000000,2,1,6,0.000000,24.833333
167445,920732.000000,2019-11-01 00:00:00+03:00,3,41.000000,0,0.000000,0,0.000000,2,1,3,0.000000,13.666667
167445,920732.000000,2019-11-05 00:00:00+03:00,2,11.000000,0,0.000000,0,0.000000,3,1,2,0.000000,5.500000
167445,920732.000000,2019-11-07 00:00:00+03:00,2,16.000000,0,0.000000,0,0.000000,2,1,2,0.000000,8.000000
167445,920732.000000,2019-11-08 00:00:00+03:00,1,5.000000,0,0.000000,0,0.000000,5,1,1,0.000000,5.000000
167445,920732.000000,2019-11-11 00:00:00+03:00,0,0.000000,0,0.000000,0,0.000000,5,1,0,,
167445,920732.000000,2019-11-12 00:00:00+03:00,0,0.000000,0,0.000000,0,0.000000,13,1,0,,
167445,920732.000000,2019-11-13 00:00:00+03:00,3,77.000000,0,0.000000,0,0.000000,20,1,3,0.000000,25.666667
167445,920732.000000,2019-11-15 00:00:00+03:00,4,39.000000,0,0.000000,0,0.000000,8,1,4,0.000000,9.750000
167445,920732.000000,2019-11-18 00:00:00+03:00,9,90.000000,0,0.000000,0,0.000000,17,1,9,0.000000,10.000000
167445,920732.000000,2019-11-19 00:00:00+03:00,3,50.000000,0,0.000000,0,0.000000,0,1,3,0.000000,16.666667
167445,920732.000000,2019-11-20 00:00:00+03:00,0,0.000000,0,0.000000,0,0.000000,2,1,0,,
167445,920732.000000,2019-11-21 00:00:00+03:00,10,227.000000,0,0.000000,0,0.000000,3,1,10,0.000000,22.700000
167445,920732.000000,2019-11-22 00:00:00+03:00,10,128.000000,0,0.000000,0,0.000000,5,1,10,0.000000,12.800000
167445,920732.000000,2019-11-23 00:00:00+03:00,8,89.000000,0,0.000000,0,0.000000,13,1,8,0.000000,11.125000
167445,920732.000000,2019-11-25 00:00:00+03:00,10,163.000000,0,0.000000,0,0.000000,7,1,10,0.000000,16.300000
167445,920732.000000,2019-11-26 00:00:00+03:00,19,398.000000,0,0.000000,0,0.000000,20,1,19,0.000000,20.947368
167445,920732.000000,2019-11-27 00:00:00+03:00,5,101.000000,0,0.000000,0,0.000000,23,1,5,0.000000,20.200000
167445,920732.000000,2019-11-28 00:00:00+03:00,8,70.000000,0,0.000000,0,0.000000,9,1,8,0.000000,8.750000
167445,920838.000000,2019-11-01 00:00:00+03:00,2,25.000000,0,0.000000,0,0.000000,12,1,2,0.000000,12.500000
167445,920838.000000,2019-11-05 00:00:00+03:00,7,57.000000,0,0.000000,0,0.000000,3,1,7,0.000000,8.142857
167445,920838.000000,2019-11-06 00:00:00+03:00,2,23.000000,0,0.000000,0,0.000000,10,1,2,0.000000,11.500000
167445,920838.000000,2019-11-07 00:00:00+03:00,2,27.000000,0,0.000000,0,0.000000,5,1,2,0.000000,13.500000
167445,920838.000000,2019-11-08 00:00:00+03:00,1,14.000000,0,0.000000,0,0.000000,3,1,1,0.000000,14.000000
167445,920838.000000,2019-11-10 00:00:00+03:00,0,0.000000,0,0.000000,0,0.000000,1,1,0,,
167445,920838.000000,2019-11-11 00:00:00+03:00,1,19.000000,0,0.000000,0,0.000000,3,1,1,0.000000,19.000000
167445,920838.000000,2019-11-12 00:00:00+03:00,2,30.000000,0,0.000000,0,0.000000,2,1,2,0.000000,15.000000
167445,920838.000000,2019-11-13 00:00:00+03:00,4,29.000000,0,0.000000,0,0.000000,1,1,4,0.000000,7.250000
167445,920838.000000,2019-11-14 00:00:00+03:00,2,18.000000,0,0.000000,0,0.000000,8,1,2,0.000000,9.000000
167445,920838.000000,2019-11-15 00:00:00+03:00,1,5.000000,0,0.000000,0,0.000000,6,1,1,0.000000,5.000000
167445,920838.000000,2019-11-17 00:00:00+03:00,1,12.000000,0,0.000000,0,0.000000,4,1,1,0.000000,12.000000
167445,920838.000000,2019-11-18 00:00:00+03:00,0,0.000000,0,0.000000,0,0.000000,1,1,0,,
167445,920838.000000,2019-11-19 00:00:00+03:00,7,91.000000,0,0.000000,0,0.000000,6,1,7,0.000000,13.000000
167445,920838.000000,2019-11-20 00:00:00+03:00,0,0.000000,0,0.000000,0,0.000000,8,1,0,,
167445,920838.000000,2019-11-21 00:00:00+03:00,3,30.000000,0,0.000000,0,0.000000,3,1,3,0.000000,10.000000
167445,920838.000000,2019-11-22 00:00:00+03:00,3,49.000000,0,0.000000,0,0.000000,2,1,3,0.000000,16.333333
167445,920838.000000,2019-11-23 00:00:00+03:00,1,9.000000,0,0.000000,0,0.000000,1,1,1,0.000000,9.000000
167445,920838.000000,2019-11-25 00:00:00+03:00,6,91.000000,0,0.000000,0,0.000000,15,1,6,0.000000,15.166667
167445,920838.000000,2019-11-26 00:00:00+03:00,4,44.000000,0,0.000000,0,0.000000,16,1,4,0.000000,11.000000
167445,920838.000000,2019-11-27 00:00:00+03:00,0,0.000000,0,0.000000,0,0.000000,4,1,0,,
167445,920838.000000,2019-11-28 00:00:00+03:00,9,96.000000,0,0.000000,0,0.000000,7,1,9,0.000000,10.666667
167445,920852.000000,2019-11-01 00:00:00+03:00,4,43.000000,0,0.000000,0,0.000000,4,1,4,0.000000,10.750000
167445,920852.000000,2019-11-02 00:00:00+03:00,2,23.000000,0,0.000000,0,0.000000,6,1,2,0.000000,11.500000
167445,920852.000000,2019-11-03 00:00:00+03:00,3,27.000000,0,0.000000,0,0.000000,2,1,3,0.000000,9.000000
167445,920852.000000,2019-11-04 00:00:00+03:00,7,82.000000,0,0.000000,0,0.000000,7,1,7,0.000000,11.714286
167445,920852.000000,2019-11-05 00:00:00+03:00,6,58.000000,0,0.000000,0,0.000000,19,1,6,0.000000,9.666667
167445,920852.000000,2019-11-06 00:00:00+03:00,6,60.000000,0,0.000000,0,0.000000,26,1,6,0.000000,10.000000
167445,920852.000000,2019-11-07 00:00:00+03:00,7,66.000000,0,0.000000,0,0.000000,6,1,7,0.000000,9.428571
167445,920852.000000,2019-11-08 00:00:00+03:00,5,56.000000,0,0.000000,0,0.000000,3,1,5,0.000000,11.200000
167445,920852.000000,2019-11-09 00:00:00+03:00,1,33.000000,0,0.000000,0,0.000000,4,1,1,0.000000,33.000000
167445,920852.000000,2019-11-10 00:00:00+03:00,6,56.000000,0,0.000000,0,0.000000,4,1,6,0.000000,9.333333
167445,920852.000000,2019-11-11 00:00:00+03:00,6,73.000000,0,0.000000,0,0.000000,8,1,6,0.000000,12.166667
167445,920852.000000,2019-11-12 00:00:00+03:00,8,99.000000,0,0.000000,0,0.000000,6,1,8,0.000000,12.375000
167445,920852.000000,2019-11-13 00:00:00+03:00,4,54.000000,1,19.000000,0,0.000000,4,1,5,0.200000,13.500000
167445,920852.000000,2019-11-14 00:00:00+03:00,12,122.000000,0,0.000000,0,0.000000,14,1,12,0.000000,10.166667
167445,920852.000000,2019-11-15 00:00:00+03:00,8,118.000000,0,0.000000,0,0.000000,5,1,8,0.000000,14.750000
167445,920852.000000,2019-11-16 00:00:00+03:00,2,44.000000,0,0.000000,0,0.000000,0,1,2,0.000000,22.000000
167445,920852.000000,2019-11-17 00:00:00+03:00,1,9.000000,0,0.000000,0,0.000000,0,1,1,0.000000,9.000000
167445,920852.000000,2019-11-18 00:00:00+03:00,2,22.000000,2,42.000000,0,0.000000,3,1,4,0.500000,11.000000
167445,920852.000000,2019-11-19 00:00:00+03:00,9,65.000000,0,0.000000,0,0.000000,27,1,9,0.000000,7.222222
167445,920852.000000,2019-11-20 00:00:00+03:00,7,93.000000,0,0.000000,0,0.000000,6,1,7,0.000000,13.285714
167445,920852.000000,2019-11-21 00:00:00+03:00,5,61.000000,0,0.000000,0,0.000000,7,1,5,0.000000,12.200000
167445,920852.000000,2019-11-22 00:00:00+03:00,5,70.000000,0,0.000000,0,0.000000,9,1,5,0.000000,14.000000
167445,920852.000000,2019-11-23 00:00:00+03:00,5,50.000000,0,0.000000,0,0.000000,8,1,5,0.000000,10.000000
167445,920852.000000,2019-11-24 00:00:00+03:00,2,14.000000,0,0.000000,0,0.000000,10,1,2,0.000000,7.000000
167445,920852.000000,2019-11-25 00:00:00+03:00,8,91.000000,0,0.000000,0,0.000000,15,1,8,0.000000,11.375000
167445,920852.000000,2019-11-26 00:00:00+03:00,3,25.000000,0,0.000000,0,0.000000,8,1,3,0.000000,8.333333
167445,920852.000000,2019-11-27 00:00:00+03:00,5,50.000000,0,0.000000,0,0.000000,20,1,5,0.000000,10.000000
167445,920852.000000,2019-11-28 00:00:00+03:00,6,65.000000,0,0.000000,0,0.000000,15,1,6,0.000000,10.833333
167445,920902.000000,2019-11-03 00:00:00+03:00,1,12.000000,0,0.000000,0,0.000000,0,1,1,0.000000,12.000000
167445,920902.000000,2019-11-06 00:00:00+03:00,0,0.000000,0,0.000000,0,0.000000,1,1,0,,
167445,920902.000000,2019-11-08 00:00:00+03:00,3,338.000000,0,0.000000,0,0.000000,0,1,3,0.000000,112.666667
167445,920902.000000,2019-11-11 00:00:00+03:00,2,53.000000,0,0.000000,0,0.000000,0,1,2,0.000000,26.500000
167445,920902.000000,2019-11-12 00:00:00+03:00,1,117.000000,0,0.000000,0,0.000000,0,1,1,0.000000,117.000000
167445,920902.000000,2019-11-13 00:00:00+03:00,1,117.000000,0,0.000000,0,0.000000,0,1,1,0.000000,117.000000
167445,920902.000000,2019-11-14 00:00:00+03:00,6,442.000000,1,51.000000,0,0.000000,0,1,7,0.142857,73.666667
167445,920902.000000,2019-11-15 00:00:00+03:00,5,217.000000,0,0.000000,0,0.000000,1,1,5,0.000000,43.400000
167445,920902.000000,2019-11-16 00:00:00+03:00,6,322.000000,0,0.000000,0,0.000000,0,1,6,0.000000,53.666667
167445,920902.000000,2019-11-18 00:00:00+03:00,2,109.000000,0,0.000000,0,0.000000,0,1,2,0.000000,54.500000
167445,920902.000000,2019-11-19 00:00:00+03:00,1,88.000000,0,0.000000,0,0.000000,0,1,1,0.000000,88.000000
167445,920902.000000,2019-11-20 00:00:00+03:00,2,14.000000,0,0.000000,0,0.000000,0,1,2,0.000000,7.000000
167445,920902.000000,2019-11-25 00:00:00+03:00,2,28.000000,0,0.000000,0,0.000000,0,1,2,0.000000,14.000000
167445,920902.000000,2019-11-28 00:00:00+03:00,1,8.000000,0,0.000000,0,0.000000,0,1,1,0.000000,8.000000
167445,921062.000000,2019-11-01 00:00:00+03:00,3,73.000000,0,0.000000,0,0.000000,0,1,3,0.000000,24.333333
167445,921062.000000,2019-11-03 00:00:00+03:00,1,11.000000,0,0.000000,0,0.000000,0,1,1,0.000000,11.000000
167445,921062.000000,2019-11-04 00:00:00+03:00,2,39.000000,0,0.000000,0,0.000000,0,1,2,0.000000,19.500000
167445,921062.000000,2019-11-05 00:00:00+03:00,5,72.000000,0,0.000000,0,0.000000,0,1,5,0.000000,14.400000
167445,921062.000000,2019-11-06 00:00:00+03:00,7,48.000000,0,0.000000,0,0.000000,0,1,7,0.000000,6.857143
167445,921062.000000,2019-11-07 00:00:00+03:00,1,14.000000,0,0.000000,0,0.000000,0,1,1,0.000000,14.000000
167445,921062.000000,2019-11-08 00:00:00+03:00,3,17.000000,0,0.000000,0,0.000000,0,1,3,0.000000,5.666667
167445,921062.000000,2019-11-09 00:00:00+03:00,3,29.000000,0,0.000000,0,0.000000,0,1,3,0.000000,9.666667
167445,921062.000000,2019-11-10 00:00:00+03:00,4,41.000000,0,0.000000,0,0.000000,0,1,4,0.000000,10.250000
167445,921062.000000,2019-11-11 00:00:00+03:00,1,5.000000,0,0.000000,0,0.000000,0,1,1,0.000000,5.000000
167445,921062.000000,2019-11-12 00:00:00+03:00,4,35.000000,0,0.000000,0,0.000000,0,1,4,0.000000,8.750000
167445,921062.000000,2019-11-13 00:00:00+03:00,4,29.000000,0,0.000000,0,0.000000,0,1,4,0.000000,7.250000
167445,921062.000000,2019-11-14 00:00:00+03:00,3,32.000000,0,0.000000,0,0.000000,0,1,3,0.000000,10.666667
167445,921062.000000,2019-11-15 00:00:00+03:00,3,35.000000,0,0.000000,0,0.000000,0,1,3,0.000000,11.666667
167445,921062.000000,2019-11-16 00:00:00+03:00,2,38.000000,0,0.000000,0,0.000000,0,1,2,0.000000,19.000000
167445,921062.000000,2019-11-18 00:00:00+03:00,2,14.000000,0,0.000000,0,0.000000,0,1,2,0.000000,7.000000
167445,921062.000000,2019-11-19 00:00:00+03:00,4,31.000000,0,0.000000,0,0.000000,0,1,4,0.000000,7.750000
167445,921062.000000,2019-11-20 00:00:00+03:00,2,16.000000,0,0.000000,0,0.000000,0,1,2,0.000000,8.000000
167445,921062.000000,2019-11-22 00:00:00+03:00,8,96.000000,0,0.000000,0,0.000000,0,1,8,0.000000,12.000000
167445,921062.000000,2019-11-23 00:00:00+03:00,3,46.000000,0,0.000000,0,0.000000,0,1,3,0.000000,15.333333
167445,921062.000000,2019-11-25 00:00:00+03:00,7,77.000000,0,0.000000,0,0.000000,0,1,7,0.000000,11.000000
167445,921062.000000,2019-11-26 00:00:00+03:00,7,56.000000,0,0.000000,0,0.000000,0,1,7,0.000000,8.000000
167445,921062.000000,2019-11-27 00:00:00+03:00,8,108.000000,0,0.000000,0,0.000000,0,1,8,0.000000,13.500000
167445,921062.000000,2019-11-28 00:00:00+03:00,3,23.000000,0,0.000000,0,0.000000,0,1,3,0.000000,7.666667
167445,935956.000000,2019-11-22 00:00:00+03:00,1,90.000000,0,0.000000,0,0.000000,0,1,1,0.000000,90.000000
167445,935956.000000,2019-11-25 00:00:00+03:00,1,15.000000,0,0.000000,0,0.000000,1,1,1,0.000000,15.000000
167445,943066.000000,2019-11-02 00:00:00+03:00,0,0.000000,0,0.000000,0,0.000000,2,1,0,,
167445,943066.000000,2019-11-09 00:00:00+03:00,0,0.000000,0,0.000000,0,0.000000,1,1,0,,
167445,943066.000000,2019-11-10 00:00:00+03:00,0,0.000000,0,0.000000,0,0.000000,3,1,0,,
167445,943066.000000,2019-11-11 00:00:00+03:00,2,26.000000,0,0.000000,0,0.000000,3,1,2,0.000000,13.000000
167445,943066.000000,2019-11-12 00:00:00+03:00,0,0.000000,0,0.000000,0,0.000000,7,1,0,,
167445,943066.000000,2019-11-13 00:00:00+03:00,0,0.000000,0,0.000000,0,0.000000,2,1,0,,
167445,943066.000000,2019-11-17 00:00:00+03:00,1,3.000000,0,0.000000,0,0.000000,7,1,1,0.000000,3.000000
167445,943066.000000,2019-11-18 00:00:00+03:00,14,186.000000,0,0.000000,0,0.000000,25,1,14,0.000000,13.285714
167445,943066.000000,2019-11-19 00:00:00+03:00,6,65.000000,0,0.000000,0,0.000000,6,1,6,0.000000,10.833333
167445,943066.000000,2019-11-20 00:00:00+03:00,21,269.000000,0,0.000000,0,0.000000,20,1,21,0.000000,12.809524
167445,943066.000000,2019-11-21 00:00:00+03:00,13,151.000000,0,0.000000,0,0.000000,20,1,13,0.000000,11.615385
167445,943066.000000,2019-11-22 00:00:00+03:00,3,54.000000,0,0.000000,0,0.000000,9,1,3,0.000000,18.000000
167445,943066.000000,2019-11-23 00:00:00+03:00,7,147.000000,0,0.000000,0,0.000000,12,1,7,0.000000,21.000000
167445,943066.000000,2019-11-24 00:00:00+03:00,1,15.000000,0,0.000000,0,0.000000,7,1,1,0.000000,15.000000
167445,943066.000000,2019-11-25 00:00:00+03:00,6,99.000000,0,0.000000,0,0.000000,12,1,6,0.000000,16.500000
167445,943066.000000,2019-11-26 00:00:00+03:00,1,21.000000,0,0.000000,0,0.000000,2,1,1,0.000000,21.000000
167445,943066.000000,2019-11-27 00:00:00+03:00,1,18.000000,0,0.000000,0,0.000000,1,1,1,0.000000,18.000000
167445,943066.000000,2019-11-28 00:00:00+03:00,20,204.000000,0,0.000000,0,0.000000,8,1,20,0.000000,10.200000
167451,914168.000000,2019-11-22 00:00:00+03:00,0,0.000000,0,0.000000,0,0.000000,2,1,0,,
167451,914168.000000,2019-11-26 00:00:00+03:00,0,0.000000,0,0.000000,0,0.000000,2,1,0,,
167451,914168.000000,2019-11-27 00:00:00+03:00,1,11.000000,0,0.000000,0,0.000000,1,1,1,0.000000,11.000000
167451,914168.000000,2019-11-28 00:00:00+03:00,0,0.000000,0,0.000000,0,0.000000,5,1,0,,
167451,914170.000000,2019-11-01 00:00:00+03:00,6,68.000000,0,0.000000,0,0.000000,3,1,6,0.000000,11.333333
167451,914170.000000,2019-11-02 00:00:00+03:00,5,47.000000,0,0.000000,0,0.000000,0,1,5,0.000000,9.400000
167451,914170.000000,2019-11-04 00:00:00+03:00,1,13.000000,0,0.000000,0,0.000000,0,1,1,0.000000,13.000000
167451,914172.000000,2019-11-18 00:00:00+03:00,10,126.000000,0,0.000000,0,0.000000,0,1,10,0.000000,12.600000
167451,951290.000000,2019-11-21 00:00:00+03:00,0,0.000000,0,0.000000,0,0.000000,4,1,0,,
167451,951290.000000,2019-11-22 00:00:00+03:00,0,0.000000,0,0.000000,0,0.000000,4,1,0,,
167451,951290.000000,2019-11-24 00:00:00+03:00,0,0.000000,0,0.000000,0,0.000000,4,1,0,,
167451,951290.000000,2019-11-25 00:00:00+03:00,0,0.000000,0,0.000000,0,0.000000,5,1,0,,
167451,951290.000000,2019-11-26 00:00:00+03:00,0,0.000000,0,0.000000,0,0.000000,2,1,0,,
167451,951290.000000,2019-11-27 00:00:00+03:00,1,17.000000,0,0.000000,0,0.000000,1,1,1,0.000000,17.000000
167455,918390.000000,2019-11-01 00:00:00+03:00,0,0.000000,0,0.000000,0,0.000000,8,1,0,,
167455,918390.000000,2019-11-02 00:00:00+03:00,0,0.000000,0,0.000000,0,0.000000,3,1,0,,
167455,918390.000000,2019-11-03 00:00:00+03:00,0,0.000000,0,0.000000,0,0.000000,1,1,0,,
167455,918390.000000,2019-11-04 00:00:00+03:00,0,0.000000,0,0.000000,0,0.000000,1,1,0,,
167455,918390.000000,2019-11-05 00:00:00+03:00,0,0.000000,0,0.000000,0,0.000000,3,1,0,,
167455,918390.000000,2019-11-07 00:00:00+03:00,0,0.000000,0,0.000000,0,0.000000,5,1,0,,
167455,918390.000000,2019-11-08 00:00:00+03:00,0,0.000000,0,0.000000,0,0.000000,6,1,0,,
167455,918390.000000,2019-11-09 00:00:00+03:00,0,0.000000,0,0.000000,0,0.000000,3,1,0,,
167455,918390.000000,2019-11-10 00:00:00+03:00,0,0.000000,0,0.000000,0,0.000000,6,1,0,,
167455,918390.000000,2019-11-11 00:00:00+03:00,0,0.000000,0,0.000000,0,0.000000,4,1,0,,
167455,918390.000000,2019-11-12 00:00:00+03:00,0,0.000000,0,0.000000,0,0.000000,1,1,0,,
167455,918390.000000,2019-11-13 00:00:00+03:00,0,0.000000,0,0.000000,0,0.000000,3,1,0,,
167455,918390.000000,2019-11-14 00:00:00+03:00,0,0.000000,0,0.000000,0,0.000000,2,1,0,,
167455,918390.000000,2019-11-15 00:00:00+03:00,0,0.000000,0,0.000000,0,0.000000,7,1,0,,
167455,918390.000000,2019-11-16 00:00:00+03:00,0,0.000000,0,0.000000,0,0.000000,2,1,0,,
167455,918390.000000,2019-11-17 00:00:00+03:00,0,0.000000,0,0.000000,0,0.000000,4,1,0,,
167455,918390.000000,2019-11-18 00:00:00+03:00,0,0.000000,0,0.000000,0,0.000000,5,1,0,,
167455,918390.000000,2019-11-19 00:00:00+03:00,0,0.000000,0,0.000000,0,0.000000,3,1,0,,
167455,918390.000000,2019-11-20 00:00:00+03:00,0,0.000000,0,0.000000,0,0.000000,5,1,0,,
167455,918390.000000,2019-11-21 00:00:00+03:00,0,0.000000,0,0.000000,0,0.000000,2,1,0,,
167455,918390.000000,2019-11-22 00:00:00+03:00,0,0.000000,0,0.000000,0,0.000000,6,1,0,,
167455,918390.000000,2019-11-23 00:00:00+03:00,0,0.000000,0,0.000000,0,0.000000,5,1,0,,
167455,918390.000000,2019-11-24 00:00:00+03:00,0,0.000000,0,0.000000,0,0.000000,1,1,0,,
167455,918390.000000,2019-11-25 00:00:00+03:00,0,0.000000,0,0.000000,0,0.000000,8,1,0,,
167455,918390.000000,2019-11-26 00:00:00+03:00,0,0.000000,0,0.000000,0,0.000000,3,1,0,,
167455,918390.000000,2019-11-27 00:00:00+03:00,0,0.000000,0,0.000000,0,0.000000,3,1,0,,
167455,918390.000000,2019-11-28 00:00:00+03:00,0,0.000000,0,0.000000,0,0.000000,9,1,0,,
167456,921102.000000,2019-11-02 00:00:00+03:00,1,15.000000,0,0.000000,0,0.000000,0,1,1,0.000000,15.000000
167456,921102.000000,2019-11-07 00:00:00+03:00,1,41.000000,0,0.000000,0,0.000000,0,1,1,0.000000,41.000000
167456,921102.000000,2019-11-08 00:00:00+03:00,0,0.000000,0,0.000000,0,0.000000,1,1,0,,
167456,921102.000000,2019-11-19 00:00:00+03:00,1,18.000000,0,0.000000,0,0.000000,2,1,1,0.000000,18.000000
167456,921102.000000,2019-11-20 00:00:00+03:00,3,74.000000,0,0.000000,0,0.000000,0,1,3,0.000000,24.666667
167456,921102.000000,2019-11-21 00:00:00+03:00,1,27.000000,0,0.000000,0,0.000000,0,1,1,0.000000,27.000000
167456,921102.000000,2019-11-25 00:00:00+03:00,0,0.000000,0,0.000000,0,0.000000,1,1,0,,
167456,921102.000000,2019-11-27 00:00:00+03:00,1,32.000000,0,0.000000,0,0.000000,0,1,1,0.000000,32.000000
167456,921104.000000,2019-11-14 00:00:00+03:00,1,21.000000,0,0.000000,0,0.000000,0,1,1,0.000000,21.000000
167466,921814.000000,2019-11-12 00:00:00+03:00,0,0.000000,0,0.000000,0,0.000000,2,1,0,,
167466,921814.000000,2019-11-14 00:00:00+03:00,0,0.000000,0,0.000000,0,0.000000,9,1,0,,
167466,921818.000000,2019-11-01 00:00:00+03:00,17,173.000000,0,0.000000,0,0.000000,16,1,17,0.000000,10.176471
167466,921818.000000,2019-11-02 00:00:00+03:00,6,69.000000,0,0.000000,0,0.000000,16,1,6,0.000000,11.500000
167466,921818.000000,2019-11-03 00:00:00+03:00,15,186.000000,0,0.000000,0,0.000000,33,1,15,0.000000,12.400000
167466,921818.000000,2019-11-04 00:00:00+03:00,21,276.000000,0,0.000000,0,0.000000,35,1,21,0.000000,13.142857
167466,921818.000000,2019-11-05 00:00:00+03:00,33,442.000000,0,0.000000,0,0.000000,20,1,33,0.000000,13.393939
167466,921818.000000,2019-11-06 00:00:00+03:00,43,555.000000,2,36.000000,0,0.000000,47,1,45,0.044444,12.906977
167466,921818.000000,2019-11-07 00:00:00+03:00,41,442.000000,1,27.000000,0,0.000000,45,1,42,0.023810,10.780488
167466,921818.000000,2019-11-08 00:00:00+03:00,21,244.000000,0,0.000000,0,0.000000,19,1,21,0.000000,11.619048
167466,921818.000000,2019-11-09 00:00:00+03:00,6,77.000000,0,0.000000,0,0.000000,14,1,6,0.000000,12.833333
167466,921818.000000,2019-11-10 00:00:00+03:00,14,119.000000,0,0.000000,0,0.000000,43,1,14,0.000000,8.500000
167466,921818.000000,2019-11-11 00:00:00+03:00,46,516.000000,0,0.000000,0,0.000000,54,1,46,0.000000,11.217391
167466,921818.000000,2019-11-12 00:00:00+03:00,36,411.000000,0,0.000000,0,0.000000,44,1,36,0.000000,11.416667
167466,921818.000000,2019-11-13 00:00:00+03:00,46,560.000000,0,0.000000,0,0.000000,46,1,46,0.000000,12.173913
167466,921818.000000,2019-11-14 00:00:00+03:00,46,626.000000,0,0.000000,0,0.000000,37,1,46,0.000000,13.608696
167466,921818.000000,2019-11-15 00:00:00+03:00,38,556.000000,0,0.000000,0,0.000000,25,1,38,0.000000,14.631579
167466,921818.000000,2019-11-16 00:00:00+03:00,14,175.000000,0,0.000000,0,0.000000,18,1,14,0.000000,12.500000
167466,921818.000000,2019-11-17 00:00:00+03:00,17,161.000000,0,0.000000,0,0.000000,40,1,17,0.000000,9.470588
167466,921818.000000,2019-11-18 00:00:00+03:00,49,633.000000,0,0.000000,0,0.000000,43,1,49,0.000000,12.918367
167466,921818.000000,2019-11-19 00:00:00+03:00,80,1052.000000,0,0.000000,0,0.000000,42,1,80,0.000000,13.150000
167466,921818.000000,2019-11-20 00:00:00+03:00,40,486.000000,0,0.000000,0,0.000000,39,1,40,0.000000,12.150000
167466,921818.000000,2019-11-21 00:00:00+03:00,36,426.000000,1,25.000000,0,0.000000,39,1,37,0.027027,11.833333
167466,921818.000000,2019-11-22 00:00:00+03:00,26,307.000000,2,31.000000,0,0.000000,17,1,28,0.071429,11.807692
167466,921818.000000,2019-11-23 00:00:00+03:00,7,70.000000,0,0.000000,0,0.000000,1,1,7,0.000000,10.000000
167466,921818.000000,2019-11-24 00:00:00+03:00,12,149.000000,0,0.000000,0,0.000000,52,1,12,0.000000,12.416667
167466,921818.000000,2019-11-25 00:00:00+03:00,41,584.000000,0,0.000000,0,0.000000,60,1,41,0.000000,14.243902
167466,921818.000000,2019-11-26 00:00:00+03:00,53,847.000000,0,0.000000,0,0.000000,53,1,53,0.000000,15.981132
167466,921818.000000,2019-11-27 00:00:00+03:00,40,481.000000,0,0.000000,0,0.000000,52,1,40,0.000000,12.025000
167466,921818.000000,2019-11-28 00:00:00+03:00,37,376.000000,0,0.000000,0,0.000000,42,1,37,0.000000,10.162162
167471,944644.000000,2019-11-05 00:00:00+03:00,0,0.000000,0,0.000000,0,0.000000,8,1,0,,
167471,944644.000000,2019-11-06 00:00:00+03:00,0,0.000000,0,0.000000,0,0.000000,1,1,0,,
167471,944644.000000,2019-11-07 00:00:00+03:00,1,26.000000,0,0.000000,0,0.000000,2,1,1,0.000000,26.000000
167471,944644.000000,2019-11-11 00:00:00+03:00,0,0.000000,0,0.000000,0,0.000000,2,1,0,,
167471,944644.000000,2019-11-12 00:00:00+03:00,2,35.000000,0,0.000000,0,0.000000,3,1,2,0.000000,17.500000
167471,944644.000000,2019-11-13 00:00:00+03:00,1,23.000000,0,0.000000,0,0.000000,8,1,1,0.000000,23.000000
167471,944644.000000,2019-11-14 00:00:00+03:00,1,21.000000,0,0.000000,0,0.000000,11,1,1,0.000000,21.000000
167471,944644.000000,2019-11-15 00:00:00+03:00,0,0.000000,0,0.000000,0,0.000000,15,1,0,,
167471,944644.000000,2019-11-16 00:00:00+03:00,6,140.000000,0,0.000000,0,0.000000,0,1,6,0.000000,23.333333
167471,944644.000000,2019-11-18 00:00:00+03:00,2,51.000000,0,0.000000,0,0.000000,3,1,2,0.000000,25.500000
167471,944644.000000,2019-11-19 00:00:00+03:00,4,73.000000,0,0.000000,0,0.000000,8,1,4,0.000000,18.250000
167471,944644.000000,2019-11-20 00:00:00+03:00,2,32.000000,0,0.000000,0,0.000000,7,1,2,0.000000,16.000000
167471,944644.000000,2019-11-21 00:00:00+03:00,1,21.000000,0,0.000000,0,0.000000,11,1,1,0.000000,21.000000
167471,944644.000000,2019-11-22 00:00:00+03:00,1,22.000000,0,0.000000,0,0.000000,19,1,1,0.000000,22.000000
167471,944644.000000,2019-11-25 00:00:00+03:00,3,67.000000,0,0.000000,0,0.000000,1,1,3,0.000000,22.333333
167471,944644.000000,2019-11-26 00:00:00+03:00,0,0.000000,0,0.000000,0,0.000000,5,1,0,,
167471,944644.000000,2019-11-27 00:00:00+03:00,2,44.000000,0,0.000000,0,0.000000,13,1,2,0.000000,22.000000
167471,944644.000000,2019-11-28 00:00:00+03:00,2,73.000000,0,0.000000,0,0.000000,19,1,2,0.000000,36.500000
167471,944646.000000,2019-11-01 00:00:00+03:00,3,30.000000,0,0.000000,0,0.000000,2,1,3,0.000000,10.000000
167471,944646.000000,2019-11-05 00:00:00+03:00,1,8.000000,0,0.000000,0,0.000000,5,1,1,0.000000,8.000000
167471,944646.000000,2019-11-06 00:00:00+03:00,2,20.000000,0,0.000000,0,0.000000,11,1,2,0.000000,10.000000
167471,944646.000000,2019-11-07 00:00:00+03:00,3,25.000000,0,0.000000,0,0.000000,13,1,3,0.000000,8.333333
167471,944646.000000,2019-11-08 00:00:00+03:00,3,26.000000,0,0.000000,0,0.000000,20,1,3,0.000000,8.666667
167471,944646.000000,2019-11-09 00:00:00+03:00,1,12.000000,0,0.000000,0,0.000000,0,1,1,0.000000,12.000000
167471,944646.000000,2019-11-11 00:00:00+03:00,12,92.000000,0,0.000000,0,0.000000,14,1,12,0.000000,7.666667
167471,944646.000000,2019-11-12 00:00:00+03:00,12,101.000000,0,0.000000,0,0.000000,22,1,12,0.000000,8.416667
167471,944646.000000,2019-11-13 00:00:00+03:00,14,108.000000,0,0.000000,0,0.000000,25,1,14,0.000000,7.714286
167471,944646.000000,2019-11-14 00:00:00+03:00,32,246.000000,0,0.000000,0,0.000000,14,1,32,0.000000,7.687500
167471,944646.000000,2019-11-15 00:00:00+03:00,7,60.000000,0,0.000000,0,0.000000,4,1,7,0.000000,8.571429
167471,944646.000000,2019-11-16 00:00:00+03:00,7,47.000000,0,0.000000,0,0.000000,13,1,7,0.000000,6.714286
167471,944646.000000,2019-11-18 00:00:00+03:00,7,47.000000,0,0.000000,0,0.000000,14,1,7,0.000000,6.714286
167471,944646.000000,2019-11-19 00:00:00+03:00,20,148.000000,0,0.000000,0,0.000000,27,1,20,0.000000,7.400000
167471,944646.000000,2019-11-20 00:00:00+03:00,9,73.000000,0,0.000000,0,0.000000,12,1,9,0.000000,8.111111
167471,944646.000000,2019-11-21 00:00:00+03:00,20,160.000000,0,0.000000,0,0.000000,16,1,20,0.000000,8.000000
167471,944646.000000,2019-11-22 00:00:00+03:00,18,141.000000,1,10.000000,0,0.000000,13,1,19,0.052632,7.833333
167471,944646.000000,2019-11-23 00:00:00+03:00,4,33.000000,0,0.000000,0,0.000000,8,1,4,0.000000,8.250000
167471,944646.000000,2019-11-25 00:00:00+03:00,30,244.000000,0,0.000000,0,0.000000,30,1,30,0.000000,8.133333
167471,944646.000000,2019-11-26 00:00:00+03:00,12,90.000000,0,0.000000,0,0.000000,24,1,12,0.000000,7.500000
167471,944646.000000,2019-11-27 00:00:00+03:00,13,104.000000,0,0.000000,0,0.000000,21,1,13,0.000000,8.000000
167471,944646.000000,2019-11-28 00:00:00+03:00,48,1022.000000,0,0.000000,0,0.000000,50,1,48,0.000000,21.291667
167471,944648.000000,2019-11-05 00:00:00+03:00,0,0.000000,0,0.000000,0,0.000000,0,1,0,,
167471,944648.000000,2019-11-12 00:00:00+03:00,0,0.000000,0,0.000000,0,0.000000,0,1,0,,
167471,944648.000000,2019-11-13 00:00:00+03:00,0,0.000000,0,0.000000,0,0.000000,0,1,0,,
167471,944648.000000,2019-11-15 00:00:00+03:00,1,33.000000,0,0.000000,0,0.000000,0,1,1,0.000000,33.000000
167471,944648.000000,2019-11-19 00:00:00+03:00,0,0.000000,0,0.000000,0,0.000000,0,1,0,,
167471,944648.000000,2019-11-20 00:00:00+03:00,2,123.000000,0,0.000000,0,0.000000,0,1,2,0.000000,61.500000
167471,944648.000000,2019-11-21 00:00:00+03:00,0,0.000000,0,0.000000,0,0.000000,2,1,0,,
167471,944648.000000,2019-11-22 00:00:00+03:00,0,0.000000,0,0.000000,0,0.000000,9,1,0,,
167471,944648.000000,2019-11-26 00:00:00+03:00,0,0.000000,0,0.000000,0,0.000000,2,1,0,,
167471,944648.000000,2019-11-27 00:00:00+03:00,0,0.000000,0,0.000000,0,0.000000,0,1,0,,
167471,952656.000000,2019-11-06 00:00:00+03:00,0,0.000000,0,0.000000,0,0.000000,5,1,0,,
167471,952656.000000,2019-11-07 00:00:00+03:00,0,0.000000,0,0.000000,0,0.000000,0,1,0,,
167471,952656.000000,2019-11-08 00:00:00+03:00,0,0.000000,0,0.000000,0,0.000000,1,1,0,,
167471,952656.000000,2019-11-11 00:00:00+03:00,0,0.000000,0,0.000000,0,0.000000,7,1,0,,
167471,952656.000000,2019-11-12 00:00:00+03:00,0,0.000000,0,0.000000,0,0.000000,0,1,0,,
167471,952656.000000,2019-11-13 00:00:00+03:00,0,0.000000,0,0.000000,0,0.000000,0,1,0,,
167471,952656.000000,2019-11-18 00:00:00+03:00,1,8.000000,0,0.000000,0,0.000000,3,1,1,0.000000,8.000000
167471,952656.000000,2019-11-19 00:00:00+03:00,1,7.000000,0,0.000000,0,0.000000,0,1,1,0.000000,7.000000
167471,952656.000000,2019-11-20 00:00:00+03:00,0,0.000000,0,0.000000,0,0.000000,1,1,0,,
167471,952656.000000,2019-11-21 00:00:00+03:00,0,0.000000,0,0.000000,0,0.000000,2,1,0,,
167471,952656.000000,2019-11-25 00:00:00+03:00,1,9.000000,0,0.000000,0,0.000000,0,1,1,0.000000,9.000000
167471,952656.000000,2019-11-26 00:00:00+03:00,1,6.000000,0,0.000000,0,0.000000,3,1,1,0.000000,6.000000
167471,952656.000000,2019-11-28 00:00:00+03:00,0,0.000000,0,0.000000,0,0.000000,6,1,0,,
167475,914842.000000,2019-11-08 00:00:00+03:00,1,15.000000,0,0.000000,0,0.000000,0,1,1,0.000000,15.000000
167475,914842.000000,2019-11-18 00:00:00+03:00,1,17.000000,0,0.000000,0,0.000000,0,1,1,0.000000,17.000000
167475,914842.000000,2019-11-21 00:00:00+03:00,1,21.000000,0,0.000000,0,0.000000,0,1,1,0.000000,21.000000
167475,930660.000000,2019-11-20 00:00:00+03:00,0,0.000000,0,0.000000,0,0.000000,2,1,0,,
167475,930660.000000,2019-11-21 00:00:00+03:00,2,13.000000,0,0.000000,0,0.000000,5,1,2,0.000000,6.500000
167475,930660.000000,2019-11-22 00:00:00+03:00,2,13.000000,0,0.000000,0,0.000000,1,1,2,0.000000,6.500000
167475,930660.000000,2019-11-26 00:00:00+03:00,0,0.000000,0,0.000000,0,0.000000,1,1,0,,
167475,930660.000000,2019-11-27 00:00:00+03:00,0,0.000000,0,0.000000,0,0.000000,2,1,0,,
167475,930662.000000,2019-11-13 00:00:00+03:00,0,0.000000,0,0.000000,0,0.000000,1,1,0,,
167475,930662.000000,2019-11-18 00:00:00+03:00,0,0.000000,0,0.000000,0,0.000000,1,1,0,,
167475,930662.000000,2019-11-21 00:00:00+03:00,0,0.000000,0,0.000000,0,0.000000,2,1,0,,
167479,915556.000000,2019-11-01 00:00:00+03:00,5,37.000000,0,0.000000,0,0.000000,40,1,5,0.000000,7.400000
167479,915556.000000,2019-11-02 00:00:00+03:00,0,0.000000,0,0.000000,0,0.000000,33,1,0,,
167479,915556.000000,2019-11-04 00:00:00+03:00,2,16.000000,0,0.000000,0,0.000000,93,1,2,0.000000,8.000000
167479,915556.000000,2019-11-05 00:00:00+03:00,2,13.000000,0,0.000000,0,0.000000,85,1,2,0.000000,6.500000
167479,915556.000000,2019-11-06 00:00:00+03:00,4,14.000000,0,0.000000,0,0.000000,42,1,4,0.000000,3.500000
167479,915556.000000,2019-11-07 00:00:00+03:00,1,7.000000,0,0.000000,0,0.000000,49,1,1,0.000000,7.000000
167479,915556.000000,2019-11-08 00:00:00+03:00,1,4.000000,0,0.000000,0,0.000000,71,1,1,0.000000,4.000000
167479,915556.000000,2019-11-09 00:00:00+03:00,0,0.000000,0,0.000000,0,0.000000,34,1,0,,
167479,915556.000000,2019-11-11 00:00:00+03:00,0,0.000000,0,0.000000,0,0.000000,55,1,0,,
167479,915556.000000,2019-11-12 00:00:00+03:00,3,14.000000,0,0.000000,0,0.000000,55,1,3,0.000000,4.666667
167479,915556.000000,2019-11-13 00:00:00+03:00,2,9.000000,0,0.000000,0,0.000000,42,1,2,0.000000,4.500000
167479,915556.000000,2019-11-14 00:00:00+03:00,1,3.000000,0,0.000000,0,0.000000,38,1,1,0.000000,3.000000
167479,915556.000000,2019-11-15 00:00:00+03:00,1,7.000000,0,0.000000,0,0.000000,41,1,1,0.000000,7.000000
167479,915556.000000,2019-11-16 00:00:00+03:00,2,14.000000,0,0.000000,0,0.000000,36,1,2,0.000000,7.000000
167479,915556.000000,2019-11-17 00:00:00+03:00,2,24.000000,0,0.000000,0,0.000000,11,1,2,0.000000,12.000000
167479,915556.000000,2019-11-18 00:00:00+03:00,4,25.000000,0,0.000000,0,0.000000,35,1,4,0.000000,6.250000
167479,915556.000000,2019-11-19 00:00:00+03:00,5,52.000000,0,0.000000,0,0.000000,54,1,5,0.000000,10.400000
167479,915556.000000,2019-11-20 00:00:00+03:00,1,4.000000,0,0.000000,0,0.000000,62,1,1,0.000000,4.000000
167479,915556.000000,2019-11-21 00:00:00+03:00,6,42.000000,0,0.000000,0,0.000000,110,1,6,0.000000,7.000000
167479,915556.000000,2019-11-22 00:00:00+03:00,4,17.000000,1,10.000000,0,0.000000,33,1,5,0.200000,4.250000
167479,915556.000000,2019-11-23 00:00:00+03:00,4,26.000000,0,0.000000,0,0.000000,26,1,4,0.000000,6.500000
167479,915556.000000,2019-11-25 00:00:00+03:00,2,12.000000,0,0.000000,0,0.000000,68,1,2,0.000000,6.000000
167479,915556.000000,2019-11-26 00:00:00+03:00,1,4.000000,0,0.000000,0,0.000000,55,1,1,0.000000,4.000000
167479,915556.000000,2019-11-27 00:00:00+03:00,0,0.000000,0,0.000000,0,0.000000,48,1,0,,
167479,915556.000000,2019-11-28 00:00:00+03:00,2,7.000000,0,0.000000,0,0.000000,64,1,2,0.000000,3.500000
167479,915558.000000,2019-11-13 00:00:00+03:00,0,0.000000,0,0.000000,0,0.000000,9,1,0,,
167479,915558.000000,2019-11-15 00:00:00+03:00,0,0.000000,0,0.000000,0,0.000000,14,1,0,,
167479,915558.000000,2019-11-20 00:00:00+03:00,0,0.000000,0,0.000000,0,0.000000,1,1,0,,
167479,915558.000000,2019-11-21 00:00:00+03:00,0,0.000000,0,0.000000,0,0.000000,19,1,0,,
167479,915558.000000,2019-11-22 00:00:00+03:00,0,0.000000,0,0.000000,0,0.000000,2,1,0,,
167479,915558.000000,2019-11-25 00:00:00+03:00,0,0.000000,0,0.000000,0,0.000000,18,1,0,,
167479,915558.000000,2019-11-26 00:00:00+03:00,0,0.000000,0,0.000000,0,0.000000,11,1,0,,
167479,915558.000000,2019-11-28 00:00:00+03:00,0,0.000000,0,0.000000,0,0.000000,35,1,0,,
167487,914050.000000,2019-11-09 00:00:00+03:00,1,9.000000,0,0.000000,0,0.000000,0,1,1,0.000000,9.000000
167487,914050.000000,2019-11-11 00:00:00+03:00,1,6.000000,0,0.000000,0,0.000000,22,1,1,0.000000,6.000000
167487,914050.000000,2019-11-13 00:00:00+03:00,0,0.000000,0,0.000000,0,0.000000,1,1,0,,
167487,914050.000000,2019-11-14 00:00:00+03:00,1,10.000000,0,0.000000,0,0.000000,2,1,1,0.000000,10.000000
167487,914050.000000,2019-11-16 00:00:00+03:00,0,0.000000,0,0.000000,0,0.000000,7,1,0,,
167487,914050.000000,2019-11-19 00:00:00+03:00,0,0.000000,0,0.000000,0,0.000000,13,1,0,,
167487,914050.000000,2019-11-20 00:00:00+03:00,1,6.000000,0,0.000000,0,0.000000,0,1,1,0.000000,6.000000
167487,914050.000000,2019-11-22 00:00:00+03:00,0,0.000000,0,0.000000,0,0.000000,2,1,0,,
167487,914050.000000,2019-11-25 00:00:00+03:00,0,0.000000,0,0.000000,0,0.000000,16,1,0,,
167487,914050.000000,2019-11-27 00:00:00+03:00,0,0.000000,0,0.000000,0,0.000000,4,1,0,,
167487,914052.000000,2019-11-01 00:00:00+03:00,0,0.000000,0,0.000000,0,0.000000,32,1,0,,
167487,914052.000000,2019-11-02 00:00:00+03:00,0,0.000000,0,0.000000,0,0.000000,25,1,0,,
167487,914052.000000,2019-11-04 00:00:00+03:00,0,0.000000,0,0.000000,0,0.000000,25,1,0,,
167487,914052.000000,2019-11-05 00:00:00+03:00,0,0.000000,0,0.000000,0,0.000000,39,1,0,,
167487,914052.000000,2019-11-06 00:00:00+03:00,0,0.000000,0,0.000000,0,0.000000,14,1,0,,
167487,914052.000000,2019-11-07 00:00:00+03:00,0,0.000000,0,0.000000,0,0.000000,49,1,0,,
167487,914052.000000,2019-11-08 00:00:00+03:00,0,0.000000,0,0.000000,0,0.000000,37,1,0,,
167487,914052.000000,2019-11-09 00:00:00+03:00,0,0.000000,0,0.000000,0,0.000000,15,1,0,,
167487,914052.000000,2019-11-10 00:00:00+03:00,0,0.000000,0,0.000000,0,0.000000,44,1,0,,
167487,914052.000000,2019-11-11 00:00:00+03:00,0,0.000000,0,0.000000,0,0.000000,27,1,0,,
167487,914052.000000,2019-11-12 00:00:00+03:00,0,0.000000,0,0.000000,0,0.000000,44,1,0,,
167487,914052.000000,2019-11-13 00:00:00+03:00,0,0.000000,0,0.000000,0,0.000000,41,1,0,,
167487,914052.000000,2019-11-14 00:00:00+03:00,0,0.000000,0,0.000000,0,0.000000,29,1,0,,
167487,914052.000000,2019-11-15 00:00:00+03:00,0,0.000000,0,0.000000,0,0.000000,2,1,0,,
167487,914052.000000,2019-11-16 00:00:00+03:00,0,0.000000,0,0.000000,0,0.000000,2,1,0,,
167487,914052.000000,2019-11-17 00:00:00+03:00,0,0.000000,0,0.000000,0,0.000000,25,1,0,,
167487,914052.000000,2019-11-18 00:00:00+03:00,0,0.000000,0,0.000000,0,0.000000,20,1,0,,
167487,914052.000000,2019-11-19 00:00:00+03:00,0,0.000000,0,0.000000,0,0.000000,15,1,0,,
167487,914052.000000,2019-11-20 00:00:00+03:00,0,0.000000,0,0.000000,0,0.000000,30,1,0,,
167487,914052.000000,2019-11-21 00:00:00+03:00,0,0.000000,0,0.000000,0,0.000000,58,1,0,,
167487,914052.000000,2019-11-22 00:00:00+03:00,0,0.000000,0,0.000000,0,0.000000,46,1,0,,
167487,914052.000000,2019-11-24 00:00:00+03:00,0,0.000000,0,0.000000,0,0.000000,10,1,0,,
167487,914052.000000,2019-11-25 00:00:00+03:00,0,0.000000,0,0.000000,0,0.000000,51,1,0,,
167487,914052.000000,2019-11-26 00:00:00+03:00,0,0.000000,0,0.000000,0,0.000000,24,1,0,,
167487,914052.000000,2019-11-27 00:00:00+03:00,0,0.000000,0,0.000000,0,0.000000,9,1,0,,
167487,914052.000000,2019-11-28 00:00:00+03:00,0,0.000000,0,0.000000,0,0.000000,40,1,0,,
167487,940968.000000,2019-11-02 00:00:00+03:00,1,8.000000,0,0.000000,0,0.000000,0,1,1,0.000000,8.000000
167487,940968.000000,2019-11-04 00:00:00+03:00,1,8.000000,0,0.000000,0,0.000000,0,1,1,0.000000,8.000000
167487,940968.000000,2019-11-06 00:00:00+03:00,1,15.000000,0,0.000000,0,0.000000,0,1,1,0.000000,15.000000
167487,940968.000000,2019-11-07 00:00:00+03:00,1,11.000000,0,0.000000,0,0.000000,0,1,1,0.000000,11.000000
167487,940968.000000,2019-11-11 00:00:00+03:00,1,19.000000,0,0.000000,0,0.000000,0,1,1,0.000000,19.000000
167487,940968.000000,2019-11-12 00:00:00+03:00,3,54.000000,0,0.000000,0,0.000000,0,1,3,0.000000,18.000000
167487,940968.000000,2019-11-14 00:00:00+03:00,1,15.000000,0,0.000000,0,0.000000,0,1,1,0.000000,15.000000
167487,940968.000000,2019-11-21 00:00:00+03:00,1,14.000000,0,0.000000,0,0.000000,0,1,1,0.000000,14.000000
167487,940968.000000,2019-11-25 00:00:00+03:00,3,54.000000,0,0.000000,0,0.000000,0,1,3,0.000000,18.000000
167487,940968.000000,2019-11-26 00:00:00+03:00,1,23.000000,0,0.000000,0,0.000000,0,1,1,0.000000,23.000000
167497,921116.000000,2019-11-01 00:00:00+03:00,0,0.000000,0,0.000000,0,0.000000,1,1,0,,
167497,921116.000000,2019-11-05 00:00:00+03:00,0,0.000000,0,0.000000,0,0.000000,6,1,0,,
167497,921116.000000,2019-11-06 00:00:00+03:00,0,0.000000,0,0.000000,0,0.000000,6,1,0,,
167497,921116.000000,2019-11-07 00:00:00+03:00,0,0.000000,0,0.000000,0,0.000000,2,1,0,,
167497,921116.000000,2019-11-08 00:00:00+03:00,0,0.000000,0,0.000000,0,0.000000,0,1,0,,
167497,921116.000000,2019-11-09 00:00:00+03:00,0,0.000000,0,0.000000,0,0.000000,1,1,0,,
167497,921116.000000,2019-11-10 00:00:00+03:00,0,0.000000,0,0.000000,0,0.000000,0,1,0,,
167497,921116.000000,2019-11-11 00:00:00+03:00,0,0.000000,0,0.000000,0,0.000000,2,1,0,,
167497,921116.000000,2019-11-12 00:00:00+03:00,0,0.000000,0,0.000000,0,0.000000,2,1,0,,
167497,921116.000000,2019-11-13 00:00:00+03:00,0,0.000000,0,0.000000,0,0.000000,1,1,0,,
167497,921116.000000,2019-11-14 00:00:00+03:00,0,0.000000,0,0.000000,0,0.000000,1,1,0,,
167497,921116.000000,2019-11-17 00:00:00+03:00,0,0.000000,0,0.000000,0,0.000000,2,1,0,,
167497,921116.000000,2019-11-18 00:00:00+03:00,0,0.000000,0,0.000000,0,0.000000,3,1,0,,
167497,921116.000000,2019-11-19 00:00:00+03:00,0,0.000000,0,0.000000,0,0.000000,0,1,0,,
167497,921116.000000,2019-11-20 00:00:00+03:00,0,0.000000,0,0.000000,0,0.000000,0,1,0,,
167497,924928.000000,2019-11-03 00:00:00+03:00,1,29.000000,0,0.000000,0,0.000000,0,1,1,0.000000,29.000000
167497,924928.000000,2019-11-05 00:00:00+03:00,1,29.000000,0,0.000000,0,0.000000,0,1,1,0.000000,29.000000
167497,924928.000000,2019-11-06 00:00:00+03:00,1,11.000000,0,0.000000,0,0.000000,0,1,1,0.000000,11.000000
167497,924928.000000,2019-11-07 00:00:00+03:00,0,0.000000,0,0.000000,0,0.000000,0,1,0,,
167497,924928.000000,2019-11-08 00:00:00+03:00,3,57.000000,0,0.000000,0,0.000000,0,1,3,0.000000,19.000000
167497,924928.000000,2019-11-11 00:00:00+03:00,0,0.000000,0,0.000000,0,0.000000,1,1,0,,
167497,924928.000000,2019-11-12 00:00:00+03:00,8,207.000000,0,0.000000,0,0.000000,0,1,8,0.000000,25.875000
167497,924928.000000,2019-11-14 00:00:00+03:00,3,213.000000,0,0.000000,0,0.000000,0,1,3,0.000000,71.000000
167497,924928.000000,2019-11-18 00:00:00+03:00,4,286.000000,0,0.000000,0,0.000000,0,1,4,0.000000,71.500000
167497,924928.000000,2019-11-19 00:00:00+03:00,0,0.000000,0,0.000000,0,0.000000,1,1,0,,
167497,924928.000000,2019-11-20 00:00:00+03:00,0,0.000000,0,0.000000,0,0.000000,0,1,0,,
167497,924928.000000,2019-11-22 00:00:00+03:00,1,12.000000,0,0.000000,0,0.000000,0,1,1,0.000000,12.000000
167497,924928.000000,2019-11-27 00:00:00+03:00,1,16.000000,0,0.000000,0,0.000000,0,1,1,0.000000,16.000000
167497,924930.000000,2019-11-01 00:00:00+03:00,0,0.000000,0,0.000000,0,0.000000,5,1,0,,
167497,924930.000000,2019-11-05 00:00:00+03:00,0,0.000000,0,0.000000,0,0.000000,12,1,0,,
167497,924930.000000,2019-11-06 00:00:00+03:00,0,0.000000,0,0.000000,0,0.000000,14,1,0,,
167497,924930.000000,2019-11-07 00:00:00+03:00,0,0.000000,0,0.000000,0,0.000000,7,1,0,,
167497,924930.000000,2019-11-08 00:00:00+03:00,0,0.000000,0,0.000000,0,0.000000,0,1,0,,
167497,924930.000000,2019-11-10 00:00:00+03:00,0,0.000000,0,0.000000,0,0.000000,2,1,0,,
167497,924930.000000,2019-11-11 00:00:00+03:00,0,0.000000,0,0.000000,0,0.000000,5,1,0,,
167497,924930.000000,2019-11-12 00:00:00+03:00,2,36.000000,0,0.000000,0,0.000000,6,1,2,0.000000,18.000000
167497,924930.000000,2019-11-13 00:00:00+03:00,0,0.000000,0,0.000000,0,0.000000,3,1,0,,
167497,924930.000000,2019-11-14 00:00:00+03:00,2,34.000000,0,0.000000,0,0.000000,5,1,2,0.000000,17.000000
167497,924930.000000,2019-11-15 00:00:00+03:00,0,0.000000,0,0.000000,0,0.000000,5,1,0,,
167497,924930.000000,2019-11-16 00:00:00+03:00,1,9.000000,0,0.000000,0,0.000000,2,1,1,0.000000,9.000000
167497,924930.000000,2019-11-18 00:00:00+03:00,1,9.000000,0,0.000000,0,0.000000,11,1,1,0.000000,9.000000
167497,924930.000000,2019-11-19 00:00:00+03:00,1,14.000000,0,0.000000,0,0.000000,0,1,1,0.000000,14.000000
167497,924930.000000,2019-11-22 00:00:00+03:00,0,0.000000,0,0.000000,0,0.000000,0,1,0,,
167497,924930.000000,2019-11-23 00:00:00+03:00,0,0.000000,0,0.000000,0,0.000000,4,1,0,,
167497,924930.000000,2019-11-24 00:00:00+03:00,0,0.000000,0,0.000000,0,0.000000,7,1,0,,
167497,924930.000000,2019-11-25 00:00:00+03:00,3,43.000000,0,0.000000,0,0.000000,8,1,3,0.000000,14.333333
167497,924930.000000,2019-11-28 00:00:00+03:00,1,34.000000,0,0.000000,0,0.000000,18,1,1,0.000000,34.000000
167497,924932.000000,2019-11-06 00:00:00+03:00,0,0.000000,0,0.000000,0,0.000000,0,1,0,,
167497,924932.000000,2019-11-11 00:00:00+03:00,0,0.000000,0,0.000000,0,0.000000,0,1,0,,
167497,924932.000000,2019-11-12 00:00:00+03:00,0,0.000000,0,0.000000,0,0.000000,0,1,0,,
167497,924932.000000,2019-11-13 00:00:00+03:00,0,0.000000,0,0.000000,0,0.000000,1,1,0,,
167497,924932.000000,2019-11-14 00:00:00+03:00,0,0.000000,0,0.000000,0,0.000000,2,1,0,,
167497,924932.000000,2019-11-18 00:00:00+03:00,0,0.000000,0,0.000000,0,0.000000,2,1,0,,
167497,924932.000000,2019-11-19 00:00:00+03:00,1,8.000000,0,0.000000,0,0.000000,0,1,1,0.000000,8.000000
167497,924932.000000,2019-11-20 00:00:00+03:00,0,0.000000,0,0.000000,0,0.000000,0,1,0,,
167497,924932.000000,2019-11-22 00:00:00+03:00,0,0.000000,0,0.000000,0,0.000000,0,1,0,,
167497,924934.000000,2019-11-01 00:00:00+03:00,0,0.000000,0,0.000000,0,0.000000,23,1,0,,
167497,924934.000000,2019-11-05 00:00:00+03:00,0,0.000000,0,0.000000,0,0.000000,34,1,0,,
167497,924934.000000,2019-11-06 00:00:00+03:00,0,0.000000,0,0.000000,0,0.000000,15,1,0,,
167497,924934.000000,2019-11-07 00:00:00+03:00,0,0.000000,0,0.000000,0,0.000000,14,1,0,,
167497,924934.000000,2019-11-08 00:00:00+03:00,0,0.000000,0,0.000000,0,0.000000,15,1,0,,
167497,924934.000000,2019-11-11 00:00:00+03:00,0,0.000000,0,0.000000,0,0.000000,28,1,0,,
167497,924934.000000,2019-11-12 00:00:00+03:00,0,0.000000,0,0.000000,0,0.000000,7,1,0,,
167497,924934.000000,2019-11-13 00:00:00+03:00,0,0.000000,0,0.000000,0,0.000000,9,1,0,,
167497,924934.000000,2019-11-14 00:00:00+03:00,0,0.000000,0,0.000000,0,0.000000,19,1,0,,
167497,924934.000000,2019-11-15 00:00:00+03:00,2,46.000000,0,0.000000,0,0.000000,10,1,2,0.000000,23.000000
167497,924934.000000,2019-11-18 00:00:00+03:00,2,37.000000,0,0.000000,0,0.000000,21,1,2,0.000000,18.500000
167497,924934.000000,2019-11-19 00:00:00+03:00,0,0.000000,0,0.000000,0,0.000000,14,1,0,,
167497,924934.000000,2019-11-20 00:00:00+03:00,0,0.000000,0,0.000000,0,0.000000,25,1,0,,
167497,924934.000000,2019-11-21 00:00:00+03:00,0,0.000000,0,0.000000,0,0.000000,11,1,0,,
167497,924934.000000,2019-11-22 00:00:00+03:00,0,0.000000,0,0.000000,0,0.000000,18,1,0,,
167497,924934.000000,2019-11-25 00:00:00+03:00,0,0.000000,0,0.000000,0,0.000000,38,1,0,,
167497,924934.000000,2019-11-26 00:00:00+03:00,1,109.000000,0,0.000000,0,0.000000,14,1,1,0.000000,109.000000
167497,924934.000000,2019-11-27 00:00:00+03:00,0,0.000000,0,0.000000,0,0.000000,6,1,0,,
167497,924934.000000,2019-11-28 00:00:00+03:00,0,0.000000,0,0.000000,0,0.000000,20,1,0,,
167497,924936.000000,2019-11-02 00:00:00+03:00,0,0.000000,2,27.000000,0,0.000000,0,1,2,1.000000,
167497,924936.000000,2019-11-03 00:00:00+03:00,1,53.000000,0,0.000000,0,0.000000,0,1,1,0.000000,53.000000
167497,924936.000000,2019-11-06 00:00:00+03:00,1,7.000000,0,0.000000,0,0.000000,0,1,1,0.000000,7.000000
167497,924936.000000,2019-11-07 00:00:00+03:00,2,28.000000,0,0.000000,0,0.000000,0,1,2,0.000000,14.000000
167497,924936.000000,2019-11-12 00:00:00+03:00,1,23.000000,0,0.000000,0,0.000000,0,1,1,0.000000,23.000000
167497,924936.000000,2019-11-22 00:00:00+03:00,1,16.000000,0,0.000000,0,0.000000,0,1,1,0.000000,16.000000
167497,924940.000000,2019-11-01 00:00:00+03:00,0,0.000000,0,0.000000,0,0.000000,20,1,0,,
167497,924940.000000,2019-11-05 00:00:00+03:00,0,0.000000,0,0.000000,0,0.000000,1,1,0,,
167497,924940.000000,2019-11-06 00:00:00+03:00,0,0.000000,0,0.000000,0,0.000000,15,1,0,,
167497,924940.000000,2019-11-07 00:00:00+03:00,0,0.000000,0,0.000000,0,0.000000,14,1,0,,
167497,924940.000000,2019-11-08 00:00:00+03:00,1,10.000000,0,0.000000,0,0.000000,8,1,1,0.000000,10.000000
167497,924940.000000,2019-11-10 00:00:00+03:00,0,0.000000,0,0.000000,0,0.000000,0,1,0,,
167497,924940.000000,2019-11-11 00:00:00+03:00,0,0.000000,0,0.000000,0,0.000000,15,1,0,,
167497,924940.000000,2019-11-12 00:00:00+03:00,0,0.000000,0,0.000000,0,0.000000,9,1,0,,
167497,924940.000000,2019-11-13 00:00:00+03:00,0,0.000000,0,0.000000,0,0.000000,2,1,0,,
167497,924940.000000,2019-11-14 00:00:00+03:00,0,0.000000,0,0.000000,0,0.000000,0,1,0,,
167497,924940.000000,2019-11-17 00:00:00+03:00,0,0.000000,0,0.000000,0,0.000000,3,1,0,,
167497,924940.000000,2019-11-18 00:00:00+03:00,0,0.000000,0,0.000000,0,0.000000,4,1,0,,
167497,924940.000000,2019-11-19 00:00:00+03:00,1,40.000000,0,0.000000,0,0.000000,0,1,1,0.000000,40.000000
167497,924940.000000,2019-11-20 00:00:00+03:00,0,0.000000,0,0.000000,0,0.000000,8,1,0,,
167497,924940.000000,2019-11-21 00:00:00+03:00,1,29.000000,0,0.000000,0,0.000000,5,1,1,0.000000,29.000000
167497,924940.000000,2019-11-22 00:00:00+03:00,0,0.000000,0,0.000000,0,0.000000,4,1,0,,
167497,924940.000000,2019-11-23 00:00:00+03:00,0,0.000000,0,0.000000,0,0.000000,1,1,0,,
167497,924940.000000,2019-11-26 00:00:00+03:00,0,0.000000,0,0.000000,0,0.000000,8,1,0,,
167497,924940.000000,2019-11-27 00:00:00+03:00,1,10.000000,0,0.000000,0,0.000000,4,1,1,0.000000,10.000000
167497,924940.000000,2019-11-28 00:00:00+03:00,3,64.000000,0,0.000000,0,0.000000,7,1,3,0.000000,21.333333
167497,924946.000000,2019-11-01 00:00:00+03:00,0,0.000000,0,0.000000,0,0.000000,0,1,0,,
167497,924946.000000,2019-11-02 00:00:00+03:00,0,0.000000,0,0.000000,0,0.000000,1,1,0,,
167497,924946.000000,2019-11-12 00:00:00+03:00,2,47.000000,0,0.000000,0,0.000000,0,1,2,0.000000,23.500000
167497,924946.000000,2019-11-15 00:00:00+03:00,0,0.000000,0,0.000000,0,0.000000,0,1,0,,
167497,924946.000000,2019-11-19 00:00:00+03:00,0,0.000000,0,0.000000,0,0.000000,2,1,0,,
167497,924946.000000,2019-11-20 00:00:00+03:00,0,0.000000,0,0.000000,0,0.000000,0,1,0,,
167497,924946.000000,2019-11-21 00:00:00+03:00,0,0.000000,0,0.000000,0,0.000000,1,1,0,,
167497,924946.000000,2019-11-28 00:00:00+03:00,0,0.000000,0,0.000000,0,0.000000,0,1,0,,
167497,924948.000000,2019-11-01 00:00:00+03:00,2,58.000000,0,0.000000,0,0.000000,18,1,2,0.000000,29.000000
167497,924948.000000,2019-11-02 00:00:00+03:00,0,0.000000,0,0.000000,0,0.000000,4,1,0,,
167497,924948.000000,2019-11-05 00:00:00+03:00,2,40.000000,0,0.000000,0,0.000000,14,1,2,0.000000,20.000000
167497,924948.000000,2019-11-06 00:00:00+03:00,2,13.000000,0,0.000000,0,0.000000,13,1,2,0.000000,6.500000
167497,924948.000000,2019-11-07 00:00:00+03:00,2,65.000000,0,0.000000,0,0.000000,4,1,2,0.000000,32.500000
167497,924948.000000,2019-11-08 00:00:00+03:00,0,0.000000,0,0.000000,0,0.000000,4,1,0,,
167497,924948.000000,2019-11-09 00:00:00+03:00,1,23.000000,0,0.000000,0,0.000000,6,1,1,0.000000,23.000000
167497,924948.000000,2019-11-10 00:00:00+03:00,0,0.000000,0,0.000000,0,0.000000,14,1,0,,
167497,924948.000000,2019-11-11 00:00:00+03:00,1,25.000000,0,0.000000,0,0.000000,3,1,1,0.000000,25.000000
167497,924948.000000,2019-11-12 00:00:00+03:00,0,0.000000,0,0.000000,0,0.000000,1,1,0,,
167497,924948.000000,2019-11-13 00:00:00+03:00,0,0.000000,0,0.000000,0,0.000000,8,1,0,,
167497,924948.000000,2019-11-14 00:00:00+03:00,0,0.000000,1,7.000000,0,0.000000,8,1,1,1.000000,
167497,924948.000000,2019-11-16 00:00:00+03:00,0,0.000000,0,0.000000,0,0.000000,1,1,0,,
167497,924948.000000,2019-11-17 00:00:00+03:00,1,12.000000,0,0.000000,0,0.000000,5,1,1,0.000000,12.000000
167497,924948.000000,2019-11-18 00:00:00+03:00,1,9.000000,0,0.000000,0,0.000000,32,1,1,0.000000,9.000000
167497,924948.000000,2019-11-19 00:00:00+03:00,0,0.000000,0,0.000000,0,0.000000,2,1,0,,
167497,924948.000000,2019-11-20 00:00:00+03:00,2,12.000000,0,0.000000,0,0.000000,4,1,2,0.000000,6.000000
167497,924948.000000,2019-11-21 00:00:00+03:00,0,0.000000,0,0.000000,0,0.000000,0,1,0,,
167497,924948.000000,2019-11-22 00:00:00+03:00,0,0.000000,0,0.000000,0,0.000000,2,1,0,,
167497,924948.000000,2019-11-23 00:00:00+03:00,0,0.000000,0,0.000000,0,0.000000,3,1,0,,
167497,924948.000000,2019-11-24 00:00:00+03:00,1,30.000000,0,0.000000,0,0.000000,5,1,1,0.000000,30.000000
167497,924948.000000,2019-11-25 00:00:00+03:00,0,0.000000,0,0.000000,0,0.000000,6,1,0,,
167497,924948.000000,2019-11-28 00:00:00+03:00,0,0.000000,0,0.000000,0,0.000000,25,1,0,,
167497,924950.000000,2019-11-01 00:00:00+03:00,1,33.000000,0,0.000000,0,0.000000,1,1,1,0.000000,33.000000
167497,924950.000000,2019-11-04 00:00:00+03:00,1,12.000000,0,0.000000,0,0.000000,1,1,1,0.000000,12.000000
167497,924950.000000,2019-11-05 00:00:00+03:00,0,0.000000,0,0.000000,0,0.000000,7,1,0,,
167497,924950.000000,2019-11-06 00:00:00+03:00,2,85.000000,0,0.000000,0,0.000000,1,1,2,0.000000,42.500000
167497,924950.000000,2019-11-07 00:00:00+03:00,6,112.000000,0,0.000000,0,0.000000,0,1,6,0.000000,18.666667
167497,924950.000000,2019-11-08 00:00:00+03:00,0,0.000000,0,0.000000,0,0.000000,1,1,0,,
167497,924950.000000,2019-11-09 00:00:00+03:00,0,0.000000,0,0.000000,0,0.000000,5,1,0,,
167497,924950.000000,2019-11-10 00:00:00+03:00,0,0.000000,0,0.000000,0,0.000000,0,1,0,,
167497,924950.000000,2019-11-11 00:00:00+03:00,1,26.000000,0,0.000000,0,0.000000,0,1,1,0.000000,26.000000
167497,924950.000000,2019-11-12 00:00:00+03:00,2,22.000000,0,0.000000,0,0.000000,5,1,2,0.000000,11.000000
167497,924950.000000,2019-11-13 00:00:00+03:00,0,0.000000,0,0.000000,0,0.000000,11,1,0,,
167497,924950.000000,2019-11-14 00:00:00+03:00,0,0.000000,0,0.000000,0,0.000000,6,1,0,,
167497,924950.000000,2019-11-15 00:00:00+03:00,1,29.000000,0,0.000000,0,0.000000,2,1,1,0.000000,29.000000
167497,924950.000000,2019-11-17 00:00:00+03:00,1,27.000000,0,0.000000,0,0.000000,3,1,1,0.000000,27.000000
167497,924950.000000,2019-11-18 00:00:00+03:00,0,0.000000,0,0.000000,0,0.000000,2,1,0,,
167497,924950.000000,2019-11-19 00:00:00+03:00,0,0.000000,0,0.000000,0,0.000000,3,1,0,,
167497,924950.000000,2019-11-20 00:00:00+03:00,4,74.000000,0,0.000000,0,0.000000,1,1,4,0.000000,18.500000
167497,924950.000000,2019-11-21 00:00:00+03:00,1,16.000000,0,0.000000,0,0.000000,0,1,1,0.000000,16.000000
167497,924950.000000,2019-11-22 00:00:00+03:00,1,29.000000,0,0.000000,0,0.000000,0,1,1,0.000000,29.000000
167497,924950.000000,2019-11-23 00:00:00+03:00,0,0.000000,0,0.000000,0,0.000000,5,1,0,,
167497,924950.000000,2019-11-25 00:00:00+03:00,1,11.000000,0,0.000000,0,0.000000,2,1,1,0.000000,11.000000
167497,924950.000000,2019-11-27 00:00:00+03:00,0,0.000000,0,0.000000,0,0.000000,2,1,0,,
167497,924950.000000,2019-11-28 00:00:00+03:00,1,13.000000,0,0.000000,0,0.000000,0,1,1,0.000000,13.000000
167497,924952.000000,2019-11-01 00:00:00+03:00,2,56.000000,0,0.000000,0,0.000000,0,1,2,0.000000,28.000000
167497,924952.000000,2019-11-02 00:00:00+03:00,0,0.000000,0,0.000000,0,0.000000,2,1,0,,
167497,924952.000000,2019-11-03 00:00:00+03:00,0,0.000000,0,0.000000,0,0.000000,1,1,0,,
167497,924952.000000,2019-11-05 00:00:00+03:00,3,59.000000,0,0.000000,0,0.000000,2,1,3,0.000000,19.666667
167497,924952.000000,2019-11-07 00:00:00+03:00,1,38.000000,0,0.000000,0,0.000000,7,1,1,0.000000,38.000000
167497,924952.000000,2019-11-08 00:00:00+03:00,0,0.000000,0,0.000000,0,0.000000,0,1,0,,
167497,924952.000000,2019-11-11 00:00:00+03:00,2,19.000000,0,0.000000,0,0.000000,0,1,2,0.000000,9.500000
167497,924952.000000,2019-11-12 00:00:00+03:00,0,0.000000,0,0.000000,0,0.000000,0,1,0,,
167497,924952.000000,2019-11-13 00:00:00+03:00,0,0.000000,0,0.000000,0,0.000000,4,1,0,,
167497,924952.000000,2019-11-14 00:00:00+03:00,2,32.000000,0,0.000000,0,0.000000,1,1,2,0.000000,16.000000
167497,924952.000000,2019-11-15 00:00:00+03:00,3,76.000000,0,0.000000,0,0.000000,0,1,3,0.000000,25.333333
167497,924952.000000,2019-11-16 00:00:00+03:00,0,0.000000,0,0.000000,0,0.000000,2,1,0,,
167497,924952.000000,2019-11-18 00:00:00+03:00,0,0.000000,0,0.000000,0,0.000000,1,1,0,,
167497,924952.000000,2019-11-19 00:00:00+03:00,1,23.000000,0,0.000000,0,0.000000,0,1,1,0.000000,23.000000
167497,924952.000000,2019-11-20 00:00:00+03:00,1,15.000000,0,0.000000,0,0.000000,0,1,1,0.000000,15.000000
167497,924952.000000,2019-11-21 00:00:00+03:00,0,0.000000,0,0.000000,0,0.000000,0,1,0,,
167497,924952.000000,2019-11-22 00:00:00+03:00,0,0.000000,0,0.000000,0,0.000000,0,1,0,,
167497,924952.000000,2019-11-25 00:00:00+03:00,0,0.000000,0,0.000000,0,0.000000,0,1,0,,
167497,924952.000000,2019-11-27 00:00:00+03:00,0,0.000000,0,0.000000,0,0.000000,0,1,0,,
167497,924954.000000,2019-11-01 00:00:00+03:00,1,56.000000,0,0.000000,0,0.000000,1,1,1,0.000000,56.000000
167497,924954.000000,2019-11-09 00:00:00+03:00,2,55.000000,0,0.000000,0,0.000000,0,1,2,0.000000,27.500000
167497,924954.000000,2019-11-12 00:00:00+03:00,1,26.000000,0,0.000000,0,0.000000,2,1,1,0.000000,26.000000
167497,924954.000000,2019-11-13 00:00:00+03:00,1,7.000000,0,0.000000,0,0.000000,1,1,1,0.000000,7.000000
167497,924954.000000,2019-11-14 00:00:00+03:00,3,32.000000,0,0.000000,0,0.000000,4,1,3,0.000000,10.666667
167497,924954.000000,2019-11-19 00:00:00+03:00,1,27.000000,0,0.000000,0,0.000000,0,1,1,0.000000,27.000000
167497,924954.000000,2019-11-20 00:00:00+03:00,0,0.000000,0,0.000000,0,0.000000,5,1,0,,
167497,924954.000000,2019-11-21 00:00:00+03:00,0,0.000000,0,0.000000,0,0.000000,2,1,0,,
167497,924954.000000,2019-11-22 00:00:00+03:00,2,96.000000,0,0.000000,0,0.000000,9,1,2,0.000000,48.000000
167497,924954.000000,2019-11-23 00:00:00+03:00,2,84.000000,0,0.000000,0,0.000000,5,1,2,0.000000,42.000000
167497,924954.000000,2019-11-24 00:00:00+03:00,0,0.000000,0,0.000000,0,0.000000,3,1,0,,
167497,924954.000000,2019-11-25 00:00:00+03:00,0,0.000000,0,0.000000,0,0.000000,5,1,0,,
167497,924954.000000,2019-11-26 00:00:00+03:00,1,41.000000,0,0.000000,0,0.000000,7,1,1,0.000000,41.000000
167497,924954.000000,2019-11-27 00:00:00+03:00,2,99.000000,0,0.000000,0,0.000000,6,1,2,0.000000,49.500000
167497,924954.000000,2019-11-28 00:00:00+03:00,1,31.000000,1,31.000000,0,0.000000,1,1,2,0.500000,31.000000
167497,924956.000000,2019-11-06 00:00:00+03:00,6,74.000000,0,0.000000,0,0.000000,0,1,6,0.000000,12.333333
167497,924956.000000,2019-11-07 00:00:00+03:00,3,54.000000,0,0.000000,0,0.000000,0,1,3,0.000000,18.000000
167497,924956.000000,2019-11-08 00:00:00+03:00,2,18.000000,0,0.000000,0,0.000000,0,1,2,0.000000,9.000000
167497,924956.000000,2019-11-09 00:00:00+03:00,2,52.000000,0,0.000000,0,0.000000,1,1,2,0.000000,26.000000
167497,924956.000000,2019-11-10 00:00:00+03:00,1,8.000000,0,0.000000,0,0.000000,0,1,1,0.000000,8.000000
167497,924956.000000,2019-11-11 00:00:00+03:00,2,14.000000,0,0.000000,0,0.000000,0,1,2,0.000000,7.000000
167497,924956.000000,2019-11-12 00:00:00+03:00,1,5.000000,0,0.000000,0,0.000000,0,1,1,0.000000,5.000000
167497,924956.000000,2019-11-14 00:00:00+03:00,1,18.000000,0,0.000000,0,0.000000,0,1,1,0.000000,18.000000
167497,924956.000000,2019-11-20 00:00:00+03:00,0,0.000000,0,0.000000,0,0.000000,1,1,0,,
167497,924956.000000,2019-11-21 00:00:00+03:00,0,0.000000,0,0.000000,0,0.000000,1,1,0,,
167497,924956.000000,2019-11-22 00:00:00+03:00,1,9.000000,0,0.000000,0,0.000000,0,1,1,0.000000,9.000000
167497,924956.000000,2019-11-24 00:00:00+03:00,0,0.000000,0,0.000000,0,0.000000,2,1,0,,
167497,924956.000000,2019-11-25 00:00:00+03:00,1,6.000000,0,0.000000,0,0.000000,2,1,1,0.000000,6.000000
167497,924956.000000,2019-11-26 00:00:00+03:00,6,52.000000,0,0.000000,0,0.000000,1,1,6,0.000000,8.666667
167497,924956.000000,2019-11-27 00:00:00+03:00,2,31.000000,0,0.000000,0,0.000000,3,1,2,0.000000,15.500000
167497,924956.000000,2019-11-28 00:00:00+03:00,0,0.000000,0,0.000000,0,0.000000,0,1,0,,
167497,924958.000000,2019-11-01 00:00:00+03:00,0,0.000000,0,0.000000,0,0.000000,0,1,0,,
167497,924958.000000,2019-11-02 00:00:00+03:00,0,0.000000,0,0.000000,0,0.000000,1,1,0,,
167497,924958.000000,2019-11-05 00:00:00+03:00,1,9.000000,0,0.000000,0,0.000000,0,1,1,0.000000,9.000000
167497,924958.000000,2019-11-06 00:00:00+03:00,0,0.000000,0,0.000000,0,0.000000,12,1,0,,
167497,924958.000000,2019-11-07 00:00:00+03:00,0,0.000000,0,0.000000,0,0.000000,3,1,0,,
167497,924958.000000,2019-11-08 00:00:00+03:00,2,42.000000,0,0.000000,0,0.000000,2,1,2,0.000000,21.000000
167497,924958.000000,2019-11-09 00:00:00+03:00,0,0.000000,0,0.000000,0,0.000000,1,1,0,,
167497,924958.000000,2019-11-11 00:00:00+03:00,0,0.000000,0,0.000000,0,0.000000,4,1,0,,
167497,924958.000000,2019-11-13 00:00:00+03:00,2,15.000000,0,0.000000,0,0.000000,2,1,2,0.000000,7.500000
167497,924958.000000,2019-11-14 00:00:00+03:00,0,0.000000,0,0.000000,0,0.000000,2,1,0,,
167497,924958.000000,2019-11-15 00:00:00+03:00,1,7.000000,0,0.000000,0,0.000000,0,1,1,0.000000,7.000000
167497,924958.000000,2019-11-16 00:00:00+03:00,0,0.000000,0,0.000000,0,0.000000,2,1,0,,
167497,924958.000000,2019-11-17 00:00:00+03:00,0,0.000000,0,0.000000,0,0.000000,1,1,0,,
167497,924958.000000,2019-11-18 00:00:00+03:00,1,8.000000,0,0.000000,0,0.000000,13,1,1,0.000000,8.000000
167497,924958.000000,2019-11-19 00:00:00+03:00,0,0.000000,0,0.000000,0,0.000000,4,1,0,,
167497,924958.000000,2019-11-20 00:00:00+03:00,4,22.000000,0,0.000000,0,0.000000,4,1,4,0.000000,5.500000
167497,924958.000000,2019-11-21 00:00:00+03:00,4,52.000000,0,0.000000,0,0.000000,10,1,4,0.000000,13.000000
167497,924958.000000,2019-11-22 00:00:00+03:00,2,33.000000,0,0.000000,0,0.000000,1,1,2,0.000000,16.500000
167497,924958.000000,2019-11-23 00:00:00+03:00,0,0.000000,0,0.000000,0,0.000000,3,1,0,,
167497,924958.000000,2019-11-25 00:00:00+03:00,1,5.000000,0,0.000000,0,0.000000,2,1,1,0.000000,5.000000
167497,924958.000000,2019-11-26 00:00:00+03:00,2,12.000000,0,0.000000,0,0.000000,6,1,2,0.000000,6.000000
167497,924958.000000,2019-11-27 00:00:00+03:00,2,14.000000,0,0.000000,0,0.000000,2,1,2,0.000000,7.000000
167497,924958.000000,2019-11-28 00:00:00+03:00,0,0.000000,0,0.000000,0,0.000000,1,1,0,,
167497,924960.000000,2019-11-01 00:00:00+03:00,0,0.000000,0,0.000000,0,0.000000,5,1,0,,
167497,924960.000000,2019-11-03 00:00:00+03:00,1,52.000000,0,0.000000,0,0.000000,0,1,1,0.000000,52.000000
167497,924960.000000,2019-11-05 00:00:00+03:00,1,27.000000,0,0.000000,0,0.000000,7,1,1,0.000000,27.000000
167497,924960.000000,2019-11-06 00:00:00+03:00,0,0.000000,0,0.000000,0,0.000000,1,1,0,,
167497,924960.000000,2019-11-07 00:00:00+03:00,2,41.000000,1,9.000000,0,0.000000,3,1,3,0.333333,20.500000
167497,924960.000000,2019-11-08 00:00:00+03:00,0,0.000000,0,0.000000,0,0.000000,3,1,0,,
167497,924960.000000,2019-11-09 00:00:00+03:00,0,0.000000,0,0.000000,0,0.000000,6,1,0,,
167497,924960.000000,2019-11-10 00:00:00+03:00,0,0.000000,0,0.000000,0,0.000000,0,1,0,,
167497,924960.000000,2019-11-11 00:00:00+03:00,1,26.000000,0,0.000000,0,0.000000,1,1,1,0.000000,26.000000
167497,924960.000000,2019-11-12 00:00:00+03:00,2,33.000000,0,0.000000,0,0.000000,7,1,2,0.000000,16.500000
167497,924960.000000,2019-11-13 00:00:00+03:00,4,97.000000,0,0.000000,0,0.000000,3,1,4,0.000000,24.250000
167497,924960.000000,2019-11-14 00:00:00+03:00,7,124.000000,0,0.000000,0,0.000000,8,1,7,0.000000,17.714286
167497,924960.000000,2019-11-15 00:00:00+03:00,3,35.000000,0,0.000000,0,0.000000,5,1,3,0.000000,11.666667
167497,924960.000000,2019-11-17 00:00:00+03:00,2,22.000000,0,0.000000,0,0.000000,2,1,2,0.000000,11.000000
167497,924960.000000,2019-11-18 00:00:00+03:00,0,0.000000,0,0.000000,0,0.000000,7,1,0,,
167497,924960.000000,2019-11-19 00:00:00+03:00,2,99.000000,0,0.000000,0,0.000000,4,1,2,0.000000,49.500000
167497,924960.000000,2019-11-20 00:00:00+03:00,1,10.000000,0,0.000000,0,0.000000,7,1,1,0.000000,10.000000
167497,924960.000000,2019-11-21 00:00:00+03:00,1,14.000000,0,0.000000,0,0.000000,4,1,1,0.000000,14.000000
167497,924960.000000,2019-11-22 00:00:00+03:00,3,32.000000,0,0.000000,0,0.000000,2,1,3,0.000000,10.666667
167497,924960.000000,2019-11-23 00:00:00+03:00,1,11.000000,0,0.000000,0,0.000000,0,1,1,0.000000,11.000000
167497,924960.000000,2019-11-24 00:00:00+03:00,0,0.000000,0,0.000000,0,0.000000,1,1,0,,
167497,924960.000000,2019-11-25 00:00:00+03:00,3,60.000000,0,0.000000,0,0.000000,4,1,3,0.000000,20.000000
167497,924960.000000,2019-11-26 00:00:00+03:00,3,79.000000,0,0.000000,0,0.000000,2,1,3,0.000000,26.333333
167497,924960.000000,2019-11-27 00:00:00+03:00,2,111.000000,0,0.000000,0,0.000000,2,1,2,0.000000,55.500000
167497,924960.000000,2019-11-28 00:00:00+03:00,3,38.000000,0,0.000000,0,0.000000,2,1,3,0.000000,12.666667
167497,932836.000000,2019-11-02 00:00:00+03:00,0,0.000000,0,0.000000,0,0.000000,5,1,0,,
167497,932836.000000,2019-11-03 00:00:00+03:00,0,0.000000,0,0.000000,0,0.000000,2,1,0,,
167497,932836.000000,2019-11-04 00:00:00+03:00,0,0.000000,0,0.000000,0,0.000000,1,1,0,,
167497,932836.000000,2019-11-07 00:00:00+03:00,0,0.000000,0,0.000000,0,0.000000,3,1,0,,
167497,932836.000000,2019-11-08 00:00:00+03:00,4,47.000000,0,0.000000,0,0.000000,9,1,4,0.000000,11.750000
167497,932836.000000,2019-11-09 00:00:00+03:00,0,0.000000,0,0.000000,0,0.000000,7,1,0,,
167497,932836.000000,2019-11-10 00:00:00+03:00,0,0.000000,0,0.000000,0,0.000000,0,1,0,,
167497,932836.000000,2019-11-11 00:00:00+03:00,0,0.000000,0,0.000000,0,0.000000,2,1,0,,
167497,932836.000000,2019-11-12 00:00:00+03:00,1,25.000000,0,0.000000,0,0.000000,30,1,1,0.000000,25.000000
167497,932836.000000,2019-11-13 00:00:00+03:00,1,6.000000,0,0.000000,0,0.000000,18,1,1,0.000000,6.000000
167497,932836.000000,2019-11-14 00:00:00+03:00,0,0.000000,0,0.000000,0,0.000000,15,1,0,,
167497,932836.000000,2019-11-15 00:00:00+03:00,1,12.000000,0,0.000000,0,0.000000,14,1,1,0.000000,12.000000
167497,932836.000000,2019-11-16 00:00:00+03:00,0,0.000000,0,0.000000,0,0.000000,6,1,0,,
167497,932836.000000,2019-11-18 00:00:00+03:00,0,0.000000,0,0.000000,0,0.000000,6,1,0,,
167497,932836.000000,2019-11-19 00:00:00+03:00,0,0.000000,0,0.000000,0,0.000000,5,1,0,,
167497,932836.000000,2019-11-21 00:00:00+03:00,2,14.000000,0,0.000000,0,0.000000,10,1,2,0.000000,7.000000
167497,932836.000000,2019-11-24 00:00:00+03:00,0,0.000000,0,0.000000,0,0.000000,2,1,0,,
167497,932836.000000,2019-11-25 00:00:00+03:00,3,26.000000,0,0.000000,0,0.000000,6,1,3,0.000000,8.666667
167497,932836.000000,2019-11-26 00:00:00+03:00,5,40.000000,0,0.000000,0,0.000000,11,1,5,0.000000,8.000000
167497,932836.000000,2019-11-27 00:00:00+03:00,1,29.000000,0,0.000000,0,0.000000,10,1,1,0.000000,29.000000
167497,932836.000000,2019-11-28 00:00:00+03:00,1,30.000000,0,0.000000,0,0.000000,0,1,1,0.000000,30.000000
167497,950672.000000,2019-11-01 00:00:00+03:00,0,0.000000,0,0.000000,0,0.000000,3,1,0,,
167497,950672.000000,2019-11-05 00:00:00+03:00,0,0.000000,0,0.000000,0,0.000000,1,1,0,,
167497,950672.000000,2019-11-08 00:00:00+03:00,0,0.000000,0,0.000000,0,0.000000,12,1,0,,
167497,950672.000000,2019-11-10 00:00:00+03:00,0,0.000000,0,0.000000,0,0.000000,1,1,0,,
167497,950672.000000,2019-11-11 00:00:00+03:00,0,0.000000,0,0.000000,0,0.000000,0,1,0,,
167497,950672.000000,2019-11-13 00:00:00+03:00,0,0.000000,0,0.000000,0,0.000000,3,1,0,,
167497,950672.000000,2019-11-14 00:00:00+03:00,0,0.000000,0,0.000000,0,0.000000,0,1,0,,
167497,950672.000000,2019-11-15 00:00:00+03:00,0,0.000000,0,0.000000,0,0.000000,5,1,0,,
167497,950672.000000,2019-11-19 00:00:00+03:00,0,0.000000,0,0.000000,0,0.000000,1,1,0,,
167497,950672.000000,2019-11-20 00:00:00+03:00,1,13.000000,0,0.000000,0,0.000000,0,1,1,0.000000,13.000000
167506,919956.000000,2019-11-19 00:00:00+03:00,1,11.000000,0,0.000000,0,0.000000,0,1,1,0.000000,11.000000
167506,919956.000000,2019-11-21 00:00:00+03:00,2,16.000000,0,0.000000,0,0.000000,0,1,2,0.000000,8.000000
167521,919790.000000,2019-11-01 00:00:00+03:00,44,1883.000000,0,0.000000,0,0.000000,0,1,44,0.000000,42.795455
167521,919790.000000,2019-11-02 00:00:00+03:00,47,1492.000000,0,0.000000,0,0.000000,0,1,47,0.000000,31.744681
167521,919790.000000,2019-11-03 00:00:00+03:00,45,1285.000000,0,0.000000,0,0.000000,0,1,45,0.000000,28.555556
167521,919790.000000,2019-11-04 00:00:00+03:00,37,1368.000000,0,0.000000,0,0.000000,0,1,37,0.000000,36.972973
167521,919790.000000,2019-11-05 00:00:00+03:00,71,2217.000000,0,0.000000,0,0.000000,0,1,71,0.000000,31.225352
167521,919790.000000,2019-11-06 00:00:00+03:00,50,1654.000000,0,0.000000,0,0.000000,0,1,50,0.000000,33.080000
167521,919790.000000,2019-11-07 00:00:00+03:00,31,1443.000000,0,0.000000,0,0.000000,0,1,31,0.000000,46.548387
167521,919790.000000,2019-11-08 00:00:00+03:00,68,2386.000000,0,0.000000,0,0.000000,0,1,68,0.000000,35.088235
167521,919790.000000,2019-11-09 00:00:00+03:00,48,1856.000000,0,0.000000,0,0.000000,2,1,48,0.000000,38.666667
167521,919790.000000,2019-11-10 00:00:00+03:00,1,30.000000,0,0.000000,0,0.000000,0,1,1,0.000000,30.000000
167521,919790.000000,2019-11-11 00:00:00+03:00,5,170.000000,0,0.000000,0,0.000000,0,1,5,0.000000,34.000000
167521,919790.000000,2019-11-12 00:00:00+03:00,14,382.000000,0,0.000000,0,0.000000,0,1,14,0.000000,27.285714
167521,919790.000000,2019-11-13 00:00:00+03:00,20,573.000000,0,0.000000,0,0.000000,0,1,20,0.000000,28.650000
167521,919790.000000,2019-11-14 00:00:00+03:00,63,1955.000000,0,0.000000,0,0.000000,0,1,63,0.000000,31.031746
167521,919790.000000,2019-11-15 00:00:00+03:00,40,1308.000000,0,0.000000,0,0.000000,0,1,40,0.000000,32.700000
167521,919790.000000,2019-11-16 00:00:00+03:00,29,842.000000,0,0.000000,0,0.000000,0,1,29,0.000000,29.034483
167521,919790.000000,2019-11-17 00:00:00+03:00,8,224.000000,0,0.000000,0,0.000000,0,1,8,0.000000,28.000000
167521,919790.000000,2019-11-18 00:00:00+03:00,3,68.000000,0,0.000000,0,0.000000,0,1,3,0.000000,22.666667
167521,919790.000000,2019-11-19 00:00:00+03:00,58,1994.000000,0,0.000000,0,0.000000,0,1,58,0.000000,34.379310
167521,919790.000000,2019-11-20 00:00:00+03:00,33,1023.000000,0,0.000000,0,0.000000,1,1,33,0.000000,31.000000
167521,919790.000000,2019-11-21 00:00:00+03:00,33,951.000000,0,0.000000,0,0.000000,1,1,33,0.000000,28.818182
167521,919790.000000,2019-11-22 00:00:00+03:00,58,1682.000000,0,0.000000,0,0.000000,0,1,58,0.000000,29.000000
167521,919790.000000,2019-11-23 00:00:00+03:00,6,152.000000,0,0.000000,0,0.000000,0,1,6,0.000000,25.333333
167521,919790.000000,2019-11-24 00:00:00+03:00,14,380.000000,0,0.000000,0,0.000000,1,1,14,0.000000,27.142857
167521,919790.000000,2019-11-25 00:00:00+03:00,13,309.000000,0,0.000000,0,0.000000,0,1,13,0.000000,23.769231
167521,919790.000000,2019-11-26 00:00:00+03:00,90,2470.000000,0,0.000000,0,0.000000,0,1,90,0.000000,27.444444
167521,919790.000000,2019-11-27 00:00:00+03:00,38,1027.000000,0,0.000000,0,0.000000,0,1,38,0.000000,27.026316
167521,919790.000000,2019-11-28 00:00:00+03:00,4,146.000000,0,0.000000,0,0.000000,0,1,4,0.000000,36.500000
167521,919792.000000,2019-11-01 00:00:00+03:00,24,768.000000,0,0.000000,0,0.000000,2,1,24,0.000000,32.000000
167521,919792.000000,2019-11-02 00:00:00+03:00,29,899.000000,0,0.000000,0,0.000000,1,1,29,0.000000,31.000000
167521,919792.000000,2019-11-03 00:00:00+03:00,12,317.000000,0,0.000000,0,0.000000,0,1,12,0.000000,26.416667
167521,919792.000000,2019-11-04 00:00:00+03:00,33,892.000000,0,0.000000,0,0.000000,4,1,33,0.000000,27.030303
167521,919792.000000,2019-11-05 00:00:00+03:00,19,489.000000,0,0.000000,0,0.000000,6,1,19,0.000000,25.736842
167521,919792.000000,2019-11-06 00:00:00+03:00,14,390.000000,0,0.000000,0,0.000000,1,1,14,0.000000,27.857143
167521,919792.000000,2019-11-07 00:00:00+03:00,17,475.000000,0,0.000000,0,0.000000,2,1,17,0.000000,27.941176
167521,919792.000000,2019-11-08 00:00:00+03:00,32,842.000000,2,126.000000,0,0.000000,4,1,34,0.058824,26.312500
167521,919792.000000,2019-11-09 00:00:00+03:00,15,733.000000,0,0.000000,0,0.000000,2,1,15,0.000000,48.866667
167521,919792.000000,2019-11-10 00:00:00+03:00,19,832.000000,0,0.000000,0,0.000000,0,1,19,0.000000,43.789474
167521,919792.000000,2019-11-11 00:00:00+03:00,4,99.000000,0,0.000000,0,0.000000,0,1,4,0.000000,24.750000
167521,919792.000000,2019-11-12 00:00:00+03:00,6,247.000000,0,0.000000,0,0.000000,1,1,6,0.000000,41.166667
167521,919792.000000,2019-11-14 00:00:00+03:00,4,98.000000,0,0.000000,0,0.000000,3,1,4,0.000000,24.500000
167521,919792.000000,2019-11-15 00:00:00+03:00,3,92.000000,0,0.000000,0,0.000000,1,1,3,0.000000,30.666667
167521,919792.000000,2019-11-17 00:00:00+03:00,1,19.000000,0,0.000000,0,0.000000,0,1,1,0.000000,19.000000
167521,919792.000000,2019-11-18 00:00:00+03:00,6,155.000000,0,0.000000,0,0.000000,0,1,6,0.000000,25.833333
167521,919792.000000,2019-11-19 00:00:00+03:00,7,220.000000,0,0.000000,0,0.000000,2,1,7,0.000000,31.428571
167521,919792.000000,2019-11-20 00:00:00+03:00,24,732.000000,0,0.000000,0,0.000000,1,1,24,0.000000,30.500000
167521,919792.000000,2019-11-21 00:00:00+03:00,12,335.000000,0,0.000000,0,0.000000,2,1,12,0.000000,27.916667
167521,919792.000000,2019-11-22 00:00:00+03:00,16,425.000000,0,0.000000,0,0.000000,0,1,16,0.000000,26.562500
167521,919792.000000,2019-11-23 00:00:00+03:00,16,403.000000,0,0.000000,0,0.000000,0,1,16,0.000000,25.187500
167521,919792.000000,2019-11-26 00:00:00+03:00,3,73.000000,0,0.000000,0,0.000000,0,1,3,0.000000,24.333333
167521,919792.000000,2019-11-27 00:00:00+03:00,14,343.000000,0,0.000000,0,0.000000,0,1,14,0.000000,24.500000
167521,919792.000000,2019-11-28 00:00:00+03:00,8,250.000000,0,0.000000,0,0.000000,0,1,8,0.000000,31.250000
167521,919794.000000,2019-11-10 00:00:00+03:00,29,618.000000,0,0.000000,0,0.000000,0,1,29,0.000000,21.310345
167521,919794.000000,2019-11-11 00:00:00+03:00,24,547.000000,0,0.000000,0,0.000000,0,1,24,0.000000,22.791667
167521,919794.000000,2019-11-12 00:00:00+03:00,31,774.000000,0,0.000000,0,0.000000,0,1,31,0.000000,24.967742
167521,919794.000000,2019-11-13 00:00:00+03:00,59,1663.000000,0,0.000000,0,0.000000,2,1,59,0.000000,28.186441
167521,919794.000000,2019-11-16 00:00:00+03:00,30,715.000000,0,0.000000,0,0.000000,0,1,30,0.000000,23.833333
167521,919794.000000,2019-11-17 00:00:00+03:00,86,2066.000000,0,0.000000,0,0.000000,3,1,86,0.000000,24.023256
167521,919794.000000,2019-11-18 00:00:00+03:00,36,965.000000,0,0.000000,0,0.000000,8,1,36,0.000000,26.805556
167521,919794.000000,2019-11-23 00:00:00+03:00,33,971.000000,0,0.000000,0,0.000000,0,1,33,0.000000,29.424242
167521,919794.000000,2019-11-24 00:00:00+03:00,31,857.000000,0,0.000000,0,0.000000,1,1,31,0.000000,27.645161
167521,919794.000000,2019-11-25 00:00:00+03:00,64,1505.000000,0,0.000000,0,0.000000,0,1,64,0.000000,23.515625
167521,919794.000000,2019-11-28 00:00:00+03:00,74,1586.000000,0,0.000000,0,0.000000,0,1,74,0.000000,21.432432
167521,944210.000000,2019-11-01 00:00:00+03:00,2,24.000000,0,0.000000,0,0.000000,0,1,2,0.000000,12.000000
167521,944210.000000,2019-11-05 00:00:00+03:00,0,0.000000,0,0.000000,0,0.000000,4,1,0,,
167521,944210.000000,2019-11-06 00:00:00+03:00,1,9.000000,0,0.000000,0,0.000000,1,1,1,0.000000,9.000000
167521,944210.000000,2019-11-07 00:00:00+03:00,9,96.000000,0,0.000000,0,0.000000,3,1,9,0.000000,10.666667
167521,944210.000000,2019-11-08 00:00:00+03:00,1,19.000000,0,0.000000,0,0.000000,0,1,1,0.000000,19.000000
167521,944210.000000,2019-11-11 00:00:00+03:00,2,22.000000,0,0.000000,0,0.000000,9,1,2,0.000000,11.000000
167521,944210.000000,2019-11-12 00:00:00+03:00,14,150.000000,0,0.000000,0,0.000000,6,1,14,0.000000,10.714286
167521,944210.000000,2019-11-13 00:00:00+03:00,3,32.000000,0,0.000000,0,0.000000,14,1,3,0.000000,10.666667
167521,944210.000000,2019-11-14 00:00:00+03:00,12,416.000000,0,0.000000,0,0.000000,12,1,12,0.000000,34.666667
167521,944210.000000,2019-11-15 00:00:00+03:00,10,430.000000,0,0.000000,0,0.000000,0,1,10,0.000000,43.000000
167521,944210.000000,2019-11-18 00:00:00+03:00,4,152.000000,0,0.000000,0,0.000000,0,1,4,0.000000,38.000000
167521,944210.000000,2019-11-19 00:00:00+03:00,12,551.000000,0,0.000000,0,0.000000,1,1,12,0.000000,45.916667
167521,944210.000000,2019-11-20 00:00:00+03:00,10,524.000000,0,0.000000,0,0.000000,0,1,10,0.000000,52.400000
167521,944210.000000,2019-11-21 00:00:00+03:00,3,180.000000,0,0.000000,0,0.000000,0,1,3,0.000000,60.000000
167521,944210.000000,2019-11-22 00:00:00+03:00,12,488.000000,0,0.000000,0,0.000000,1,1,12,0.000000,40.666667
167521,944210.000000,2019-11-25 00:00:00+03:00,1,41.000000,0,0.000000,0,0.000000,0,1,1,0.000000,41.000000
167521,944210.000000,2019-11-26 00:00:00+03:00,18,639.000000,0,0.000000,0,0.000000,0,1,18,0.000000,35.500000
167521,944210.000000,2019-11-27 00:00:00+03:00,13,603.000000,0,0.000000,0,0.000000,0,1,13,0.000000,46.384615
167521,944210.000000,2019-11-28 00:00:00+03:00,5,294.000000,0,0.000000,0,0.000000,0,1,5,0.000000,58.800000
167521,944228.000000,2019-11-13 00:00:00+03:00,1,12.000000,0,0.000000,0,0.000000,0,1,1,0.000000,12.000000
167521,944228.000000,2019-11-14 00:00:00+03:00,1,14.000000,0,0.000000,0,0.000000,0,1,1,0.000000,14.000000
167521,944228.000000,2019-11-18 00:00:00+03:00,2,118.000000,0,0.000000,0,0.000000,0,1,2,0.000000,59.000000
167521,944228.000000,2019-11-19 00:00:00+03:00,2,134.000000,0,0.000000,0,0.000000,2,1,2,0.000000,67.000000
167521,944228.000000,2019-11-20 00:00:00+03:00,1,63.000000,0,0.000000,0,0.000000,0,1,1,0.000000,63.000000
167521,944228.000000,2019-11-21 00:00:00+03:00,13,623.000000,0,0.000000,0,0.000000,3,1,13,0.000000,47.923077
167521,944228.000000,2019-11-22 00:00:00+03:00,1,24.000000,0,0.000000,0,0.000000,0,1,1,0.000000,24.000000
167521,944228.000000,2019-11-25 00:00:00+03:00,5,194.000000,0,0.000000,0,0.000000,0,1,5,0.000000,38.800000
167521,944228.000000,2019-11-26 00:00:00+03:00,3,219.000000,0,0.000000,0,0.000000,0,1,3,0.000000,73.000000
167521,944228.000000,2019-11-28 00:00:00+03:00,2,138.000000,0,0.000000,0,0.000000,0,1,2,0.000000,69.000000
167521,944246.000000,2019-11-15 00:00:00+03:00,1,43.000000,0,0.000000,0,0.000000,0,1,1,0.000000,43.000000
167521,944246.000000,2019-11-18 00:00:00+03:00,1,21.000000,0,0.000000,0,0.000000,0,1,1,0.000000,21.000000
167521,944246.000000,2019-11-20 00:00:00+03:00,2,69.000000,0,0.000000,0,0.000000,1,1,2,0.000000,34.500000
167521,944246.000000,2019-11-21 00:00:00+03:00,3,121.000000,0,0.000000,0,0.000000,0,1,3,0.000000,40.333333
167521,944246.000000,2019-11-25 00:00:00+03:00,2,79.000000,0,0.000000,0,0.000000,0,1,2,0.000000,39.500000
167521,944560.000000,2019-11-18 00:00:00+03:00,0,0.000000,0,0.000000,0,0.000000,1,1,0,,
167521,944560.000000,2019-11-21 00:00:00+03:00,1,16.000000,0,0.000000,0,0.000000,0,1,1,0.000000,16.000000
167521,944560.000000,2019-11-22 00:00:00+03:00,1,22.000000,0,0.000000,0,0.000000,0,1,1,0.000000,22.000000
167521,944560.000000,2019-11-28 00:00:00+03:00,3,51.000000,0,0.000000,0,0.000000,0,1,3,0.000000,17.000000
167521,944808.000000,2019-11-04 00:00:00+03:00,1,1.000000,0,0.000000,0,0.000000,0,1,1,0.000000,1.000000
167521,944808.000000,2019-11-05 00:00:00+03:00,50,102.000000,0,0.000000,0,0.000000,0,1,50,0.000000,2.040000
167521,944808.000000,2019-11-06 00:00:00+03:00,12,26.000000,0,0.000000,0,0.000000,0,1,12,0.000000,2.166667
167521,944808.000000,2019-11-07 00:00:00+03:00,15,40.000000,0,0.000000,0,0.000000,0,1,15,0.000000,2.666667
167521,944808.000000,2019-11-08 00:00:00+03:00,16,40.000000,0,0.000000,0,0.000000,0,1,16,0.000000,2.500000
167521,944808.000000,2019-11-09 00:00:00+03:00,11,16.000000,0,0.000000,0,0.000000,0,1,11,0.000000,1.454545
167521,944808.000000,2019-11-10 00:00:00+03:00,5,5.000000,0,0.000000,0,0.000000,0,1,5,0.000000,1.000000
167521,944808.000000,2019-11-11 00:00:00+03:00,15,36.000000,0,0.000000,0,0.000000,0,1,15,0.000000,2.400000
167521,944808.000000,2019-11-12 00:00:00+03:00,18,46.000000,0,0.000000,0,0.000000,0,1,18,0.000000,2.555556
167521,944808.000000,2019-11-13 00:00:00+03:00,12,36.000000,0,0.000000,0,0.000000,0,1,12,0.000000,3.000000
167521,944808.000000,2019-11-14 00:00:00+03:00,18,37.000000,0,0.000000,0,0.000000,0,1,18,0.000000,2.055556
167521,944808.000000,2019-11-15 00:00:00+03:00,3,5.000000,0,0.000000,0,0.000000,0,1,3,0.000000,1.666667
167521,944808.000000,2019-11-16 00:00:00+03:00,6,7.000000,0,0.000000,0,0.000000,0,1,6,0.000000,1.166667
167521,944808.000000,2019-11-17 00:00:00+03:00,4,5.000000,0,0.000000,0,0.000000,0,1,4,0.000000,1.250000
167521,944808.000000,2019-11-18 00:00:00+03:00,19,59.000000,0,0.000000,0,0.000000,0,1,19,0.000000,3.105263
167521,944808.000000,2019-11-19 00:00:00+03:00,7,23.000000,0,0.000000,0,0.000000,0,1,7,0.000000,3.285714
167521,944808.000000,2019-11-20 00:00:00+03:00,12,31.000000,0,0.000000,0,0.000000,0,1,12,0.000000,2.583333
167521,944808.000000,2019-11-21 00:00:00+03:00,5,8.000000,0,0.000000,0,0.000000,0,1,5,0.000000,1.600000
167521,944808.000000,2019-11-22 00:00:00+03:00,3,8.000000,0,0.000000,0,0.000000,0,1,3,0.000000,2.666667
167521,944808.000000,2019-11-24 00:00:00+03:00,2,2.000000,0,0.000000,0,0.000000,0,1,2,0.000000,1.000000
167521,944808.000000,2019-11-25 00:00:00+03:00,1,1.000000,0,0.000000,0,0.000000,0,1,1,0.000000,1.000000
167521,944808.000000,2019-11-26 00:00:00+03:00,1,2.000000,0,0.000000,0,0.000000,0,1,1,0.000000,2.000000
167521,944808.000000,2019-11-27 00:00:00+03:00,2,2.000000,0,0.000000,0,0.000000,0,1,2,0.000000,1.000000
167521,944808.000000,2019-11-28 00:00:00+03:00,5,9.000000,0,0.000000,0,0.000000,0,1,5,0.000000,1.800000
167521,946916.000000,2019-11-16 00:00:00+03:00,7,87.000000,0,0.000000,0,0.000000,0,1,7,0.000000,12.428571
167521,946916.000000,2019-11-17 00:00:00+03:00,4,38.000000,0,0.000000,0,0.000000,0,1,4,0.000000,9.500000
167521,946916.000000,2019-11-19 00:00:00+03:00,2,104.000000,0,0.000000,0,0.000000,0,1,2,0.000000,52.000000
167521,946916.000000,2019-11-20 00:00:00+03:00,4,76.000000,0,0.000000,0,0.000000,0,1,4,0.000000,19.000000
167521,946916.000000,2019-11-23 00:00:00+03:00,2,14.000000,0,0.000000,0,0.000000,0,1,2,0.000000,7.000000
167521,946916.000000,2019-11-24 00:00:00+03:00,1,7.000000,0,0.000000,0,0.000000,0,1,1,0.000000,7.000000
167521,946916.000000,2019-11-27 00:00:00+03:00,4,115.000000,0,0.000000,0,0.000000,0,1,4,0.000000,28.750000
167521,956664.000000,2019-11-07 00:00:00+03:00,1,9.000000,0,0.000000,0,0.000000,0,1,1,0.000000,9.000000
167521,961770.000000,2019-11-14 00:00:00+03:00,8,93.000000,0,0.000000,0,0.000000,0,1,8,0.000000,11.625000
167521,961770.000000,2019-11-15 00:00:00+03:00,7,82.000000,0,0.000000,0,0.000000,0,1,7,0.000000,11.714286
167521,961770.000000,2019-11-16 00:00:00+03:00,4,27.000000,0,0.000000,0,0.000000,0,1,4,0.000000,6.750000
167521,961770.000000,2019-11-17 00:00:00+03:00,4,39.000000,0,0.000000,0,0.000000,0,1,4,0.000000,9.750000
167521,961770.000000,2019-11-18 00:00:00+03:00,3,38.000000,0,0.000000,0,0.000000,0,1,3,0.000000,12.666667
167521,961770.000000,2019-11-19 00:00:00+03:00,3,39.000000,0,0.000000,0,0.000000,0,1,3,0.000000,13.000000
167521,961770.000000,2019-11-20 00:00:00+03:00,6,64.000000,0,0.000000,0,0.000000,0,1,6,0.000000,10.666667
167521,961770.000000,2019-11-21 00:00:00+03:00,3,35.000000,0,0.000000,0,0.000000,0,1,3,0.000000,11.666667
167521,961770.000000,2019-11-22 00:00:00+03:00,5,61.000000,0,0.000000,0,0.000000,0,1,5,0.000000,12.200000
167521,961770.000000,2019-11-23 00:00:00+03:00,8,84.000000,0,0.000000,0,0.000000,0,1,8,0.000000,10.500000
167521,961770.000000,2019-11-24 00:00:00+03:00,7,71.000000,0,0.000000,0,0.000000,0,1,7,0.000000,10.142857
167521,961770.000000,2019-11-25 00:00:00+03:00,10,113.000000,0,0.000000,0,0.000000,0,1,10,0.000000,11.300000
167521,961770.000000,2019-11-26 00:00:00+03:00,6,48.000000,0,0.000000,0,0.000000,0,1,6,0.000000,8.000000
167521,961770.000000,2019-11-27 00:00:00+03:00,6,72.000000,0,0.000000,0,0.000000,0,1,6,0.000000,12.000000
167521,961770.000000,2019-11-28 00:00:00+03:00,2,24.000000,0,0.000000,0,0.000000,0,1,2,0.000000,12.000000
167521,962268.000000,2019-11-14 00:00:00+03:00,1,15.000000,0,0.000000,0,0.000000,2,1,1,0.000000,15.000000
167521,962268.000000,2019-11-15 00:00:00+03:00,6,74.000000,0,0.000000,0,0.000000,31,1,6,0.000000,12.333333
167521,962268.000000,2019-11-18 00:00:00+03:00,2,28.000000,0,0.000000,0,0.000000,16,1,2,0.000000,14.000000
167521,962268.000000,2019-11-19 00:00:00+03:00,2,26.000000,0,0.000000,0,0.000000,3,1,2,0.000000,13.000000
167521,962268.000000,2019-11-20 00:00:00+03:00,5,68.000000,0,0.000000,0,0.000000,10,1,5,0.000000,13.600000
167521,962268.000000,2019-11-21 00:00:00+03:00,7,144.000000,0,0.000000,0,0.000000,7,1,7,0.000000,20.571429
167521,962268.000000,2019-11-22 00:00:00+03:00,5,124.000000,0,0.000000,0,0.000000,11,1,5,0.000000,24.800000
167521,962268.000000,2019-11-25 00:00:00+03:00,4,53.000000,0,0.000000,0,0.000000,16,1,4,0.000000,13.250000
167521,962268.000000,2019-11-26 00:00:00+03:00,8,102.000000,0,0.000000,0,0.000000,9,1,8,0.000000,12.750000
167521,962268.000000,2019-11-27 00:00:00+03:00,2,42.000000,0,0.000000,0,0.000000,1,1,2,0.000000,21.000000
167521,962268.000000,2019-11-28 00:00:00+03:00,3,54.000000,0,0.000000,0,0.000000,0,1,3,0.000000,18.000000
167532,917846.000000,2019-11-05 00:00:00+03:00,0,0.000000,0,0.000000,0,0.000000,1,1,0,,
167532,917846.000000,2019-11-27 00:00:00+03:00,0,0.000000,0,0.000000,0,0.000000,1,1,0,,
167532,917846.000000,2019-11-28 00:00:00+03:00,0,0.000000,0,0.000000,0,0.000000,2,1,0,,
167532,917850.000000,2019-11-01 00:00:00+03:00,1,17.000000,0,0.000000,0,0.000000,0,1,1,0.000000,17.000000
167532,917850.000000,2019-11-05 00:00:00+03:00,3,51.000000,0,0.000000,0,0.000000,0,1,3,0.000000,17.000000
167532,917850.000000,2019-11-06 00:00:00+03:00,9,157.000000,0,0.000000,0,0.000000,3,1,9,0.000000,17.444444
167532,917850.000000,2019-11-07 00:00:00+03:00,1,16.000000,0,0.000000,0,0.000000,0,1,1,0.000000,16.000000
167532,917850.000000,2019-11-11 00:00:00+03:00,5,85.000000,0,0.000000,0,0.000000,0,1,5,0.000000,17.000000
167532,917850.000000,2019-11-12 00:00:00+03:00,7,118.000000,0,0.000000,0,0.000000,4,1,7,0.000000,16.857143
167532,917850.000000,2019-11-13 00:00:00+03:00,6,103.000000,0,0.000000,0,0.000000,0,1,6,0.000000,17.166667
167532,917850.000000,2019-11-14 00:00:00+03:00,4,69.000000,0,0.000000,0,0.000000,1,1,4,0.000000,17.250000
167532,917850.000000,2019-11-15 00:00:00+03:00,4,68.000000,0,0.000000,0,0.000000,0,1,4,0.000000,17.000000
167532,917850.000000,2019-11-18 00:00:00+03:00,2,35.000000,0,0.000000,0,0.000000,2,1,2,0.000000,17.500000
167532,917850.000000,2019-11-19 00:00:00+03:00,2,33.000000,0,0.000000,0,0.000000,0,1,2,0.000000,16.500000
167532,917850.000000,2019-11-20 00:00:00+03:00,1,17.000000,0,0.000000,0,0.000000,1,1,1,0.000000,17.000000
167532,917850.000000,2019-11-21 00:00:00+03:00,6,100.000000,0,0.000000,0,0.000000,1,1,6,0.000000,16.666667
167532,917850.000000,2019-11-22 00:00:00+03:00,2,43.000000,0,0.000000,0,0.000000,0,1,2,0.000000,21.500000
167532,917850.000000,2019-11-25 00:00:00+03:00,6,107.000000,0,0.000000,0,0.000000,3,1,6,0.000000,17.833333
167532,917850.000000,2019-11-26 00:00:00+03:00,1,17.000000,0,0.000000,0,0.000000,0,1,1,0.000000,17.000000
167532,917850.000000,2019-11-27 00:00:00+03:00,6,99.000000,0,0.000000,0,0.000000,17,1,6,0.000000,16.500000
167532,917850.000000,2019-11-28 00:00:00+03:00,10,174.000000,0,0.000000,0,0.000000,11,1,10,0.000000,17.400000
167532,917852.000000,2019-11-01 00:00:00+03:00,5,96.000000,0,0.000000,0,0.000000,16,1,5,0.000000,19.200000
167532,917852.000000,2019-11-05 00:00:00+03:00,8,171.000000,0,0.000000,0,0.000000,25,1,8,0.000000,21.375000
167532,917852.000000,2019-11-06 00:00:00+03:00,18,364.000000,0,0.000000,0,0.000000,25,1,18,0.000000,20.222222
167532,917852.000000,2019-11-07 00:00:00+03:00,16,301.000000,0,0.000000,0,0.000000,20,1,16,0.000000,18.812500
167532,917852.000000,2019-11-08 00:00:00+03:00,15,374.000000,0,0.000000,0,0.000000,29,1,15,0.000000,24.933333
167532,917852.000000,2019-11-11 00:00:00+03:00,6,126.000000,0,0.000000,0,0.000000,23,1,6,0.000000,21.000000
167532,917852.000000,2019-11-12 00:00:00+03:00,6,112.000000,0,0.000000,0,0.000000,36,1,6,0.000000,18.666667
167532,917852.000000,2019-11-13 00:00:00+03:00,4,64.000000,0,0.000000,0,0.000000,33,1,4,0.000000,16.000000
167532,917852.000000,2019-11-14 00:00:00+03:00,12,239.000000,0,0.000000,0,0.000000,20,1,12,0.000000,19.916667
167532,917852.000000,2019-11-15 00:00:00+03:00,6,175.000000,0,0.000000,0,0.000000,6,1,6,0.000000,29.166667
167532,917852.000000,2019-11-18 00:00:00+03:00,11,188.000000,0,0.000000,0,0.000000,21,1,11,0.000000,17.090909
167532,917852.000000,2019-11-19 00:00:00+03:00,30,638.000000,0,0.000000,0,0.000000,58,1,30,0.000000,21.266667
167532,917852.000000,2019-11-20 00:00:00+03:00,13,248.000000,0,0.000000,0,0.000000,32,1,13,0.000000,19.076923
167532,917852.000000,2019-11-21 00:00:00+03:00,17,327.000000,0,0.000000,0,0.000000,26,1,17,0.000000,19.235294
167532,917852.000000,2019-11-22 00:00:00+03:00,11,202.000000,0,0.000000,0,0.000000,24,1,11,0.000000,18.363636
167532,917852.000000,2019-11-25 00:00:00+03:00,4,73.000000,0,0.000000,0,0.000000,30,1,4,0.000000,18.250000
167532,917852.000000,2019-11-26 00:00:00+03:00,12,288.000000,0,0.000000,0,0.000000,40,1,12,0.000000,24.000000
167532,917852.000000,2019-11-27 00:00:00+03:00,7,148.000000,0,0.000000,0,0.000000,2,1,7,0.000000,21.142857
167532,917852.000000,2019-11-28 00:00:00+03:00,9,159.000000,0,0.000000,0,0.000000,22,1,9,0.000000,17.666667
167532,917856.000000,2019-11-05 00:00:00+03:00,0,0.000000,0,0.000000,0,0.000000,1,1,0,,
167532,917856.000000,2019-11-06 00:00:00+03:00,0,0.000000,0,0.000000,0,0.000000,1,1,0,,
167532,917856.000000,2019-11-12 00:00:00+03:00,0,0.000000,0,0.000000,0,0.000000,4,1,0,,
167532,917856.000000,2019-11-14 00:00:00+03:00,0,0.000000,0,0.000000,0,0.000000,1,1,0,,
167532,917856.000000,2019-11-21 00:00:00+03:00,0,0.000000,0,0.000000,0,0.000000,1,1,0,,
167532,917856.000000,2019-11-22 00:00:00+03:00,0,0.000000,0,0.000000,0,0.000000,6,1,0,,
167532,917856.000000,2019-11-26 00:00:00+03:00,0,0.000000,0,0.000000,0,0.000000,1,1,0,,
167532,917856.000000,2019-11-28 00:00:00+03:00,0,0.000000,0,0.000000,0,0.000000,2,1,0,,
167533,917876.000000,2019-11-05 00:00:00+03:00,2,19.000000,0,0.000000,0,0.000000,0,1,2,0.000000,9.500000
167533,917876.000000,2019-11-07 00:00:00+03:00,1,10.000000,0,0.000000,0,0.000000,1,1,1,0.000000,10.000000
167534,929332.000000,2019-11-14 00:00:00+03:00,1,24.000000,0,0.000000,0,0.000000,0,1,1,0.000000,24.000000
167534,929340.000000,2019-11-26 00:00:00+03:00,1,57.000000,0,0.000000,0,0.000000,0,1,1,0.000000,57.000000
167543,928382.000000,2019-11-13 00:00:00+03:00,0,0.000000,0,0.000000,0,0.000000,2,1,0,,
167543,928382.000000,2019-11-18 00:00:00+03:00,2,5.000000,0,0.000000,0,0.000000,3,1,2,0.000000,2.500000
167543,928382.000000,2019-11-20 00:00:00+03:00,1,2.000000,0,0.000000,0,0.000000,2,1,1,0.000000,2.000000
167543,928382.000000,2019-11-23 00:00:00+03:00,2,8.000000,0,0.000000,0,0.000000,0,1,2,0.000000,4.000000
167545,916618.000000,2019-11-01 00:00:00+03:00,0,0.000000,0,0.000000,0,0.000000,14,1,0,,
167545,916618.000000,2019-11-06 00:00:00+03:00,1,23.000000,0,0.000000,0,0.000000,0,1,1,0.000000,23.000000
167545,916618.000000,2019-11-07 00:00:00+03:00,1,22.000000,0,0.000000,0,0.000000,0,1,1,0.000000,22.000000
167545,916618.000000,2019-11-08 00:00:00+03:00,1,20.000000,0,0.000000,0,0.000000,0,1,1,0.000000,20.000000
167545,916618.000000,2019-11-11 00:00:00+03:00,2,44.000000,0,0.000000,0,0.000000,0,1,2,0.000000,22.000000
167545,916618.000000,2019-11-12 00:00:00+03:00,1,26.000000,0,0.000000,0,0.000000,0,1,1,0.000000,26.000000
167545,916618.000000,2019-11-13 00:00:00+03:00,4,51.000000,0,0.000000,0,0.000000,0,1,4,0.000000,12.750000
167545,916618.000000,2019-11-14 00:00:00+03:00,2,23.000000,0,0.000000,0,0.000000,0,1,2,0.000000,11.500000
167545,916618.000000,2019-11-15 00:00:00+03:00,4,54.000000,0,0.000000,0,0.000000,0,1,4,0.000000,13.500000
167545,916618.000000,2019-11-18 00:00:00+03:00,1,54.000000,0,0.000000,0,0.000000,0,1,1,0.000000,54.000000
167545,916618.000000,2019-11-19 00:00:00+03:00,1,36.000000,0,0.000000,0,0.000000,0,1,1,0.000000,36.000000
167545,916618.000000,2019-11-20 00:00:00+03:00,2,29.000000,0,0.000000,0,0.000000,0,1,2,0.000000,14.500000
167545,916618.000000,2019-11-21 00:00:00+03:00,4,118.000000,0,0.000000,0,0.000000,0,1,4,0.000000,29.500000
167545,916618.000000,2019-11-23 00:00:00+03:00,4,161.000000,0,0.000000,0,0.000000,0,1,4,0.000000,40.250000
167545,916618.000000,2019-11-25 00:00:00+03:00,1,20.000000,0,0.000000,0,0.000000,0,1,1,0.000000,20.000000
167545,916618.000000,2019-11-27 00:00:00+03:00,1,10.000000,0,0.000000,0,0.000000,0,1,1,0.000000,10.000000
167545,964510.000000,2019-11-18 00:00:00+03:00,0,0.000000,0,0.000000,0,0.000000,11,1,0,,
167545,964510.000000,2019-11-20 00:00:00+03:00,2,27.000000,0,0.000000,0,0.000000,20,1,2,0.000000,13.500000
167545,964510.000000,2019-11-21 00:00:00+03:00,1,8.000000,2,60.000000,0,0.000000,44,1,3,0.666667,8.000000
167545,964510.000000,2019-11-22 00:00:00+03:00,5,52.000000,0,0.000000,0,0.000000,11,1,5,0.000000,10.400000
167545,964510.000000,2019-11-25 00:00:00+03:00,2,36.000000,0,0.000000,0,0.000000,10,1,2,0.000000,18.000000
167545,964510.000000,2019-11-26 00:00:00+03:00,4,37.000000,0,0.000000,0,0.000000,4,1,4,0.000000,9.250000
167545,964510.000000,2019-11-27 00:00:00+03:00,0,0.000000,0,0.000000,0,0.000000,28,1,0,,
167545,964510.000000,2019-11-28 00:00:00+03:00,0,0.000000,0,0.000000,0,0.000000,12,1,0,,
167575,926872.000000,2019-11-03 00:00:00+03:00,1,1.000000,0,0.000000,0,0.000000,0,1,1,0.000000,1.000000
167575,926872.000000,2019-11-04 00:00:00+03:00,2,2.000000,0,0.000000,0,0.000000,1,1,2,0.000000,1.000000
167575,926872.000000,2019-11-16 00:00:00+03:00,1,1.000000,0,0.000000,0,0.000000,0,1,1,0.000000,1.000000
167575,926872.000000,2019-11-20 00:00:00+03:00,2,2.000000,0,0.000000,0,0.000000,0,1,2,0.000000,1.000000
167575,926872.000000,2019-11-21 00:00:00+03:00,2,2.000000,0,0.000000,0,0.000000,0,1,2,0.000000,1.000000
167575,926872.000000,2019-11-24 00:00:00+03:00,2,1.000000,0,0.000000,0,0.000000,0,1,2,0.000000,0.500000
167575,926872.000000,2019-11-25 00:00:00+03:00,1,1.000000,0,0.000000,0,0.000000,2,1,1,0.000000,1.000000
167580,936382.000000,2019-11-01 00:00:00+03:00,0,0.000000,0,0.000000,0,0.000000,12,1,0,,
167580,936382.000000,2019-11-06 00:00:00+03:00,0,0.000000,0,0.000000,0,0.000000,2,1,0,,
167580,936382.000000,2019-11-07 00:00:00+03:00,0,0.000000,0,0.000000,0,0.000000,48,1,0,,
167580,936382.000000,2019-11-08 00:00:00+03:00,1,39.000000,0,0.000000,0,0.000000,26,1,1,0.000000,39.000000
167580,936382.000000,2019-11-11 00:00:00+03:00,0,0.000000,0,0.000000,0,0.000000,10,1,0,,
167580,937156.000000,2019-11-08 00:00:00+03:00,0,0.000000,0,0.000000,0,0.000000,3,1,0,,
167580,937156.000000,2019-11-12 00:00:00+03:00,0,0.000000,0,0.000000,0,0.000000,38,1,0,,
167580,937156.000000,2019-11-13 00:00:00+03:00,0,0.000000,0,0.000000,0,0.000000,1,1,0,,
167580,937352.000000,2019-11-04 00:00:00+03:00,0,0.000000,0,0.000000,0,0.000000,3,1,0,,
167580,937352.000000,2019-11-06 00:00:00+03:00,0,0.000000,0,0.000000,0,0.000000,2,1,0,,
167580,937352.000000,2019-11-07 00:00:00+03:00,0,0.000000,0,0.000000,0,0.000000,2,1,0,,
167580,937352.000000,2019-11-08 00:00:00+03:00,0,0.000000,0,0.000000,0,0.000000,3,1,0,,
167580,937352.000000,2019-11-19 00:00:00+03:00,0,0.000000,0,0.000000,0,0.000000,3,1,0,,
167580,937352.000000,2019-11-20 00:00:00+03:00,0,0.000000,0,0.000000,0,0.000000,3,1,0,,
167580,937362.000000,2019-11-08 00:00:00+03:00,0,0.000000,0,0.000000,0,0.000000,0,1,0,,
167580,937362.000000,2019-11-11 00:00:00+03:00,3,147.000000,0,0.000000,0,0.000000,0,1,3,0.000000,49.000000
167580,937362.000000,2019-11-12 00:00:00+03:00,2,106.000000,0,0.000000,0,0.000000,1,1,2,0.000000,53.000000
167580,937366.000000,2019-11-08 00:00:00+03:00,0,0.000000,0,0.000000,0,0.000000,2,1,0,,
167580,937366.000000,2019-11-12 00:00:00+03:00,2,97.000000,0,0.000000,0,0.000000,0,1,2,0.000000,48.500000
167580,937366.000000,2019-11-13 00:00:00+03:00,1,64.000000,0,0.000000,0,0.000000,0,1,1,0.000000,64.000000
167580,937368.000000,2019-11-06 00:00:00+03:00,0,0.000000,0,0.000000,0,0.000000,2,1,0,,
167580,937368.000000,2019-11-07 00:00:00+03:00,4,162.000000,0,0.000000,0,0.000000,0,1,4,0.000000,40.500000
167580,937368.000000,2019-11-08 00:00:00+03:00,2,71.000000,3,225.000000,0,0.000000,0,1,5,0.600000,35.500000
167580,937370.000000,2019-11-08 00:00:00+03:00,0,0.000000,0,0.000000,0,0.000000,0,1,0,,
167580,937374.000000,2019-11-02 00:00:00+03:00,1,42.000000,0,0.000000,0,0.000000,0,1,1,0.000000,42.000000
167580,937374.000000,2019-11-04 00:00:00+03:00,1,42.000000,0,0.000000,0,0.000000,0,1,1,0.000000,42.000000
167580,937374.000000,2019-11-05 00:00:00+03:00,1,46.000000,0,0.000000,0,0.000000,0,1,1,0.000000,46.000000
167580,937374.000000,2019-11-06 00:00:00+03:00,1,39.000000,0,0.000000,0,0.000000,0,1,1,0.000000,39.000000
167580,937374.000000,2019-11-13 00:00:00+03:00,1,33.000000,0,0.000000,0,0.000000,0,1,1,0.000000,33.000000
167580,937374.000000,2019-11-17 00:00:00+03:00,1,29.000000,0,0.000000,0,0.000000,0,1,1,0.000000,29.000000
167580,937374.000000,2019-11-18 00:00:00+03:00,6,218.000000,0,0.000000,0,0.000000,0,1,6,0.000000,36.333333
167580,937374.000000,2019-11-19 00:00:00+03:00,1,37.000000,0,0.000000,0,0.000000,0,1,1,0.000000,37.000000
167580,937374.000000,2019-11-21 00:00:00+03:00,1,30.000000,0,0.000000,0,0.000000,0,1,1,0.000000,30.000000
167580,937374.000000,2019-11-22 00:00:00+03:00,2,61.000000,0,0.000000,0,0.000000,0,1,2,0.000000,30.500000
167580,937374.000000,2019-11-25 00:00:00+03:00,4,119.000000,0,0.000000,0,0.000000,0,1,4,0.000000,29.750000
167580,937374.000000,2019-11-27 00:00:00+03:00,1,32.000000,0,0.000000,0,0.000000,0,1,1,0.000000,32.000000
167580,937374.000000,2019-11-28 00:00:00+03:00,4,106.000000,0,0.000000,0,0.000000,0,1,4,0.000000,26.500000
167580,945728.000000,2019-11-05 00:00:00+03:00,0,0.000000,0,0.000000,0,0.000000,18,1,0,,
167580,945728.000000,2019-11-13 00:00:00+03:00,0,0.000000,0,0.000000,0,0.000000,85,1,0,,
167580,945728.000000,2019-11-26 00:00:00+03:00,0,0.000000,0,0.000000,0,0.000000,2,1,0,,
167580,956298.000000,2019-11-13 00:00:00+03:00,0,0.000000,0,0.000000,0,0.000000,1,1,0,,
167580,956298.000000,2019-11-14 00:00:00+03:00,0,0.000000,0,0.000000,0,0.000000,1,1,0,,
167580,956298.000000,2019-11-18 00:00:00+03:00,0,0.000000,0,0.000000,0,0.000000,1,1,0,,
167580,956298.000000,2019-11-19 00:00:00+03:00,0,0.000000,0,0.000000,0,0.000000,2,1,0,,
167580,956298.000000,2019-11-20 00:00:00+03:00,0,0.000000,0,0.000000,0,0.000000,3,1,0,,
167580,956298.000000,2019-11-21 00:00:00+03:00,0,0.000000,0,0.000000,0,0.000000,1,1,0,,
167580,956298.000000,2019-11-25 00:00:00+03:00,0,0.000000,0,0.000000,0,0.000000,2,1,0,,
167580,956298.000000,2019-11-26 00:00:00+03:00,0,0.000000,0,0.000000,0,0.000000,4,1,0,,
167580,960666.000000,2019-11-22 00:00:00+03:00,0,0.000000,0,0.000000,0,0.000000,0,1,0,,
167580,960670.000000,2019-11-22 00:00:00+03:00,0,0.000000,0,0.000000,0,0.000000,1,1,0,,
167580,960670.000000,2019-11-27 00:00:00+03:00,0,0.000000,0,0.000000,0,0.000000,2,1,0,,
167580,960672.000000,2019-11-18 00:00:00+03:00,0,0.000000,0,0.000000,0,0.000000,71,1,0,,
167580,960672.000000,2019-11-19 00:00:00+03:00,0,0.000000,0,0.000000,0,0.000000,18,1,0,,
167580,960672.000000,2019-11-20 00:00:00+03:00,0,0.000000,0,0.000000,0,0.000000,30,1,0,,
167580,960672.000000,2019-11-21 00:00:00+03:00,0,0.000000,0,0.000000,0,0.000000,27,1,0,,
167580,960672.000000,2019-11-22 00:00:00+03:00,0,0.000000,0,0.000000,0,0.000000,13,1,0,,
167580,960672.000000,2019-11-25 00:00:00+03:00,0,0.000000,0,0.000000,0,0.000000,22,1,0,,
167580,960672.000000,2019-11-26 00:00:00+03:00,0,0.000000,0,0.000000,0,0.000000,68,1,0,,
167580,960672.000000,2019-11-28 00:00:00+03:00,0,0.000000,0,0.000000,0,0.000000,19,1,0,,
167580,960674.000000,2019-11-25 00:00:00+03:00,0,0.000000,0,0.000000,0,0.000000,0,1,0,,
167599,954086.000000,2019-11-12 00:00:00+03:00,31,64.000000,0,0.000000,0,0.000000,0,1,31,0.000000,2.064516
167599,954086.000000,2019-11-20 00:00:00+03:00,0,0.000000,0,0.000000,0,0.000000,1,1,0,,
167621,918888.000000,2019-11-01 00:00:00+03:00,1,13.000000,0,0.000000,0,0.000000,0,1,1,0.000000,13.000000
167621,918888.000000,2019-11-08 00:00:00+03:00,0,0.000000,0,0.000000,0,0.000000,1,1,0,,
167621,918888.000000,2019-11-12 00:00:00+03:00,1,6.000000,0,0.000000,0,0.000000,0,1,1,0.000000,6.000000
167621,918888.000000,2019-11-20 00:00:00+03:00,1,13.000000,0,0.000000,0,0.000000,0,1,1,0.000000,13.000000
167630,920666.000000,2019-11-01 00:00:00+03:00,2,14.000000,0,0.000000,0,0.000000,4,1,2,0.000000,7.000000
167630,920666.000000,2019-11-05 00:00:00+03:00,18,122.000000,0,0.000000,0,0.000000,2,1,18,0.000000,6.777778
167630,920666.000000,2019-11-06 00:00:00+03:00,4,30.000000,0,0.000000,0,0.000000,3,1,4,0.000000,7.500000
167630,920666.000000,2019-11-11 00:00:00+03:00,8,58.000000,0,0.000000,0,0.000000,4,1,8,0.000000,7.250000
167630,920666.000000,2019-11-12 00:00:00+03:00,1,8.000000,0,0.000000,0,0.000000,3,1,1,0.000000,8.000000
167630,920666.000000,2019-11-13 00:00:00+03:00,4,37.000000,0,0.000000,0,0.000000,1,1,4,0.000000,9.250000
167630,920666.000000,2019-11-14 00:00:00+03:00,3,25.000000,0,0.000000,0,0.000000,2,1,3,0.000000,8.333333
167630,920666.000000,2019-11-15 00:00:00+03:00,6,35.000000,0,0.000000,0,0.000000,23,1,6,0.000000,5.833333
167630,920666.000000,2019-11-18 00:00:00+03:00,6,43.000000,0,0.000000,0,0.000000,20,1,6,0.000000,7.166667
167630,920666.000000,2019-11-19 00:00:00+03:00,8,50.000000,0,0.000000,0,0.000000,12,1,8,0.000000,6.250000
167630,920666.000000,2019-11-20 00:00:00+03:00,6,50.000000,1,7.000000,0,0.000000,5,1,7,0.142857,8.333333
167630,920666.000000,2019-11-21 00:00:00+03:00,3,29.000000,0,0.000000,0,0.000000,1,1,3,0.000000,9.666667
167630,920666.000000,2019-11-22 00:00:00+03:00,6,44.000000,0,0.000000,0,0.000000,25,1,6,0.000000,7.333333
167630,920666.000000,2019-11-25 00:00:00+03:00,3,48.000000,0,0.000000,0,0.000000,4,1,3,0.000000,16.000000
167630,920666.000000,2019-11-26 00:00:00+03:00,2,14.000000,0,0.000000,0,0.000000,3,1,2,0.000000,7.000000
167630,920666.000000,2019-11-27 00:00:00+03:00,1,6.000000,0,0.000000,0,0.000000,3,1,1,0.000000,6.000000
167630,920666.000000,2019-11-28 00:00:00+03:00,4,30.000000,0,0.000000,0,0.000000,0,1,4,0.000000,7.500000
167634,918436.000000,2019-11-01 00:00:00+03:00,2,20.000000,1,19.000000,0,0.000000,2,1,3,0.333333,10.000000
167634,918436.000000,2019-11-05 00:00:00+03:00,1,8.000000,0,0.000000,0,0.000000,97,1,1,0.000000,8.000000
167634,918436.000000,2019-11-06 00:00:00+03:00,4,48.000000,0,0.000000,0,0.000000,37,1,4,0.000000,12.000000
167634,918436.000000,2019-11-07 00:00:00+03:00,2,25.000000,0,0.000000,0,0.000000,122,1,2,0.000000,12.500000
167634,918436.000000,2019-11-08 00:00:00+03:00,3,176.000000,0,0.000000,0,0.000000,108,1,3,0.000000,58.666667
167634,918436.000000,2019-11-11 00:00:00+03:00,4,188.000000,0,0.000000,0,0.000000,80,1,4,0.000000,47.000000
167634,918436.000000,2019-11-12 00:00:00+03:00,0,0.000000,0,0.000000,0,0.000000,49,1,0,,
167634,918436.000000,2019-11-13 00:00:00+03:00,2,72.000000,0,0.000000,0,0.000000,52,1,2,0.000000,36.000000
167634,918436.000000,2019-11-14 00:00:00+03:00,1,7.000000,0,0.000000,0,0.000000,83,1,1,0.000000,7.000000
167634,918436.000000,2019-11-15 00:00:00+03:00,1,13.000000,0,0.000000,0,0.000000,152,1,1,0.000000,13.000000
167634,918436.000000,2019-11-18 00:00:00+03:00,5,47.000000,0,0.000000,0,0.000000,73,1,5,0.000000,9.400000
167634,918436.000000,2019-11-20 00:00:00+03:00,1,14.000000,0,0.000000,0,0.000000,7,1,1,0.000000,14.000000
167634,918436.000000,2019-11-21 00:00:00+03:00,1,9.000000,0,0.000000,0,0.000000,0,1,1,0.000000,9.000000
167644,924544.000000,2019-11-01 00:00:00+03:00,5,34.000000,0,0.000000,0,0.000000,0,1,5,0.000000,6.800000
167644,924544.000000,2019-11-05 00:00:00+03:00,5,35.000000,0,0.000000,0,0.000000,1,1,5,0.000000,7.000000
167644,924544.000000,2019-11-06 00:00:00+03:00,2,15.000000,0,0.000000,0,0.000000,0,1,2,0.000000,7.500000
167644,924544.000000,2019-11-07 00:00:00+03:00,7,64.000000,0,0.000000,0,0.000000,0,1,7,0.000000,9.142857
167644,924544.000000,2019-11-08 00:00:00+03:00,4,31.000000,0,0.000000,0,0.000000,0,1,4,0.000000,7.750000
167644,924544.000000,2019-11-11 00:00:00+03:00,5,34.000000,0,0.000000,0,0.000000,0,1,5,0.000000,6.800000
167644,924544.000000,2019-11-13 00:00:00+03:00,3,22.000000,0,0.000000,0,0.000000,0,1,3,0.000000,7.333333
167644,924544.000000,2019-11-14 00:00:00+03:00,3,19.000000,0,0.000000,0,0.000000,0,1,3,0.000000,6.333333
167644,924544.000000,2019-11-15 00:00:00+03:00,3,18.000000,0,0.000000,0,0.000000,0,1,3,0.000000,6.000000
167644,924544.000000,2019-11-18 00:00:00+03:00,2,14.000000,0,0.000000,0,0.000000,1,1,2,0.000000,7.000000
167644,924544.000000,2019-11-19 00:00:00+03:00,5,36.000000,0,0.000000,0,0.000000,0,1,5,0.000000,7.200000
167644,924544.000000,2019-11-20 00:00:00+03:00,2,12.000000,0,0.000000,0,0.000000,1,1,2,0.000000,6.000000
167644,924544.000000,2019-11-21 00:00:00+03:00,4,22.000000,0,0.000000,0,0.000000,0,1,4,0.000000,5.500000
167644,924544.000000,2019-11-22 00:00:00+03:00,4,19.000000,0,0.000000,0,0.000000,0,1,4,0.000000,4.750000
167644,924544.000000,2019-11-25 00:00:00+03:00,4,21.000000,0,0.000000,0,0.000000,0,1,4,0.000000,5.250000
167644,924544.000000,2019-11-26 00:00:00+03:00,2,11.000000,0,0.000000,0,0.000000,0,1,2,0.000000,5.500000
167644,924544.000000,2019-11-27 00:00:00+03:00,3,24.000000,0,0.000000,0,0.000000,0,1,3,0.000000,8.000000
167644,924544.000000,2019-11-28 00:00:00+03:00,6,33.000000,0,0.000000,0,0.000000,1,1,6,0.000000,5.500000
167644,924546.000000,2019-11-05 00:00:00+03:00,1,19.000000,0,0.000000,0,0.000000,0,1,1,0.000000,19.000000
167644,924546.000000,2019-11-07 00:00:00+03:00,1,24.000000,0,0.000000,0,0.000000,7,1,1,0.000000,24.000000
167644,924546.000000,2019-11-08 00:00:00+03:00,1,79.000000,0,0.000000,0,0.000000,2,1,1,0.000000,79.000000
167644,924546.000000,2019-11-11 00:00:00+03:00,3,46.000000,0,0.000000,0,0.000000,4,1,3,0.000000,15.333333
167644,924546.000000,2019-11-12 00:00:00+03:00,2,39.000000,0,0.000000,0,0.000000,0,1,2,0.000000,19.500000
167644,924546.000000,2019-11-13 00:00:00+03:00,0,0.000000,0,0.000000,0,0.000000,5,1,0,,
167644,924546.000000,2019-11-15 00:00:00+03:00,0,0.000000,0,0.000000,0,0.000000,3,1,0,,
167644,924546.000000,2019-11-18 00:00:00+03:00,1,15.000000,0,0.000000,0,0.000000,4,1,1,0.000000,15.000000
167644,924546.000000,2019-11-20 00:00:00+03:00,2,26.000000,0,0.000000,0,0.000000,1,1,2,0.000000,13.000000
167644,924546.000000,2019-11-25 00:00:00+03:00,0,0.000000,0,0.000000,0,0.000000,3,1,0,,
167644,924546.000000,2019-11-27 00:00:00+03:00,2,33.000000,0,0.000000,0,0.000000,10,1,2,0.000000,16.500000
167644,924546.000000,2019-11-28 00:00:00+03:00,4,42.000000,0,0.000000,0,0.000000,4,1,4,0.000000,10.500000
167646,964712.000000,2019-11-18 00:00:00+03:00,7,107.000000,0,0.000000,0,0.000000,6,1,7,0.000000,15.285714
167646,964712.000000,2019-11-23 00:00:00+03:00,2,57.000000,0,0.000000,0,0.000000,0,1,2,0.000000,28.500000
167650,921306.000000,2019-11-02 00:00:00+03:00,6,137.000000,0,0.000000,0,0.000000,3,1,6,0.000000,22.833333
167650,921306.000000,2019-11-03 00:00:00+03:00,1,58.000000,0,0.000000,0,0.000000,0,1,1,0.000000,58.000000
167650,921306.000000,2019-11-06 00:00:00+03:00,34,567.000000,0,0.000000,0,0.000000,7,1,34,0.000000,16.676471
167650,921306.000000,2019-11-07 00:00:00+03:00,14,266.000000,0,0.000000,0,0.000000,8,1,14,0.000000,19.000000
167650,921306.000000,2019-11-08 00:00:00+03:00,88,1910.000000,0,0.000000,0,0.000000,21,1,88,0.000000,21.704545
167650,921306.000000,2019-11-09 00:00:00+03:00,4,64.000000,0,0.000000,0,0.000000,1,1,4,0.000000,16.000000
167650,921306.000000,2019-11-10 00:00:00+03:00,0,0.000000,0,0.000000,0,0.000000,10,1,0,,
167650,921306.000000,2019-11-13 00:00:00+03:00,2,45.000000,0,0.000000,0,0.000000,5,1,2,0.000000,22.500000
167650,921306.000000,2019-11-15 00:00:00+03:00,1,20.000000,0,0.000000,0,0.000000,54,1,1,0.000000,20.000000
167650,921306.000000,2019-11-16 00:00:00+03:00,13,528.000000,0,0.000000,0,0.000000,8,1,13,0.000000,40.615385
167650,921306.000000,2019-11-17 00:00:00+03:00,3,100.000000,0,0.000000,0,0.000000,7,1,3,0.000000,33.333333
167650,921306.000000,2019-11-19 00:00:00+03:00,0,0.000000,0,0.000000,0,0.000000,8,1,0,,
167650,921306.000000,2019-11-20 00:00:00+03:00,5,136.000000,0,0.000000,0,0.000000,44,1,5,0.000000,27.200000
167650,921306.000000,2019-11-21 00:00:00+03:00,15,353.000000,0,0.000000,0,0.000000,33,1,15,0.000000,23.533333
167650,921306.000000,2019-11-22 00:00:00+03:00,2,71.000000,0,0.000000,0,0.000000,18,1,2,0.000000,35.500000
167650,921306.000000,2019-11-23 00:00:00+03:00,3,116.000000,0,0.000000,0,0.000000,13,1,3,0.000000,38.666667
167650,921306.000000,2019-11-25 00:00:00+03:00,4,97.000000,0,0.000000,0,0.000000,19,1,4,0.000000,24.250000
167650,921306.000000,2019-11-27 00:00:00+03:00,2,21.000000,0,0.000000,0,0.000000,17,1,2,0.000000,10.500000
167650,921306.000000,2019-11-28 00:00:00+03:00,22,742.000000,0,0.000000,0,0.000000,12,1,22,0.000000,33.727273
167650,921318.000000,2019-11-01 00:00:00+03:00,40,712.000000,0,0.000000,0,0.000000,12,1,40,0.000000,17.800000
167650,921318.000000,2019-11-02 00:00:00+03:00,34,404.000000,0,0.000000,0,0.000000,76,1,34,0.000000,11.882353
167650,921318.000000,2019-11-03 00:00:00+03:00,18,208.000000,0,0.000000,0,0.000000,19,1,18,0.000000,11.555556
167650,921318.000000,2019-11-04 00:00:00+03:00,15,176.000000,0,0.000000,0,0.000000,3,1,15,0.000000,11.733333
167650,921318.000000,2019-11-05 00:00:00+03:00,24,221.000000,0,0.000000,0,0.000000,8,1,24,0.000000,9.208333
167650,921318.000000,2019-11-06 00:00:00+03:00,89,1231.000000,0,0.000000,0,0.000000,88,1,89,0.000000,13.831461
167650,921318.000000,2019-11-07 00:00:00+03:00,75,992.000000,0,0.000000,0,0.000000,39,1,75,0.000000,13.226667
167650,921318.000000,2019-11-10 00:00:00+03:00,73,914.000000,0,0.000000,0,0.000000,79,1,73,0.000000,12.520548
167650,921318.000000,2019-11-12 00:00:00+03:00,54,889.000000,0,0.000000,0,0.000000,67,1,54,0.000000,16.462963
167650,921318.000000,2019-11-13 00:00:00+03:00,64,1104.000000,0,0.000000,0,0.000000,50,1,64,0.000000,17.250000
167650,921318.000000,2019-11-14 00:00:00+03:00,35,668.000000,0,0.000000,0,0.000000,7,1,35,0.000000,19.085714
167650,921318.000000,2019-11-15 00:00:00+03:00,52,815.000000,0,0.000000,0,0.000000,50,1,52,0.000000,15.673077
167650,921318.000000,2019-11-16 00:00:00+03:00,89,1906.000000,1,20.000000,0,0.000000,70,1,90,0.011111,21.415730
167650,921318.000000,2019-11-17 00:00:00+03:00,83,1902.000000,1,35.000000,0,0.000000,92,1,84,0.011905,22.915663
167650,921318.000000,2019-11-18 00:00:00+03:00,76,1234.000000,0,0.000000,0,0.000000,58,1,76,0.000000,16.236842
167650,921318.000000,2019-11-19 00:00:00+03:00,85,1317.000000,0,0.000000,0,0.000000,76,1,85,0.000000,15.494118
167650,921318.000000,2019-11-22 00:00:00+03:00,112,2270.000000,0,0.000000,0,0.000000,53,1,112,0.000000,20.267857
167650,921318.000000,2019-11-23 00:00:00+03:00,66,1244.000000,0,0.000000,0,0.000000,63,1,66,0.000000,18.848485
167650,921318.000000,2019-11-24 00:00:00+03:00,58,987.000000,0,0.000000,0,0.000000,87,1,58,0.000000,17.017241
167650,921318.000000,2019-11-25 00:00:00+03:00,86,1284.000000,0,0.000000,0,0.000000,32,1,86,0.000000,14.930233
167650,921318.000000,2019-11-27 00:00:00+03:00,51,628.000000,0,0.000000,0,0.000000,30,1,51,0.000000,12.313725
167650,921318.000000,2019-11-28 00:00:00+03:00,92,2042.000000,0,0.000000,0,0.000000,67,1,92,0.000000,22.195652
167650,921320.000000,2019-11-01 00:00:00+03:00,1,98.000000,0,0.000000,0,0.000000,23,1,1,0.000000,98.000000
167650,921320.000000,2019-11-04 00:00:00+03:00,1,27.000000,0,0.000000,0,0.000000,15,1,1,0.000000,27.000000
167650,921320.000000,2019-11-05 00:00:00+03:00,3,70.000000,0,0.000000,0,0.000000,34,1,3,0.000000,23.333333
167650,921320.000000,2019-11-06 00:00:00+03:00,6,61.000000,0,0.000000,0,0.000000,0,1,6,0.000000,10.166667
167650,921320.000000,2019-11-07 00:00:00+03:00,0,0.000000,0,0.000000,0,0.000000,14,1,0,,
167650,921320.000000,2019-11-08 00:00:00+03:00,0,0.000000,0,0.000000,0,0.000000,3,1,0,,
167650,921320.000000,2019-11-09 00:00:00+03:00,2,58.000000,0,0.000000,0,0.000000,0,1,2,0.000000,29.000000
167650,921320.000000,2019-11-12 00:00:00+03:00,0,0.000000,0,0.000000,0,0.000000,18,1,0,,
167650,921320.000000,2019-11-13 00:00:00+03:00,0,0.000000,0,0.000000,0,0.000000,2,1,0,,
167650,921320.000000,2019-11-14 00:00:00+03:00,1,43.000000,0,0.000000,0,0.000000,13,1,1,0.000000,43.000000
167650,921320.000000,2019-11-15 00:00:00+03:00,0,0.000000,0,0.000000,0,0.000000,1,1,0,,
167650,921320.000000,2019-11-18 00:00:00+03:00,1,35.000000,0,0.000000,0,0.000000,0,1,1,0.000000,35.000000
167650,921320.000000,2019-11-19 00:00:00+03:00,4,108.000000,0,0.000000,0,0.000000,20,1,4,0.000000,27.000000
167650,921320.000000,2019-11-20 00:00:00+03:00,2,16.000000,0,0.000000,0,0.000000,17,1,2,0.000000,8.000000
167650,921320.000000,2019-11-21 00:00:00+03:00,9,195.000000,1,43.000000,0,0.000000,31,1,10,0.100000,21.666667
167650,921320.000000,2019-11-24 00:00:00+03:00,9,154.000000,0,0.000000,0,0.000000,21,1,9,0.000000,17.111111
167650,921320.000000,2019-11-25 00:00:00+03:00,1,35.000000,0,0.000000,0,0.000000,21,1,1,0.000000,35.000000
167650,921320.000000,2019-11-26 00:00:00+03:00,8,132.000000,0,0.000000,0,0.000000,21,1,8,0.000000,16.500000
167650,921320.000000,2019-11-27 00:00:00+03:00,1,18.000000,0,0.000000,0,0.000000,9,1,1,0.000000,18.000000
167650,921320.000000,2019-11-28 00:00:00+03:00,1,4.000000,0,0.000000,0,0.000000,4,1,1,0.000000,4.000000
167650,931458.000000,2019-11-01 00:00:00+03:00,11,156.000000,0,0.000000,0,0.000000,7,1,11,0.000000,14.181818
167650,931458.000000,2019-11-04 00:00:00+03:00,14,135.000000,0,0.000000,0,0.000000,4,1,14,0.000000,9.642857
167650,931458.000000,2019-11-05 00:00:00+03:00,31,430.000000,1,14.000000,0,0.000000,21,1,32,0.031250,13.870968
167650,931458.000000,2019-11-06 00:00:00+03:00,36,264.000000,1,33.000000,0,0.000000,26,1,37,0.027027,7.333333
167650,931458.000000,2019-11-07 00:00:00+03:00,67,659.000000,0,0.000000,0,0.000000,62,1,67,0.000000,9.835821
167650,931458.000000,2019-11-08 00:00:00+03:00,83,1007.000000,0,0.000000,0,0.000000,77,1,83,0.000000,12.132530
167650,931458.000000,2019-11-09 00:00:00+03:00,92,2096.000000,0,0.000000,0,0.000000,155,1,92,0.000000,22.782609
167650,931458.000000,2019-11-10 00:00:00+03:00,0,0.000000,0,0.000000,0,0.000000,6,1,0,,
167650,931458.000000,2019-11-11 00:00:00+03:00,133,3998.000000,0,0.000000,0,0.000000,151,1,133,0.000000,30.060150
167650,931458.000000,2019-11-12 00:00:00+03:00,67,1072.000000,0,0.000000,0,0.000000,58,1,67,0.000000,16.000000
167650,931458.000000,2019-11-13 00:00:00+03:00,74,984.000000,1,55.000000,0,0.000000,50,1,75,0.013333,13.297297
167650,931458.000000,2019-11-14 00:00:00+03:00,80,1972.000000,1,43.000000,0,0.000000,95,1,81,0.012346,24.650000
167650,931458.000000,2019-11-15 00:00:00+03:00,63,742.000000,0,0.000000,0,0.000000,36,1,63,0.000000,11.777778
167650,931458.000000,2019-11-18 00:00:00+03:00,80,1613.000000,0,0.000000,0,0.000000,82,1,80,0.000000,20.162500
167650,931458.000000,2019-11-19 00:00:00+03:00,79,1403.000000,1,9.000000,0,0.000000,34,1,80,0.012500,17.759494
167650,931458.000000,2019-11-20 00:00:00+03:00,97,1658.000000,1,75.000000,0,0.000000,72,1,98,0.010204,17.092784
167650,931458.000000,2019-11-21 00:00:00+03:00,94,1926.000000,0,0.000000,0,0.000000,99,1,94,0.000000,20.489362
167650,931458.000000,2019-11-22 00:00:00+03:00,50,957.000000,0,0.000000,0,0.000000,94,1,50,0.000000,19.140000
167650,931458.000000,2019-11-23 00:00:00+03:00,0,0.000000,0,0.000000,0,0.000000,41,1,0,,
167650,931458.000000,2019-11-24 00:00:00+03:00,0,0.000000,0,0.000000,0,0.000000,31,1,0,,
167650,931458.000000,2019-11-25 00:00:00+03:00,59,860.000000,2,53.000000,0,0.000000,40,1,61,0.032787,14.576271
167650,931458.000000,2019-11-26 00:00:00+03:00,75,1808.000000,1,37.000000,0,0.000000,94,1,76,0.013158,24.106667
167650,931458.000000,2019-11-27 00:00:00+03:00,42,647.000000,0,0.000000,0,0.000000,59,1,42,0.000000,15.404762
167653,939706.000000,2019-11-04 00:00:00+03:00,1,4.000000,0,0.000000,0,0.000000,0,1,1,0.000000,4.000000
167653,939706.000000,2019-11-07 00:00:00+03:00,17,80.000000,0,0.000000,0,0.000000,0,1,17,0.000000,4.705882
167653,939706.000000,2019-11-08 00:00:00+03:00,10,55.000000,1,4.000000,0,0.000000,4,1,11,0.090909,5.500000
167653,939706.000000,2019-11-09 00:00:00+03:00,12,65.000000,0,0.000000,0,0.000000,0,1,12,0.000000,5.416667
167653,939706.000000,2019-11-11 00:00:00+03:00,27,245.000000,1,14.000000,0,0.000000,8,1,28,0.035714,9.074074
167653,939706.000000,2019-11-12 00:00:00+03:00,27,305.000000,0,0.000000,0,0.000000,87,1,27,0.000000,11.296296
167653,939706.000000,2019-11-13 00:00:00+03:00,0,0.000000,0,0.000000,0,0.000000,1,1,0,,
167653,939706.000000,2019-11-14 00:00:00+03:00,22,192.000000,0,0.000000,0,0.000000,16,1,22,0.000000,8.727273
167653,939706.000000,2019-11-15 00:00:00+03:00,21,141.000000,0,0.000000,0,0.000000,0,1,21,0.000000,6.714286
167653,939706.000000,2019-11-16 00:00:00+03:00,18,120.000000,1,7.000000,0,0.000000,21,1,19,0.052632,6.666667
167653,939706.000000,2019-11-17 00:00:00+03:00,4,23.000000,0,0.000000,0,0.000000,27,1,4,0.000000,5.750000
167653,939706.000000,2019-11-18 00:00:00+03:00,16,116.000000,0,0.000000,0,0.000000,0,1,16,0.000000,7.250000
167653,939706.000000,2019-11-19 00:00:00+03:00,32,249.000000,1,2.000000,0,0.000000,53,1,33,0.030303,7.781250
167653,939706.000000,2019-11-20 00:00:00+03:00,86,740.000000,0,0.000000,0,0.000000,55,1,86,0.000000,8.604651
167653,939706.000000,2019-11-21 00:00:00+03:00,33,353.000000,0,0.000000,0,0.000000,102,1,33,0.000000,10.696970
167653,939706.000000,2019-11-22 00:00:00+03:00,37,338.000000,0,0.000000,0,0.000000,142,1,37,0.000000,9.135135
167653,939706.000000,2019-11-23 00:00:00+03:00,39,324.000000,0,0.000000,0,0.000000,94,1,39,0.000000,8.307692
167653,939706.000000,2019-11-25 00:00:00+03:00,84,984.000000,0,0.000000,0,0.000000,76,1,84,0.000000,11.714286
167653,939706.000000,2019-11-26 00:00:00+03:00,32,316.000000,0,0.000000,0,0.000000,117,1,32,0.000000,9.875000
167653,939706.000000,2019-11-27 00:00:00+03:00,35,438.000000,0,0.000000,0,0.000000,76,1,35,0.000000,12.514286
167653,939706.000000,2019-11-28 00:00:00+03:00,74,702.000000,0,0.000000,0,0.000000,125,1,74,0.000000,9.486486
167653,939708.000000,2019-11-04 00:00:00+03:00,1,8.000000,0,0.000000,0,0.000000,0,1,1,0.000000,8.000000
167653,939708.000000,2019-11-07 00:00:00+03:00,1,5.000000,0,0.000000,0,0.000000,0,1,1,0.000000,5.000000
167653,939708.000000,2019-11-12 00:00:00+03:00,3,41.000000,1,6.000000,0,0.000000,0,1,4,0.250000,13.666667
167653,939708.000000,2019-11-15 00:00:00+03:00,1,10.000000,0,0.000000,0,0.000000,0,1,1,0.000000,10.000000
167653,939708.000000,2019-11-21 00:00:00+03:00,1,22.000000,0,0.000000,0,0.000000,0,1,1,0.000000,22.000000
167653,939708.000000,2019-11-25 00:00:00+03:00,2,33.000000,0,0.000000,0,0.000000,36,1,2,0.000000,16.500000
167654,918978.000000,2019-11-01 00:00:00+03:00,25,257.000000,0,0.000000,0,0.000000,38,1,25,0.000000,10.280000
167654,918978.000000,2019-11-02 00:00:00+03:00,22,212.000000,0,0.000000,0,0.000000,39,1,22,0.000000,9.636364
167654,918978.000000,2019-11-05 00:00:00+03:00,31,254.000000,0,0.000000,0,0.000000,63,1,31,0.000000,8.193548
167654,918978.000000,2019-11-06 00:00:00+03:00,17,181.000000,0,0.000000,0,0.000000,65,1,17,0.000000,10.647059
167654,918978.000000,2019-11-07 00:00:00+03:00,19,230.000000,0,0.000000,0,0.000000,24,1,19,0.000000,12.105263
167654,918978.000000,2019-11-08 00:00:00+03:00,25,254.000000,0,0.000000,0,0.000000,31,1,25,0.000000,10.160000
167654,918978.000000,2019-11-09 00:00:00+03:00,50,510.000000,0,0.000000,0,0.000000,35,1,50,0.000000,10.200000
167654,918978.000000,2019-11-10 00:00:00+03:00,10,84.000000,0,0.000000,0,0.000000,54,1,10,0.000000,8.400000
167654,918978.000000,2019-11-11 00:00:00+03:00,29,251.000000,0,0.000000,0,0.000000,63,1,29,0.000000,8.655172
167654,918978.000000,2019-11-12 00:00:00+03:00,17,165.000000,0,0.000000,0,0.000000,46,1,17,0.000000,9.705882
167654,918978.000000,2019-11-13 00:00:00+03:00,16,177.000000,0,0.000000,0,0.000000,32,1,16,0.000000,11.062500
167654,918978.000000,2019-11-14 00:00:00+03:00,10,108.000000,0,0.000000,0,0.000000,31,1,10,0.000000,10.800000
167654,918978.000000,2019-11-15 00:00:00+03:00,28,235.000000,1,5.000000,0,0.000000,17,1,29,0.034483,8.392857
167654,918978.000000,2019-11-16 00:00:00+03:00,15,144.000000,0,0.000000,0,0.000000,17,1,15,0.000000,9.600000
167654,918978.000000,2019-11-18 00:00:00+03:00,26,249.000000,0,0.000000,0,0.000000,51,1,26,0.000000,9.576923
167654,918978.000000,2019-11-19 00:00:00+03:00,30,351.000000,0,0.000000,0,0.000000,40,1,30,0.000000,11.700000
167654,918978.000000,2019-11-20 00:00:00+03:00,26,244.000000,0,0.000000,0,0.000000,25,1,26,0.000000,9.384615
167654,918978.000000,2019-11-21 00:00:00+03:00,16,195.000000,0,0.000000,0,0.000000,32,1,16,0.000000,12.187500
167654,918978.000000,2019-11-22 00:00:00+03:00,39,369.000000,1,10.000000,0,0.000000,36,1,40,0.025000,9.461538
167654,918978.000000,2019-11-23 00:00:00+03:00,30,267.000000,0,0.000000,0,0.000000,29,1,30,0.000000,8.900000
167654,918978.000000,2019-11-25 00:00:00+03:00,30,231.000000,0,0.000000,0,0.000000,29,1,30,0.000000,7.700000
167654,918978.000000,2019-11-26 00:00:00+03:00,13,112.000000,0,0.000000,0,0.000000,7,1,13,0.000000,8.615385
167654,918978.000000,2019-11-27 00:00:00+03:00,25,239.000000,0,0.000000,0,0.000000,23,1,25,0.000000,9.560000
167654,918978.000000,2019-11-28 00:00:00+03:00,28,282.000000,0,0.000000,0,0.000000,9,1,28,0.000000,10.071429
167654,918986.000000,2019-11-01 00:00:00+03:00,26,193.000000,0,0.000000,0,0.000000,63,1,26,0.000000,7.423077
167654,918986.000000,2019-11-03 00:00:00+03:00,8,80.000000,0,0.000000,0,0.000000,31,1,8,0.000000,10.000000
167654,918986.000000,2019-11-05 00:00:00+03:00,10,72.000000,0,0.000000,0,0.000000,38,1,10,0.000000,7.200000
167654,918986.000000,2019-11-06 00:00:00+03:00,52,498.000000,0,0.000000,0,0.000000,77,1,52,0.000000,9.576923
167654,918986.000000,2019-11-07 00:00:00+03:00,36,322.000000,0,0.000000,0,0.000000,121,1,36,0.000000,8.944444
167654,918986.000000,2019-11-08 00:00:00+03:00,28,264.000000,0,0.000000,0,0.000000,33,1,28,0.000000,9.428571
167654,918986.000000,2019-11-11 00:00:00+03:00,38,316.000000,0,0.000000,0,0.000000,127,1,38,0.000000,8.315789
167654,918986.000000,2019-11-12 00:00:00+03:00,24,224.000000,0,0.000000,0,0.000000,51,1,24,0.000000,9.333333
167654,918986.000000,2019-11-13 00:00:00+03:00,21,232.000000,0,0.000000,0,0.000000,44,1,21,0.000000,11.047619
167654,918986.000000,2019-11-14 00:00:00+03:00,12,112.000000,0,0.000000,0,0.000000,22,1,12,0.000000,9.333333
167654,918986.000000,2019-11-15 00:00:00+03:00,15,133.000000,0,0.000000,0,0.000000,38,1,15,0.000000,8.866667
167654,918986.000000,2019-11-16 00:00:00+03:00,6,48.000000,0,0.000000,0,0.000000,15,1,6,0.000000,8.000000
167654,918986.000000,2019-11-17 00:00:00+03:00,4,82.000000,0,0.000000,0,0.000000,59,1,4,0.000000,20.500000
167654,918986.000000,2019-11-18 00:00:00+03:00,24,250.000000,0,0.000000,0,0.000000,46,1,24,0.000000,10.416667
167654,918986.000000,2019-11-19 00:00:00+03:00,20,242.000000,0,0.000000,0,0.000000,38,1,20,0.000000,12.100000
167654,918986.000000,2019-11-20 00:00:00+03:00,25,208.000000,0,0.000000,0,0.000000,58,1,25,0.000000,8.320000
167654,918986.000000,2019-11-21 00:00:00+03:00,26,283.000000,0,0.000000,0,0.000000,37,1,26,0.000000,10.884615
167654,918986.000000,2019-11-22 00:00:00+03:00,14,70.000000,0,0.000000,0,0.000000,30,1,14,0.000000,5.000000
167654,918986.000000,2019-11-24 00:00:00+03:00,3,28.000000,0,0.000000,0,0.000000,37,1,3,0.000000,9.333333
167654,918986.000000,2019-11-25 00:00:00+03:00,26,244.000000,0,0.000000,0,0.000000,38,1,26,0.000000,9.384615
167654,918986.000000,2019-11-26 00:00:00+03:00,54,630.000000,0,0.000000,0,0.000000,62,1,54,0.000000,11.666667
167654,918986.000000,2019-11-27 00:00:00+03:00,44,458.000000,0,0.000000,0,0.000000,67,1,44,0.000000,10.409091
167654,918986.000000,2019-11-28 00:00:00+03:00,20,202.000000,0,0.000000,0,0.000000,33,1,20,0.000000,10.100000
167664,920874.000000,2019-11-05 00:00:00+03:00,2,60.000000,0,0.000000,0,0.000000,0,1,2,0.000000,30.000000
167664,920874.000000,2019-11-08 00:00:00+03:00,2,54.000000,0,0.000000,0,0.000000,0,1,2,0.000000,27.000000
167664,920874.000000,2019-11-12 00:00:00+03:00,1,28.000000,0,0.000000,0,0.000000,0,1,1,0.000000,28.000000
167664,920874.000000,2019-11-15 00:00:00+03:00,1,31.000000,0,0.000000,0,0.000000,0,1,1,0.000000,31.000000
167664,920874.000000,2019-11-18 00:00:00+03:00,1,19.000000,0,0.000000,0,0.000000,0,1,1,0.000000,19.000000
167664,920874.000000,2019-11-19 00:00:00+03:00,3,135.000000,0,0.000000,0,0.000000,0,1,3,0.000000,45.000000
167664,920874.000000,2019-11-22 00:00:00+03:00,1,34.000000,0,0.000000,0,0.000000,0,1,1,0.000000,34.000000
167664,920874.000000,2019-11-25 00:00:00+03:00,2,74.000000,0,0.000000,0,0.000000,0,1,2,0.000000,37.000000
167664,920874.000000,2019-11-27 00:00:00+03:00,3,62.000000,0,0.000000,0,0.000000,0,1,3,0.000000,20.666667
167664,920874.000000,2019-11-28 00:00:00+03:00,4,84.000000,0,0.000000,0,0.000000,0,1,4,0.000000,21.000000
167715,926184.000000,2019-11-01 00:00:00+03:00,1,8.000000,0,0.000000,0,0.000000,12,1,1,0.000000,8.000000
167715,926184.000000,2019-11-08 00:00:00+03:00,5,28.000000,0,0.000000,0,0.000000,1,1,5,0.000000,5.600000
167715,926184.000000,2019-11-15 00:00:00+03:00,3,24.000000,0,0.000000,0,0.000000,11,1,3,0.000000,8.000000
167715,926184.000000,2019-11-22 00:00:00+03:00,1,6.000000,0,0.000000,0,0.000000,2,1,1,0.000000,6.000000
167715,926184.000000,2019-11-26 00:00:00+03:00,0,0.000000,0,0.000000,0,0.000000,1,1,0,,
167715,926184.000000,2019-11-27 00:00:00+03:00,0,0.000000,0,0.000000,0,0.000000,3,1,0,,
167715,935958.000000,2019-11-01 00:00:00+03:00,1,17.000000,0,0.000000,0,0.000000,0,1,1,0.000000,17.000000
167715,935958.000000,2019-11-05 00:00:00+03:00,2,36.000000,0,0.000000,0,0.000000,0,1,2,0.000000,18.000000
167715,935958.000000,2019-11-06 00:00:00+03:00,1,13.000000,0,0.000000,0,0.000000,0,1,1,0.000000,13.000000
167715,935958.000000,2019-11-12 00:00:00+03:00,1,23.000000,0,0.000000,0,0.000000,0,1,1,0.000000,23.000000
167715,935958.000000,2019-11-14 00:00:00+03:00,1,24.000000,0,0.000000,0,0.000000,0,1,1,0.000000,24.000000
167715,935958.000000,2019-11-15 00:00:00+03:00,1,12.000000,0,0.000000,0,0.000000,0,1,1,0.000000,12.000000
167715,935958.000000,2019-11-18 00:00:00+03:00,1,18.000000,0,0.000000,0,0.000000,0,1,1,0.000000,18.000000
167715,935958.000000,2019-11-20 00:00:00+03:00,1,15.000000,0,0.000000,0,0.000000,0,1,1,0.000000,15.000000
167715,935958.000000,2019-11-25 00:00:00+03:00,3,58.000000,0,0.000000,0,0.000000,0,1,3,0.000000,19.333333
167715,935958.000000,2019-11-26 00:00:00+03:00,3,63.000000,0,0.000000,0,0.000000,0,1,3,0.000000,21.000000
167715,935958.000000,2019-11-27 00:00:00+03:00,4,60.000000,0,0.000000,0,0.000000,0,1,4,0.000000,15.000000
167716,922142.000000,2019-11-01 00:00:00+03:00,0,0.000000,0,0.000000,0,0.000000,9,1,0,,
167716,922142.000000,2019-11-02 00:00:00+03:00,0,0.000000,0,0.000000,0,0.000000,4,1,0,,
167716,922142.000000,2019-11-04 00:00:00+03:00,0,0.000000,0,0.000000,0,0.000000,50,1,0,,
167716,922142.000000,2019-11-06 00:00:00+03:00,0,0.000000,0,0.000000,0,0.000000,26,1,0,,
167716,922142.000000,2019-11-07 00:00:00+03:00,0,0.000000,0,0.000000,0,0.000000,9,1,0,,
167716,922142.000000,2019-11-08 00:00:00+03:00,0,0.000000,0,0.000000,0,0.000000,19,1,0,,
167716,922142.000000,2019-11-09 00:00:00+03:00,0,0.000000,0,0.000000,0,0.000000,10,1,0,,
167716,922142.000000,2019-11-11 00:00:00+03:00,0,0.000000,0,0.000000,0,0.000000,9,1,0,,
167716,922142.000000,2019-11-12 00:00:00+03:00,0,0.000000,0,0.000000,0,0.000000,35,1,0,,
167716,922142.000000,2019-11-13 00:00:00+03:00,0,0.000000,0,0.000000,0,0.000000,29,1,0,,
167716,922142.000000,2019-11-14 00:00:00+03:00,0,0.000000,0,0.000000,0,0.000000,24,1,0,,
167716,922142.000000,2019-11-15 00:00:00+03:00,0,0.000000,0,0.000000,0,0.000000,22,1,0,,
167716,922142.000000,2019-11-16 00:00:00+03:00,0,0.000000,0,0.000000,0,0.000000,11,1,0,,
167716,922142.000000,2019-11-17 00:00:00+03:00,0,0.000000,0,0.000000,0,0.000000,4,1,0,,
167716,922142.000000,2019-11-18 00:00:00+03:00,0,0.000000,0,0.000000,0,0.000000,13,1,0,,
167716,922142.000000,2019-11-19 00:00:00+03:00,0,0.000000,0,0.000000,0,0.000000,6,1,0,,
167716,922142.000000,2019-11-20 00:00:00+03:00,0,0.000000,0,0.000000,0,0.000000,6,1,0,,
167716,922142.000000,2019-11-21 00:00:00+03:00,0,0.000000,0,0.000000,0,0.000000,13,1,0,,
167716,922142.000000,2019-11-22 00:00:00+03:00,0,0.000000,0,0.000000,0,0.000000,6,1,0,,
167716,922142.000000,2019-11-24 00:00:00+03:00,0,0.000000,0,0.000000,0,0.000000,10,1,0,,
167716,922142.000000,2019-11-25 00:00:00+03:00,0,0.000000,0,0.000000,0,0.000000,14,1,0,,
167716,922142.000000,2019-11-26 00:00:00+03:00,0,0.000000,0,0.000000,0,0.000000,25,1,0,,
167716,922142.000000,2019-11-27 00:00:00+03:00,0,0.000000,0,0.000000,0,0.000000,14,1,0,,
167716,922142.000000,2019-11-28 00:00:00+03:00,0,0.000000,0,0.000000,0,0.000000,4,1,0,,
167727,926486.000000,2019-11-01 00:00:00+03:00,0,0.000000,0,0.000000,0,0.000000,84,1,0,,
167727,926486.000000,2019-11-02 00:00:00+03:00,0,0.000000,0,0.000000,0,0.000000,32,1,0,,
167727,926486.000000,2019-11-04 00:00:00+03:00,0,0.000000,0,0.000000,0,0.000000,192,1,0,,
167727,926486.000000,2019-11-05 00:00:00+03:00,0,0.000000,0,0.000000,0,0.000000,89,1,0,,
167727,926486.000000,2019-11-06 00:00:00+03:00,0,0.000000,0,0.000000,0,0.000000,103,1,0,,
167727,926486.000000,2019-11-07 00:00:00+03:00,2,16.000000,0,0.000000,0,0.000000,137,1,2,0.000000,8.000000
167727,926486.000000,2019-11-08 00:00:00+03:00,2,17.000000,0,0.000000,0,0.000000,106,1,2,0.000000,8.500000
167727,926486.000000,2019-11-11 00:00:00+03:00,1,13.000000,0,0.000000,0,0.000000,109,1,1,0.000000,13.000000
167727,926486.000000,2019-11-12 00:00:00+03:00,0,0.000000,0,0.000000,0,0.000000,39,1,0,,
167727,926486.000000,2019-11-13 00:00:00+03:00,2,20.000000,0,0.000000,0,0.000000,100,1,2,0.000000,10.000000
167727,926486.000000,2019-11-14 00:00:00+03:00,1,5.000000,0,0.000000,0,0.000000,64,1,1,0.000000,5.000000
167727,926486.000000,2019-11-15 00:00:00+03:00,2,11.000000,0,0.000000,0,0.000000,88,1,2,0.000000,5.500000
167727,926486.000000,2019-11-16 00:00:00+03:00,0,0.000000,0,0.000000,0,0.000000,15,1,0,,
167727,926486.000000,2019-11-18 00:00:00+03:00,0,0.000000,0,0.000000,0,0.000000,20,1,0,,
167727,926486.000000,2019-11-19 00:00:00+03:00,0,0.000000,0,0.000000,0,0.000000,62,1,0,,
167727,926486.000000,2019-11-20 00:00:00+03:00,0,0.000000,0,0.000000,0,0.000000,101,1,0,,
167727,926486.000000,2019-11-21 00:00:00+03:00,1,5.000000,0,0.000000,0,0.000000,59,1,1,0.000000,5.000000
167727,926486.000000,2019-11-22 00:00:00+03:00,0,0.000000,0,0.000000,0,0.000000,20,1,0,,
167727,926486.000000,2019-11-23 00:00:00+03:00,0,0.000000,0,0.000000,0,0.000000,117,1,0,,
167727,926486.000000,2019-11-25 00:00:00+03:00,0,0.000000,0,0.000000,0,0.000000,74,1,0,,
167727,926486.000000,2019-11-26 00:00:00+03:00,0,0.000000,0,0.000000,0,0.000000,54,1,0,,
167727,926486.000000,2019-11-27 00:00:00+03:00,0,0.000000,0,0.000000,0,0.000000,50,1,0,,
167727,926486.000000,2019-11-28 00:00:00+03:00,0,0.000000,0,0.000000,0,0.000000,56,1,0,,
167742,951526.000000,2019-11-01 00:00:00+03:00,2,41.000000,0,0.000000,0,0.000000,0,1,2,0.000000,20.500000
167742,951526.000000,2019-11-04 00:00:00+03:00,2,33.000000,0,0.000000,0,0.000000,0,1,2,0.000000,16.500000
167742,951526.000000,2019-11-07 00:00:00+03:00,1,10.000000,0,0.000000,0,0.000000,0,1,1,0.000000,10.000000
167742,951526.000000,2019-11-08 00:00:00+03:00,1,9.000000,0,0.000000,0,0.000000,0,1,1,0.000000,9.000000
167742,951526.000000,2019-11-09 00:00:00+03:00,2,20.000000,0,0.000000,0,0.000000,0,1,2,0.000000,10.000000
167742,951526.000000,2019-11-13 00:00:00+03:00,2,21.000000,0,0.000000,0,0.000000,0,1,2,0.000000,10.500000
167742,951526.000000,2019-11-16 00:00:00+03:00,2,28.000000,0,0.000000,0,0.000000,0,1,2,0.000000,14.000000
167742,951526.000000,2019-11-18 00:00:00+03:00,1,23.000000,0,0.000000,0,0.000000,0,1,1,0.000000,23.000000
167742,951526.000000,2019-11-21 00:00:00+03:00,1,19.000000,0,0.000000,0,0.000000,0,1,1,0.000000,19.000000
167742,951526.000000,2019-11-25 00:00:00+03:00,2,42.000000,0,0.000000,0,0.000000,0,1,2,0.000000,21.000000
167742,955032.000000,2019-11-07 00:00:00+03:00,0,0.000000,0,0.000000,0,0.000000,1,1,0,,
167742,955032.000000,2019-11-18 00:00:00+03:00,5,34.000000,0,0.000000,0,0.000000,0,1,5,0.000000,6.800000
167742,955032.000000,2019-11-19 00:00:00+03:00,3,27.000000,0,0.000000,0,0.000000,1,1,3,0.000000,9.000000
167742,955032.000000,2019-11-20 00:00:00+03:00,4,37.000000,0,0.000000,0,0.000000,4,1,4,0.000000,9.250000
167742,955032.000000,2019-11-21 00:00:00+03:00,3,23.000000,0,0.000000,0,0.000000,4,1,3,0.000000,7.666667
167742,955032.000000,2019-11-22 00:00:00+03:00,2,21.000000,0,0.000000,0,0.000000,5,1,2,0.000000,10.500000
167742,955032.000000,2019-11-23 00:00:00+03:00,2,15.000000,1,12.000000,0,0.000000,3,1,3,0.333333,7.500000
167742,955032.000000,2019-11-24 00:00:00+03:00,2,13.000000,0,0.000000,0,0.000000,1,1,2,0.000000,6.500000
167742,955032.000000,2019-11-25 00:00:00+03:00,1,14.000000,0,0.000000,0,0.000000,1,1,1,0.000000,14.000000
167742,955032.000000,2019-11-26 00:00:00+03:00,0,0.000000,0,0.000000,0,0.000000,2,1,0,,
167742,955032.000000,2019-11-27 00:00:00+03:00,9,70.000000,0,0.000000,0,0.000000,3,1,9,0.000000,7.777778
167742,955032.000000,2019-11-28 00:00:00+03:00,6,63.000000,0,0.000000,0,0.000000,11,1,6,0.000000,10.500000
167742,955164.000000,2019-11-06 00:00:00+03:00,0,0.000000,0,0.000000,0,0.000000,1,1,0,,
167742,955164.000000,2019-11-22 00:00:00+03:00,1,26.000000,0,0.000000,0,0.000000,1,1,1,0.000000,26.000000
167742,955164.000000,2019-11-28 00:00:00+03:00,1,26.000000,0,0.000000,0,0.000000,1,1,1,0.000000,26.000000
167744,928022.000000,2019-11-11 00:00:00+03:00,2,32.000000,0,0.000000,0,0.000000,0,1,2,0.000000,16.000000
167747,922428.000000,2019-11-01 00:00:00+03:00,1,10.000000,0,0.000000,0,0.000000,3,1,1,0.000000,10.000000
167747,922428.000000,2019-11-02 00:00:00+03:00,0,0.000000,0,0.000000,0,0.000000,6,1,0,,
167747,922428.000000,2019-11-03 00:00:00+03:00,0,0.000000,0,0.000000,0,0.000000,4,1,0,,
167747,922428.000000,2019-11-05 00:00:00+03:00,1,9.000000,0,0.000000,0,0.000000,8,1,1,0.000000,9.000000
167747,922428.000000,2019-11-06 00:00:00+03:00,2,24.000000,0,0.000000,0,0.000000,32,1,2,0.000000,12.000000
167747,922428.000000,2019-11-07 00:00:00+03:00,4,36.000000,0,0.000000,0,0.000000,14,1,4,0.000000,9.000000
167747,922428.000000,2019-11-08 00:00:00+03:00,0,0.000000,0,0.000000,0,0.000000,1,1,0,,
167747,922428.000000,2019-11-09 00:00:00+03:00,0,0.000000,0,0.000000,0,0.000000,1,1,0,,
167747,922428.000000,2019-11-11 00:00:00+03:00,1,7.000000,0,0.000000,0,0.000000,17,1,1,0.000000,7.000000
167747,922428.000000,2019-11-12 00:00:00+03:00,0,0.000000,0,0.000000,0,0.000000,2,1,0,,
167747,922428.000000,2019-11-13 00:00:00+03:00,1,8.000000,0,0.000000,0,0.000000,11,1,1,0.000000,8.000000
167747,922428.000000,2019-11-14 00:00:00+03:00,1,7.000000,0,0.000000,0,0.000000,3,1,1,0.000000,7.000000
167747,922428.000000,2019-11-15 00:00:00+03:00,0,0.000000,0,0.000000,0,0.000000,1,1,0,,
167747,922428.000000,2019-11-18 00:00:00+03:00,3,23.000000,0,0.000000,0,0.000000,7,1,3,0.000000,7.666667
167747,922428.000000,2019-11-19 00:00:00+03:00,1,12.000000,0,0.000000,0,0.000000,0,1,1,0.000000,12.000000
167747,922428.000000,2019-11-20 00:00:00+03:00,0,0.000000,0,0.000000,0,0.000000,6,1,0,,
167747,922428.000000,2019-11-21 00:00:00+03:00,3,19.000000,0,0.000000,0,0.000000,13,1,3,0.000000,6.333333
167747,922428.000000,2019-11-22 00:00:00+03:00,6,46.000000,0,0.000000,0,0.000000,15,1,6,0.000000,7.666667
167747,922428.000000,2019-11-24 00:00:00+03:00,1,8.000000,0,0.000000,0,0.000000,0,1,1,0.000000,8.000000
167747,922428.000000,2019-11-25 00:00:00+03:00,1,9.000000,0,0.000000,0,0.000000,3,1,1,0.000000,9.000000
167747,922428.000000,2019-11-26 00:00:00+03:00,1,8.000000,0,0.000000,0,0.000000,13,1,1,0.000000,8.000000
167747,922428.000000,2019-11-27 00:00:00+03:00,1,9.000000,0,0.000000,0,0.000000,11,1,1,0.000000,9.000000
167747,922428.000000,2019-11-28 00:00:00+03:00,0,0.000000,0,0.000000,0,0.000000,6,1,0,,
167747,922474.000000,2019-11-08 00:00:00+03:00,1,11.000000,0,0.000000,0,0.000000,0,1,1,0.000000,11.000000
167747,922474.000000,2019-11-09 00:00:00+03:00,1,9.000000,0,0.000000,0,0.000000,0,1,1,0.000000,9.000000
167747,922474.000000,2019-11-11 00:00:00+03:00,2,21.000000,0,0.000000,0,0.000000,16,1,2,0.000000,10.500000
167747,922474.000000,2019-11-12 00:00:00+03:00,0,0.000000,0,0.000000,0,0.000000,15,1,0,,
167747,922474.000000,2019-11-13 00:00:00+03:00,2,15.000000,0,0.000000,0,0.000000,10,1,2,0.000000,7.500000
167747,922474.000000,2019-11-14 00:00:00+03:00,7,46.000000,0,0.000000,0,0.000000,6,1,7,0.000000,6.571429
167747,922474.000000,2019-11-15 00:00:00+03:00,3,25.000000,0,0.000000,0,0.000000,5,1,3,0.000000,8.333333
167747,922474.000000,2019-11-17 00:00:00+03:00,2,23.000000,0,0.000000,0,0.000000,1,1,2,0.000000,11.500000
167747,922474.000000,2019-11-18 00:00:00+03:00,7,54.000000,0,0.000000,0,0.000000,4,1,7,0.000000,7.714286
167747,922474.000000,2019-11-19 00:00:00+03:00,20,144.000000,0,0.000000,0,0.000000,32,1,20,0.000000,7.200000
167747,922474.000000,2019-11-20 00:00:00+03:00,0,0.000000,0,0.000000,0,0.000000,13,1,0,,
167747,922474.000000,2019-11-21 00:00:00+03:00,2,13.000000,0,0.000000,0,0.000000,24,1,2,0.000000,6.500000
167747,922474.000000,2019-11-22 00:00:00+03:00,1,14.000000,0,0.000000,0,0.000000,1,1,1,0.000000,14.000000
167747,922474.000000,2019-11-24 00:00:00+03:00,8,52.000000,0,0.000000,0,0.000000,6,1,8,0.000000,6.500000
167747,922474.000000,2019-11-25 00:00:00+03:00,12,106.000000,0,0.000000,0,0.000000,7,1,12,0.000000,8.833333
167747,922474.000000,2019-11-26 00:00:00+03:00,16,108.000000,0,0.000000,0,0.000000,15,1,16,0.000000,6.750000
167747,922474.000000,2019-11-27 00:00:00+03:00,4,46.000000,0,0.000000,0,0.000000,3,1,4,0.000000,11.500000
167747,922474.000000,2019-11-28 00:00:00+03:00,3,25.000000,0,0.000000,0,0.000000,21,1,3,0.000000,8.333333
167747,922476.000000,2019-11-06 00:00:00+03:00,0,0.000000,0,0.000000,0,0.000000,2,1,0,,
167747,922476.000000,2019-11-07 00:00:00+03:00,0,0.000000,0,0.000000,0,0.000000,3,1,0,,
167747,922476.000000,2019-11-08 00:00:00+03:00,0,0.000000,0,0.000000,0,0.000000,43,1,0,,
167747,922476.000000,2019-11-11 00:00:00+03:00,0,0.000000,0,0.000000,0,0.000000,9,1,0,,
167747,922476.000000,2019-11-12 00:00:00+03:00,0,0.000000,0,0.000000,0,0.000000,18,1,0,,
167747,922476.000000,2019-11-13 00:00:00+03:00,0,0.000000,0,0.000000,0,0.000000,3,1,0,,
167747,922476.000000,2019-11-14 00:00:00+03:00,0,0.000000,0,0.000000,0,0.000000,27,1,0,,
167747,922476.000000,2019-11-18 00:00:00+03:00,0,0.000000,0,0.000000,0,0.000000,13,1,0,,
167747,922476.000000,2019-11-19 00:00:00+03:00,0,0.000000,0,0.000000,0,0.000000,4,1,0,,
167747,922476.000000,2019-11-20 00:00:00+03:00,0,0.000000,0,0.000000,0,0.000000,6,1,0,,
167747,922476.000000,2019-11-22 00:00:00+03:00,0,0.000000,0,0.000000,0,0.000000,1,1,0,,
167747,922476.000000,2019-11-25 00:00:00+03:00,0,0.000000,0,0.000000,0,0.000000,18,1,0,,
167747,922476.000000,2019-11-28 00:00:00+03:00,0,0.000000,0,0.000000,0,0.000000,4,1,0,,
167747,922486.000000,2019-11-08 00:00:00+03:00,0,0.000000,0,0.000000,0,0.000000,0,1,0,,
167747,922486.000000,2019-11-23 00:00:00+03:00,0,0.000000,0,0.000000,0,0.000000,0,1,0,,
167747,922486.000000,2019-11-24 00:00:00+03:00,0,0.000000,0,0.000000,0,0.000000,0,1,0,,
167747,922486.000000,2019-11-27 00:00:00+03:00,0,0.000000,0,0.000000,0,0.000000,1,1,0,,
167756,938896.000000,2019-11-01 00:00:00+03:00,14,100.000000,0,0.000000,0,0.000000,22,1,14,0.000000,7.142857
167756,938896.000000,2019-11-02 00:00:00+03:00,16,162.000000,0,0.000000,0,0.000000,60,1,16,0.000000,10.125000
167756,938896.000000,2019-11-03 00:00:00+03:00,11,79.000000,0,0.000000,0,0.000000,41,1,11,0.000000,7.181818
167756,938896.000000,2019-11-04 00:00:00+03:00,10,76.000000,0,0.000000,0,0.000000,42,1,10,0.000000,7.600000
167756,938896.000000,2019-11-05 00:00:00+03:00,16,103.000000,0,0.000000,0,0.000000,57,1,16,0.000000,6.437500
167756,938896.000000,2019-11-06 00:00:00+03:00,13,99.000000,0,0.000000,0,0.000000,36,1,13,0.000000,7.615385
167756,938896.000000,2019-11-07 00:00:00+03:00,23,160.000000,1,9.000000,0,0.000000,45,1,24,0.041667,6.956522
167756,938896.000000,2019-11-08 00:00:00+03:00,28,277.000000,0,0.000000,0,0.000000,166,1,28,0.000000,9.892857
167756,938896.000000,2019-11-09 00:00:00+03:00,32,371.000000,0,0.000000,0,0.000000,60,1,32,0.000000,11.593750
167756,938896.000000,2019-11-10 00:00:00+03:00,40,332.000000,0,0.000000,0,0.000000,91,1,40,0.000000,8.300000
167756,938896.000000,2019-11-11 00:00:00+03:00,21,128.000000,0,0.000000,0,0.000000,28,1,21,0.000000,6.095238
167756,938896.000000,2019-11-12 00:00:00+03:00,31,188.000000,0,0.000000,0,0.000000,56,1,31,0.000000,6.064516
167756,938896.000000,2019-11-13 00:00:00+03:00,24,153.000000,0,0.000000,0,0.000000,55,1,24,0.000000,6.375000
167756,938896.000000,2019-11-14 00:00:00+03:00,35,222.000000,0,0.000000,0,0.000000,42,1,35,0.000000,6.342857
167756,938896.000000,2019-11-15 00:00:00+03:00,23,155.000000,0,0.000000,0,0.000000,56,1,23,0.000000,6.739130
167756,938896.000000,2019-11-16 00:00:00+03:00,54,402.000000,0,0.000000,0,0.000000,36,1,54,0.000000,7.444444
167756,938896.000000,2019-11-17 00:00:00+03:00,33,230.000000,0,0.000000,0,0.000000,38,1,33,0.000000,6.969697
167756,938896.000000,2019-11-18 00:00:00+03:00,98,578.000000,0,0.000000,0,0.000000,72,1,98,0.000000,5.897959
167756,938896.000000,2019-11-19 00:00:00+03:00,36,322.000000,1,9.000000,0,0.000000,71,1,37,0.027027,8.944444
167756,938896.000000,2019-11-20 00:00:00+03:00,29,231.000000,1,29.000000,0,0.000000,58,1,30,0.033333,7.965517
167756,938896.000000,2019-11-21 00:00:00+03:00,48,335.000000,0,0.000000,0,0.000000,111,1,48,0.000000,6.979167
167756,938896.000000,2019-11-22 00:00:00+03:00,40,316.000000,0,0.000000,0,0.000000,52,1,40,0.000000,7.900000
167756,938896.000000,2019-11-23 00:00:00+03:00,29,212.000000,0,0.000000,0,0.000000,38,1,29,0.000000,7.310345
167756,938896.000000,2019-11-24 00:00:00+03:00,29,267.000000,0,0.000000,0,0.000000,38,1,29,0.000000,9.206897
167756,938896.000000,2019-11-25 00:00:00+03:00,47,282.000000,1,3.000000,0,0.000000,77,1,48,0.020833,6.000000
167756,938896.000000,2019-11-26 00:00:00+03:00,45,346.000000,0,0.000000,0,0.000000,78,1,45,0.000000,7.688889
167756,938896.000000,2019-11-27 00:00:00+03:00,54,401.000000,0,0.000000,0,0.000000,55,1,54,0.000000,7.425926
167756,938896.000000,2019-11-28 00:00:00+03:00,41,324.000000,0,0.000000,0,0.000000,64,1,41,0.000000,7.902439
167781,923944.000000,2019-11-01 00:00:00+03:00,1,11.000000,0,0.000000,0,0.000000,0,1,1,0.000000,11.000000
167781,923944.000000,2019-11-02 00:00:00+03:00,1,21.000000,0,0.000000,0,0.000000,0,1,1,0.000000,21.000000
167781,923944.000000,2019-11-05 00:00:00+03:00,2,22.000000,0,0.000000,0,0.000000,0,1,2,0.000000,11.000000
167781,923944.000000,2019-11-08 00:00:00+03:00,1,9.000000,0,0.000000,0,0.000000,0,1,1,0.000000,9.000000
167781,923944.000000,2019-11-11 00:00:00+03:00,2,24.000000,0,0.000000,0,0.000000,0,1,2,0.000000,12.000000
167781,923944.000000,2019-11-12 00:00:00+03:00,1,12.000000,0,0.000000,0,0.000000,0,1,1,0.000000,12.000000
167781,923944.000000,2019-11-13 00:00:00+03:00,2,37.000000,0,0.000000,0,0.000000,0,1,2,0.000000,18.500000
167781,923944.000000,2019-11-15 00:00:00+03:00,1,13.000000,0,0.000000,0,0.000000,0,1,1,0.000000,13.000000
167781,923944.000000,2019-11-19 00:00:00+03:00,1,13.000000,0,0.000000,0,0.000000,0,1,1,0.000000,13.000000
167781,923944.000000,2019-11-20 00:00:00+03:00,1,11.000000,0,0.000000,0,0.000000,0,1,1,0.000000,11.000000
167781,923944.000000,2019-11-21 00:00:00+03:00,1,8.000000,0,0.000000,0,0.000000,0,1,1,0.000000,8.000000
167781,923944.000000,2019-11-26 00:00:00+03:00,2,19.000000,0,0.000000,0,0.000000,0,1,2,0.000000,9.500000
167792,933832.000000,2019-11-01 00:00:00+03:00,3,59.000000,0,0.000000,0,0.000000,0,1,3,0.000000,19.666667
167792,933832.000000,2019-11-05 00:00:00+03:00,1,23.000000,0,0.000000,0,0.000000,0,1,1,0.000000,23.000000
167792,933832.000000,2019-11-08 00:00:00+03:00,1,16.000000,0,0.000000,0,0.000000,0,1,1,0.000000,16.000000
167792,933832.000000,2019-11-13 00:00:00+03:00,1,17.000000,0,0.000000,0,0.000000,0,1,1,0.000000,17.000000
167792,933832.000000,2019-11-14 00:00:00+03:00,1,31.000000,0,0.000000,0,0.000000,0,1,1,0.000000,31.000000
167792,933832.000000,2019-11-18 00:00:00+03:00,2,45.000000,0,0.000000,0,0.000000,0,1,2,0.000000,22.500000
167792,933832.000000,2019-11-19 00:00:00+03:00,2,50.000000,0,0.000000,0,0.000000,0,1,2,0.000000,25.000000
167792,933832.000000,2019-11-20 00:00:00+03:00,1,27.000000,0,0.000000,0,0.000000,0,1,1,0.000000,27.000000
167792,933832.000000,2019-11-27 00:00:00+03:00,1,70.000000,0,0.000000,0,0.000000,0,1,1,0.000000,70.000000
167792,933832.000000,2019-11-28 00:00:00+03:00,1,64.000000,0,0.000000,0,0.000000,0,1,1,0.000000,64.000000
167799,925104.000000,2019-11-01 00:00:00+03:00,21,139.000000,0,0.000000,0,0.000000,23,1,21,0.000000,6.619048
167799,925104.000000,2019-11-02 00:00:00+03:00,10,61.000000,0,0.000000,0,0.000000,5,1,10,0.000000,6.100000
167799,925104.000000,2019-11-04 00:00:00+03:00,16,123.000000,0,0.000000,0,0.000000,54,1,16,0.000000,7.687500
167799,925104.000000,2019-11-05 00:00:00+03:00,28,233.000000,0,0.000000,0,0.000000,27,1,28,0.000000,8.321429
167799,925104.000000,2019-11-06 00:00:00+03:00,27,164.000000,0,0.000000,0,0.000000,31,1,27,0.000000,6.074074
167799,925104.000000,2019-11-07 00:00:00+03:00,15,81.000000,0,0.000000,0,0.000000,31,1,15,0.000000,5.400000
167799,925104.000000,2019-11-08 00:00:00+03:00,20,140.000000,0,0.000000,0,0.000000,21,1,20,0.000000,7.000000
167799,925104.000000,2019-11-09 00:00:00+03:00,10,59.000000,0,0.000000,0,0.000000,18,1,10,0.000000,5.900000
167799,925104.000000,2019-11-10 00:00:00+03:00,5,25.000000,0,0.000000,0,0.000000,25,1,5,0.000000,5.000000
167799,925104.000000,2019-11-11 00:00:00+03:00,18,108.000000,0,0.000000,0,0.000000,22,1,18,0.000000,6.000000
167799,925104.000000,2019-11-12 00:00:00+03:00,27,208.000000,0,0.000000,0,0.000000,37,1,27,0.000000,7.703704
167799,925104.000000,2019-11-13 00:00:00+03:00,32,268.000000,0,0.000000,0,0.000000,48,1,32,0.000000,8.375000
167799,925104.000000,2019-11-14 00:00:00+03:00,27,166.000000,0,0.000000,0,0.000000,23,1,27,0.000000,6.148148
167799,925104.000000,2019-11-15 00:00:00+03:00,21,150.000000,0,0.000000,0,0.000000,31,1,21,0.000000,7.142857
167799,925104.000000,2019-11-16 00:00:00+03:00,7,64.000000,0,0.000000,0,0.000000,24,1,7,0.000000,9.142857
167799,925104.000000,2019-11-17 00:00:00+03:00,12,63.000000,0,0.000000,0,0.000000,28,1,12,0.000000,5.250000
167799,925104.000000,2019-11-18 00:00:00+03:00,18,116.000000,0,0.000000,0,0.000000,21,1,18,0.000000,6.444444
167799,925104.000000,2019-11-19 00:00:00+03:00,17,198.000000,0,0.000000,0,0.000000,28,1,17,0.000000,11.647059
167799,925104.000000,2019-11-20 00:00:00+03:00,30,272.000000,0,0.000000,0,0.000000,31,1,30,0.000000,9.066667
167799,925104.000000,2019-11-21 00:00:00+03:00,29,242.000000,0,0.000000,0,0.000000,37,1,29,0.000000,8.344828
167799,925104.000000,2019-11-22 00:00:00+03:00,35,211.000000,0,0.000000,0,0.000000,42,1,35,0.000000,6.028571
167799,925104.000000,2019-11-23 00:00:00+03:00,12,66.000000,0,0.000000,0,0.000000,26,1,12,0.000000,5.500000
167799,925104.000000,2019-11-24 00:00:00+03:00,16,130.000000,0,0.000000,0,0.000000,28,1,16,0.000000,8.125000
167799,925104.000000,2019-11-25 00:00:00+03:00,20,131.000000,0,0.000000,0,0.000000,65,1,20,0.000000,6.550000
167799,925104.000000,2019-11-26 00:00:00+03:00,52,564.000000,0,0.000000,0,0.000000,37,1,52,0.000000,10.846154
167799,925104.000000,2019-11-27 00:00:00+03:00,14,168.000000,0,0.000000,0,0.000000,33,1,14,0.000000,12.000000
167799,925104.000000,2019-11-28 00:00:00+03:00,19,116.000000,0,0.000000,0,0.000000,28,1,19,0.000000,6.105263
167805,924614.000000,2019-11-06 00:00:00+03:00,1,7.000000,0,0.000000,0,0.000000,0,1,1,0.000000,7.000000
167805,924614.000000,2019-11-12 00:00:00+03:00,2,12.000000,0,0.000000,0,0.000000,2,1,2,0.000000,6.000000
167816,928312.000000,2019-11-01 00:00:00+03:00,0,0.000000,0,0.000000,0,0.000000,89,1,0,,
167816,928312.000000,2019-11-05 00:00:00+03:00,0,0.000000,0,0.000000,0,0.000000,136,1,0,,
167816,928312.000000,2019-11-07 00:00:00+03:00,1,18.000000,0,0.000000,0,0.000000,7,1,1,0.000000,18.000000
167816,928312.000000,2019-11-08 00:00:00+03:00,1,18.000000,0,0.000000,0,0.000000,68,1,1,0.000000,18.000000
167816,928312.000000,2019-11-11 00:00:00+03:00,0,0.000000,0,0.000000,0,0.000000,54,1,0,,
167816,928312.000000,2019-11-12 00:00:00+03:00,0,0.000000,0,0.000000,0,0.000000,91,1,0,,
167816,928312.000000,2019-11-13 00:00:00+03:00,0,0.000000,0,0.000000,0,0.000000,48,1,0,,
167816,928312.000000,2019-11-14 00:00:00+03:00,0,0.000000,0,0.000000,0,0.000000,15,1,0,,
167816,928312.000000,2019-11-15 00:00:00+03:00,2,39.000000,0,0.000000,0,0.000000,36,1,2,0.000000,19.500000
167816,928312.000000,2019-11-18 00:00:00+03:00,0,0.000000,0,0.000000,0,0.000000,44,1,0,,
167816,928312.000000,2019-11-19 00:00:00+03:00,0,0.000000,0,0.000000,0,0.000000,44,1,0,,
167816,928312.000000,2019-11-20 00:00:00+03:00,0,0.000000,0,0.000000,0,0.000000,77,1,0,,
167816,928312.000000,2019-11-21 00:00:00+03:00,1,17.000000,0,0.000000,0,0.000000,102,1,1,0.000000,17.000000
167816,928312.000000,2019-11-22 00:00:00+03:00,0,0.000000,0,0.000000,0,0.000000,53,1,0,,
167816,928312.000000,2019-11-25 00:00:00+03:00,0,0.000000,0,0.000000,0,0.000000,168,1,0,,
167816,928312.000000,2019-11-26 00:00:00+03:00,2,54.000000,0,0.000000,0,0.000000,19,1,2,0.000000,27.000000
167816,928312.000000,2019-11-27 00:00:00+03:00,1,17.000000,0,0.000000,0,0.000000,60,1,1,0.000000,17.000000
167816,928312.000000,2019-11-28 00:00:00+03:00,0,0.000000,0,0.000000,0,0.000000,84,1,0,,
167827,929424.000000,2019-11-01 00:00:00+03:00,33,41.000000,0,0.000000,0,0.000000,31,1,33,0.000000,1.242424
167827,929424.000000,2019-11-02 00:00:00+03:00,6,6.000000,0,0.000000,0,0.000000,0,1,6,0.000000,1.000000
167827,929424.000000,2019-11-05 00:00:00+03:00,42,60.000000,0,0.000000,0,0.000000,8,1,42,0.000000,1.428571
167827,929424.000000,2019-11-06 00:00:00+03:00,29,43.000000,0,0.000000,0,0.000000,23,1,29,0.000000,1.482759
167827,929424.000000,2019-11-07 00:00:00+03:00,20,29.000000,1,2.000000,0,0.000000,16,1,21,0.047619,1.450000
167827,929424.000000,2019-11-08 00:00:00+03:00,32,29.000000,0,0.000000,0,0.000000,48,1,32,0.000000,0.906250
167827,929424.000000,2019-11-09 00:00:00+03:00,48,36.000000,0,0.000000,0,0.000000,9,1,48,0.000000,0.750000
167827,929424.000000,2019-11-10 00:00:00+03:00,5,4.000000,0,0.000000,0,0.000000,0,1,5,0.000000,0.800000
167827,929424.000000,2019-11-11 00:00:00+03:00,16,15.000000,0,0.000000,0,0.000000,45,1,16,0.000000,0.937500
167827,929424.000000,2019-11-12 00:00:00+03:00,2,2.000000,0,0.000000,0,0.000000,0,1,2,0.000000,1.000000
167827,929424.000000,2019-11-13 00:00:00+03:00,8,5.000000,0,0.000000,0,0.000000,4,1,8,0.000000,0.625000
167827,929424.000000,2019-11-15 00:00:00+03:00,3,3.000000,0,0.000000,0,0.000000,8,1,3,0.000000,1.000000
167827,929424.000000,2019-11-16 00:00:00+03:00,22,15.000000,0,0.000000,0,0.000000,2,1,22,0.000000,0.681818
167827,929424.000000,2019-11-17 00:00:00+03:00,2,2.000000,0,0.000000,0,0.000000,0,1,2,0.000000,1.000000
167827,929424.000000,2019-11-18 00:00:00+03:00,2,2.000000,0,0.000000,0,0.000000,6,1,2,0.000000,1.000000
167827,929424.000000,2019-11-19 00:00:00+03:00,12,10.000000,0,0.000000,0,0.000000,30,1,12,0.000000,0.833333
167827,929424.000000,2019-11-20 00:00:00+03:00,11,10.000000,0,0.000000,0,0.000000,3,1,11,0.000000,0.909091
167827,929424.000000,2019-11-21 00:00:00+03:00,22,20.000000,0,0.000000,0,0.000000,12,1,22,0.000000,0.909091
167827,929424.000000,2019-11-22 00:00:00+03:00,63,52.000000,0,0.000000,0,0.000000,25,1,63,0.000000,0.825397
167827,929424.000000,2019-11-23 00:00:00+03:00,0,0.000000,0,0.000000,0,0.000000,2,1,0,,
167827,929424.000000,2019-11-25 00:00:00+03:00,62,55.000000,0,0.000000,0,0.000000,8,1,62,0.000000,0.887097
167827,929424.000000,2019-11-26 00:00:00+03:00,59,52.000000,0,0.000000,0,0.000000,3,1,59,0.000000,0.881356
167827,929424.000000,2019-11-27 00:00:00+03:00,60,113.000000,0,0.000000,0,0.000000,15,1,60,0.000000,1.883333
167827,929424.000000,2019-11-28 00:00:00+03:00,50,47.000000,0,0.000000,0,0.000000,42,1,50,0.000000,0.940000
167827,929426.000000,2019-11-01 00:00:00+03:00,0,0.000000,0,0.000000,0,0.000000,109,1,0,,
167827,929426.000000,2019-11-05 00:00:00+03:00,0,0.000000,0,0.000000,0,0.000000,130,1,0,,
167827,929426.000000,2019-11-18 00:00:00+03:00,0,0.000000,0,0.000000,0,0.000000,51,1,0,,
167827,929426.000000,2019-11-19 00:00:00+03:00,0,0.000000,0,0.000000,0,0.000000,271,1,0,,
167827,929426.000000,2019-11-20 00:00:00+03:00,0,0.000000,0,0.000000,0,0.000000,332,1,0,,
167827,929426.000000,2019-11-21 00:00:00+03:00,0,0.000000,0,0.000000,0,0.000000,833,1,0,,
167827,929426.000000,2019-11-22 00:00:00+03:00,0,0.000000,0,0.000000,0,0.000000,1375,1,0,,
167827,929426.000000,2019-11-23 00:00:00+03:00,0,0.000000,0,0.000000,0,0.000000,555,1,0,,
167827,929426.000000,2019-11-24 00:00:00+03:00,0,0.000000,0,0.000000,0,0.000000,6,1,0,,
167827,929426.000000,2019-11-25 00:00:00+03:00,0,0.000000,0,0.000000,0,0.000000,1228,1,0,,
167827,929426.000000,2019-11-26 00:00:00+03:00,0,0.000000,0,0.000000,0,0.000000,596,1,0,,
167827,929426.000000,2019-11-27 00:00:00+03:00,0,0.000000,0,0.000000,0,0.000000,940,1,0,,
167827,929426.000000,2019-11-28 00:00:00+03:00,0,0.000000,0,0.000000,0,0.000000,779,1,0,,
167827,929428.000000,2019-11-01 00:00:00+03:00,0,0.000000,0,0.000000,0,0.000000,1802,1,0,,
167827,929428.000000,2019-11-05 00:00:00+03:00,0,0.000000,0,0.000000,0,0.000000,1877,1,0,,
167827,929428.000000,2019-11-06 00:00:00+03:00,0,0.000000,0,0.000000,0,0.000000,1215,1,0,,
167827,929428.000000,2019-11-07 00:00:00+03:00,0,0.000000,0,0.000000,0,0.000000,1588,1,0,,
167827,929428.000000,2019-11-08 00:00:00+03:00,0,0.000000,0,0.000000,0,0.000000,926,1,0,,
167827,929428.000000,2019-11-09 00:00:00+03:00,0,0.000000,0,0.000000,0,0.000000,467,1,0,,
167827,929428.000000,2019-11-11 00:00:00+03:00,0,0.000000,0,0.000000,0,0.000000,5022,1,0,,
167827,929428.000000,2019-11-13 00:00:00+03:00,0,0.000000,0,0.000000,0,0.000000,190,1,0,,
167827,929428.000000,2019-11-15 00:00:00+03:00,0,0.000000,0,0.000000,0,0.000000,352,1,0,,
167827,929428.000000,2019-11-16 00:00:00+03:00,0,0.000000,0,0.000000,0,0.000000,749,1,0,,
167827,929428.000000,2019-11-18 00:00:00+03:00,0,0.000000,0,0.000000,0,0.000000,290,1,0,,
167827,929428.000000,2019-11-21 00:00:00+03:00,0,0.000000,0,0.000000,0,0.000000,246,1,0,,
167827,929428.000000,2019-11-22 00:00:00+03:00,0,0.000000,0,0.000000,0,0.000000,441,1,0,,
167827,929428.000000,2019-11-25 00:00:00+03:00,0,0.000000,0,0.000000,0,0.000000,156,1,0,,
167828,938612.000000,2019-11-05 00:00:00+03:00,2,10.000000,0,0.000000,0,0.000000,8,1,2,0.000000,5.000000
167828,938612.000000,2019-11-06 00:00:00+03:00,8,54.000000,0,0.000000,0,0.000000,5,1,8,0.000000,6.750000
167828,938612.000000,2019-11-07 00:00:00+03:00,2,19.000000,0,0.000000,0,0.000000,12,1,2,0.000000,9.500000
167828,938612.000000,2019-11-08 00:00:00+03:00,6,24.000000,0,0.000000,0,0.000000,7,1,6,0.000000,4.000000
167828,938612.000000,2019-11-11 00:00:00+03:00,5,25.000000,0,0.000000,0,0.000000,1,1,5,0.000000,5.000000
167828,938612.000000,2019-11-12 00:00:00+03:00,3,23.000000,0,0.000000,0,0.000000,2,1,3,0.000000,7.666667
167828,938612.000000,2019-11-13 00:00:00+03:00,2,12.000000,0,0.000000,0,0.000000,0,1,2,0.000000,6.000000
167828,938612.000000,2019-11-15 00:00:00+03:00,4,22.000000,0,0.000000,0,0.000000,0,1,4,0.000000,5.500000
167828,938612.000000,2019-11-18 00:00:00+03:00,4,20.000000,0,0.000000,0,0.000000,6,1,4,0.000000,5.000000
167828,938612.000000,2019-11-19 00:00:00+03:00,7,35.000000,0,0.000000,0,0.000000,4,1,7,0.000000,5.000000
167828,938612.000000,2019-11-20 00:00:00+03:00,6,29.000000,0,0.000000,0,0.000000,0,1,6,0.000000,4.833333
167828,938612.000000,2019-11-21 00:00:00+03:00,3,14.000000,0,0.000000,0,0.000000,15,1,3,0.000000,4.666667
167828,938612.000000,2019-11-22 00:00:00+03:00,3,17.000000,0,0.000000,0,0.000000,22,1,3,0.000000,5.666667
167828,938612.000000,2019-11-25 00:00:00+03:00,8,28.000000,0,0.000000,0,0.000000,4,1,8,0.000000,3.500000
167828,938612.000000,2019-11-26 00:00:00+03:00,4,20.000000,0,0.000000,0,0.000000,33,1,4,0.000000,5.000000
167828,938612.000000,2019-11-27 00:00:00+03:00,2,10.000000,0,0.000000,0,0.000000,5,1,2,0.000000,5.000000
167828,938612.000000,2019-11-28 00:00:00+03:00,4,17.000000,0,0.000000,0,0.000000,14,1,4,0.000000,4.250000
167828,938614.000000,2019-11-07 00:00:00+03:00,2,12.000000,0,0.000000,0,0.000000,0,1,2,0.000000,6.000000
167828,938614.000000,2019-11-08 00:00:00+03:00,4,22.000000,0,0.000000,0,0.000000,0,1,4,0.000000,5.500000
167828,938614.000000,2019-11-11 00:00:00+03:00,16,72.000000,0,0.000000,0,0.000000,0,1,16,0.000000,4.500000
167828,938614.000000,2019-11-12 00:00:00+03:00,1,3.000000,0,0.000000,0,0.000000,0,1,1,0.000000,3.000000
167828,938614.000000,2019-11-13 00:00:00+03:00,1,5.000000,0,0.000000,0,0.000000,0,1,1,0.000000,5.000000
167828,938614.000000,2019-11-14 00:00:00+03:00,6,40.000000,0,0.000000,0,0.000000,0,1,6,0.000000,6.666667
167828,938614.000000,2019-11-18 00:00:00+03:00,2,12.000000,0,0.000000,0,0.000000,0,1,2,0.000000,6.000000
167828,938614.000000,2019-11-19 00:00:00+03:00,0,0.000000,0,0.000000,0,0.000000,3,1,0,,
167828,938614.000000,2019-11-20 00:00:00+03:00,1,4.000000,0,0.000000,0,0.000000,0,1,1,0.000000,4.000000
167828,938614.000000,2019-11-21 00:00:00+03:00,0,0.000000,0,0.000000,0,0.000000,7,1,0,,
167828,938614.000000,2019-11-22 00:00:00+03:00,0,0.000000,0,0.000000,0,0.000000,2,1,0,,
167828,938614.000000,2019-11-25 00:00:00+03:00,1,4.000000,0,0.000000,0,0.000000,4,1,1,0.000000,4.000000
167828,938614.000000,2019-11-26 00:00:00+03:00,0,0.000000,0,0.000000,0,0.000000,12,1,0,,
167828,938614.000000,2019-11-27 00:00:00+03:00,2,12.000000,0,0.000000,0,0.000000,0,1,2,0.000000,6.000000
167828,938614.000000,2019-11-28 00:00:00+03:00,6,61.000000,0,0.000000,0,0.000000,2,1,6,0.000000,10.166667
167828,940430.000000,2019-11-01 00:00:00+03:00,2,2.000000,0,0.000000,0,0.000000,0,1,2,0.000000,1.000000
167828,940430.000000,2019-11-05 00:00:00+03:00,4,4.000000,0,0.000000,0,0.000000,0,1,4,0.000000,1.000000
167828,940430.000000,2019-11-07 00:00:00+03:00,8,8.000000,0,0.000000,0,0.000000,0,1,8,0.000000,1.000000
167828,940430.000000,2019-11-08 00:00:00+03:00,4,4.000000,0,0.000000,0,0.000000,0,1,4,0.000000,1.000000
167828,940430.000000,2019-11-09 00:00:00+03:00,1,1.000000,0,0.000000,0,0.000000,0,1,1,0.000000,1.000000
167828,940430.000000,2019-11-10 00:00:00+03:00,1,0.000000,0,0.000000,0,0.000000,0,1,1,0.000000,0.000000
167828,940430.000000,2019-11-11 00:00:00+03:00,4,4.000000,0,0.000000,0,0.000000,0,1,4,0.000000,1.000000
167828,940430.000000,2019-11-13 00:00:00+03:00,1,1.000000,0,0.000000,0,0.000000,0,1,1,0.000000,1.000000
167828,940430.000000,2019-11-14 00:00:00+03:00,3,3.000000,0,0.000000,0,0.000000,0,1,3,0.000000,1.000000
167828,940430.000000,2019-11-15 00:00:00+03:00,3,4.000000,1,80.000000,0,0.000000,0,1,4,0.250000,1.333333
167828,940430.000000,2019-11-16 00:00:00+03:00,1,0.000000,0,0.000000,0,0.000000,0,1,1,0.000000,0.000000
167828,940430.000000,2019-11-18 00:00:00+03:00,7,6.000000,0,0.000000,0,0.000000,0,1,7,0.000000,0.857143
167828,940430.000000,2019-11-19 00:00:00+03:00,8,10.000000,0,0.000000,0,0.000000,0,1,8,0.000000,1.250000
167828,940430.000000,2019-11-20 00:00:00+03:00,1,1.000000,0,0.000000,0,0.000000,0,1,1,0.000000,1.000000
167828,940430.000000,2019-11-22 00:00:00+03:00,6,6.000000,0,0.000000,0,0.000000,0,1,6,0.000000,1.000000
167828,940430.000000,2019-11-26 00:00:00+03:00,5,5.000000,0,0.000000,0,0.000000,0,1,5,0.000000,1.000000
167828,940430.000000,2019-11-27 00:00:00+03:00,5,6.000000,0,0.000000,0,0.000000,0,1,5,0.000000,1.200000
167828,940430.000000,2019-11-28 00:00:00+03:00,4,3.000000,0,0.000000,0,0.000000,0,1,4,0.000000,0.750000
167828,940432.000000,2019-11-01 00:00:00+03:00,0,0.000000,0,0.000000,0,0.000000,7,1,0,,
167828,940432.000000,2019-11-05 00:00:00+03:00,2,11.000000,0,0.000000,0,0.000000,1,1,2,0.000000,5.500000
167828,940432.000000,2019-11-07 00:00:00+03:00,7,48.000000,0,0.000000,0,0.000000,3,1,7,0.000000,6.857143
167828,940432.000000,2019-11-12 00:00:00+03:00,0,0.000000,0,0.000000,0,0.000000,1,1,0,,
167828,940432.000000,2019-11-14 00:00:00+03:00,4,30.000000,0,0.000000,0,0.000000,7,1,4,0.000000,7.500000
167828,940432.000000,2019-11-15 00:00:00+03:00,2,19.000000,0,0.000000,0,0.000000,0,1,2,0.000000,9.500000
167828,940432.000000,2019-11-18 00:00:00+03:00,10,86.000000,0,0.000000,0,0.000000,25,1,10,0.000000,8.600000
167828,940432.000000,2019-11-19 00:00:00+03:00,7,43.000000,0,0.000000,0,0.000000,23,1,7,0.000000,6.142857
167828,940432.000000,2019-11-20 00:00:00+03:00,7,47.000000,0,0.000000,0,0.000000,18,1,7,0.000000,6.714286
167828,940432.000000,2019-11-21 00:00:00+03:00,18,128.000000,0,0.000000,0,0.000000,18,1,18,0.000000,7.111111
167828,940432.000000,2019-11-22 00:00:00+03:00,4,22.000000,0,0.000000,0,0.000000,4,1,4,0.000000,5.500000
167828,940432.000000,2019-11-25 00:00:00+03:00,30,229.000000,0,0.000000,0,0.000000,6,1,30,0.000000,7.633333
167828,940432.000000,2019-11-26 00:00:00+03:00,21,146.000000,0,0.000000,0,0.000000,18,1,21,0.000000,6.952381
167828,940432.000000,2019-11-27 00:00:00+03:00,12,83.000000,0,0.000000,0,0.000000,19,1,12,0.000000,6.916667
167828,940432.000000,2019-11-28 00:00:00+03:00,9,87.000000,0,0.000000,0,0.000000,20,1,9,0.000000,9.666667
167828,940434.000000,2019-11-01 00:00:00+03:00,7,29.000000,0,0.000000,0,0.000000,5,1,7,0.000000,4.142857
167828,940434.000000,2019-11-05 00:00:00+03:00,14,80.000000,0,0.000000,0,0.000000,4,1,14,0.000000,5.714286
167828,940434.000000,2019-11-06 00:00:00+03:00,13,80.000000,0,0.000000,0,0.000000,4,1,13,0.000000,6.153846
167828,940434.000000,2019-11-07 00:00:00+03:00,5,33.000000,0,0.000000,0,0.000000,3,1,5,0.000000,6.600000
167828,940434.000000,2019-11-08 00:00:00+03:00,5,20.000000,0,0.000000,0,0.000000,8,1,5,0.000000,4.000000
167828,940434.000000,2019-11-11 00:00:00+03:00,2,8.000000,0,0.000000,0,0.000000,7,1,2,0.000000,4.000000
167828,940434.000000,2019-11-12 00:00:00+03:00,5,30.000000,0,0.000000,0,0.000000,3,1,5,0.000000,6.000000
167828,940434.000000,2019-11-13 00:00:00+03:00,1,4.000000,0,0.000000,0,0.000000,10,1,1,0.000000,4.000000
167828,940434.000000,2019-11-14 00:00:00+03:00,5,22.000000,0,0.000000,0,0.000000,0,1,5,0.000000,4.400000
167828,940434.000000,2019-11-15 00:00:00+03:00,4,22.000000,0,0.000000,0,0.000000,4,1,4,0.000000,5.500000
167828,940434.000000,2019-11-18 00:00:00+03:00,6,19.000000,0,0.000000,0,0.000000,1,1,6,0.000000,3.166667
167828,940434.000000,2019-11-19 00:00:00+03:00,9,32.000000,0,0.000000,0,0.000000,1,1,9,0.000000,3.555556
167828,940434.000000,2019-11-20 00:00:00+03:00,8,42.000000,0,0.000000,0,0.000000,9,1,8,0.000000,5.250000
167828,940434.000000,2019-11-21 00:00:00+03:00,5,26.000000,0,0.000000,0,0.000000,0,1,5,0.000000,5.200000
167828,940434.000000,2019-11-22 00:00:00+03:00,3,10.000000,0,0.000000,0,0.000000,1,1,3,0.000000,3.333333
167828,940434.000000,2019-11-25 00:00:00+03:00,5,17.000000,0,0.000000,0,0.000000,12,1,5,0.000000,3.400000
167828,940434.000000,2019-11-26 00:00:00+03:00,7,27.000000,0,0.000000,0,0.000000,15,1,7,0.000000,3.857143
167828,940434.000000,2019-11-27 00:00:00+03:00,3,12.000000,0,0.000000,0,0.000000,4,1,3,0.000000,4.000000
167828,940434.000000,2019-11-28 00:00:00+03:00,9,34.000000,0,0.000000,0,0.000000,1,1,9,0.000000,3.777778
167828,940436.000000,2019-11-06 00:00:00+03:00,1,10.000000,0,0.000000,0,0.000000,0,1,1,0.000000,10.000000
167828,940436.000000,2019-11-08 00:00:00+03:00,1,22.000000,0,0.000000,0,0.000000,0,1,1,0.000000,22.000000
167828,940436.000000,2019-11-20 00:00:00+03:00,1,18.000000,0,0.000000,0,0.000000,3,1,1,0.000000,18.000000
167828,940436.000000,2019-11-21 00:00:00+03:00,7,110.000000,0,0.000000,0,0.000000,2,1,7,0.000000,15.714286
167828,940436.000000,2019-11-22 00:00:00+03:00,4,22.000000,0,0.000000,0,0.000000,1,1,4,0.000000,5.500000
167828,940436.000000,2019-11-25 00:00:00+03:00,4,36.000000,0,0.000000,0,0.000000,0,1,4,0.000000,9.000000
167828,940436.000000,2019-11-26 00:00:00+03:00,7,59.000000,0,0.000000,0,0.000000,0,1,7,0.000000,8.428571
167828,940436.000000,2019-11-27 00:00:00+03:00,5,43.000000,0,0.000000,0,0.000000,0,1,5,0.000000,8.600000
167828,940436.000000,2019-11-28 00:00:00+03:00,2,23.000000,0,0.000000,0,0.000000,1,1,2,0.000000,11.500000
167828,940438.000000,2019-11-01 00:00:00+03:00,4,19.000000,0,0.000000,0,0.000000,13,1,4,0.000000,4.750000
167828,940438.000000,2019-11-05 00:00:00+03:00,2,13.000000,0,0.000000,0,0.000000,16,1,2,0.000000,6.500000
167828,940438.000000,2019-11-06 00:00:00+03:00,0,0.000000,0,0.000000,0,0.000000,16,1,0,,
167828,940438.000000,2019-11-07 00:00:00+03:00,2,14.000000,0,0.000000,0,0.000000,8,1,2,0.000000,7.000000
167828,940438.000000,2019-11-08 00:00:00+03:00,3,14.000000,0,0.000000,0,0.000000,13,1,3,0.000000,4.666667
167828,940438.000000,2019-11-11 00:00:00+03:00,1,5.000000,0,0.000000,0,0.000000,18,1,1,0.000000,5.000000
167828,940438.000000,2019-11-12 00:00:00+03:00,4,20.000000,0,0.000000,0,0.000000,12,1,4,0.000000,5.000000
167828,940438.000000,2019-11-13 00:00:00+03:00,3,12.000000,0,0.000000,0,0.000000,12,1,3,0.000000,4.000000
167828,940438.000000,2019-11-14 00:00:00+03:00,5,25.000000,0,0.000000,0,0.000000,15,1,5,0.000000,5.000000
167828,940438.000000,2019-11-15 00:00:00+03:00,3,13.000000,0,0.000000,0,0.000000,20,1,3,0.000000,4.333333
167828,940438.000000,2019-11-18 00:00:00+03:00,2,10.000000,0,0.000000,0,0.000000,32,1,2,0.000000,5.000000
167828,940438.000000,2019-11-19 00:00:00+03:00,2,7.000000,0,0.000000,0,0.000000,22,1,2,0.000000,3.500000
167828,940438.000000,2019-11-20 00:00:00+03:00,2,10.000000,0,0.000000,0,0.000000,14,1,2,0.000000,5.000000
167828,940438.000000,2019-11-21 00:00:00+03:00,0,0.000000,0,0.000000,0,0.000000,33,1,0,,
167828,940438.000000,2019-11-22 00:00:00+03:00,1,5.000000,0,0.000000,0,0.000000,15,1,1,0.000000,5.000000
167828,940438.000000,2019-11-25 00:00:00+03:00,4,24.000000,0,0.000000,0,0.000000,8,1,4,0.000000,6.000000
167828,940438.000000,2019-11-26 00:00:00+03:00,0,0.000000,0,0.000000,0,0.000000,9,1,0,,
167828,940438.000000,2019-11-27 00:00:00+03:00,1,7.000000,0,0.000000,0,0.000000,7,1,1,0.000000,7.000000
167828,940438.000000,2019-11-28 00:00:00+03:00,3,15.000000,0,0.000000,0,0.000000,7,1,3,0.000000,5.000000
167828,940440.000000,2019-11-05 00:00:00+03:00,0,0.000000,0,0.000000,0,0.000000,2,1,0,,
167828,940440.000000,2019-11-06 00:00:00+03:00,2,13.000000,0,0.000000,0,0.000000,1,1,2,0.000000,6.500000
167828,940440.000000,2019-11-07 00:00:00+03:00,2,31.000000,0,0.000000,0,0.000000,0,1,2,0.000000,15.500000
167828,940440.000000,2019-11-08 00:00:00+03:00,2,36.000000,0,0.000000,0,0.000000,0,1,2,0.000000,18.000000
167828,940440.000000,2019-11-11 00:00:00+03:00,5,26.000000,0,0.000000,0,0.000000,0,1,5,0.000000,5.200000
167828,940440.000000,2019-11-12 00:00:00+03:00,2,45.000000,0,0.000000,0,0.000000,1,1,2,0.000000,22.500000
167828,940440.000000,2019-11-13 00:00:00+03:00,1,21.000000,0,0.000000,0,0.000000,0,1,1,0.000000,21.000000
167828,940440.000000,2019-11-14 00:00:00+03:00,2,34.000000,0,0.000000,0,0.000000,0,1,2,0.000000,17.000000
167828,940440.000000,2019-11-18 00:00:00+03:00,1,40.000000,0,0.000000,0,0.000000,0,1,1,0.000000,40.000000
167828,940440.000000,2019-11-19 00:00:00+03:00,5,79.000000,0,0.000000,0,0.000000,0,1,5,0.000000,15.800000
167828,940440.000000,2019-11-20 00:00:00+03:00,2,18.000000,0,0.000000,0,0.000000,0,1,2,0.000000,9.000000
167828,940440.000000,2019-11-21 00:00:00+03:00,7,59.000000,0,0.000000,0,0.000000,0,1,7,0.000000,8.428571
167828,940440.000000,2019-11-22 00:00:00+03:00,3,20.000000,0,0.000000,0,0.000000,0,1,3,0.000000,6.666667
167828,940440.000000,2019-11-25 00:00:00+03:00,3,27.000000,0,0.000000,0,0.000000,1,1,3,0.000000,9.000000
167828,940440.000000,2019-11-26 00:00:00+03:00,2,19.000000,0,0.000000,0,0.000000,7,1,2,0.000000,9.500000
167828,940440.000000,2019-11-27 00:00:00+03:00,4,31.000000,0,0.000000,0,0.000000,0,1,4,0.000000,7.750000
167828,940440.000000,2019-11-28 00:00:00+03:00,3,20.000000,0,0.000000,0,0.000000,1,1,3,0.000000,6.666667
167828,940442.000000,2019-11-01 00:00:00+03:00,4,4.000000,0,0.000000,0,0.000000,12,1,4,0.000000,1.000000
167828,940442.000000,2019-11-05 00:00:00+03:00,6,3.000000,1,1.000000,0,0.000000,13,1,7,0.142857,0.500000
167828,940442.000000,2019-11-06 00:00:00+03:00,3,2.000000,0,0.000000,0,0.000000,23,1,3,0.000000,0.666667
167828,940442.000000,2019-11-07 00:00:00+03:00,22,16.000000,0,0.000000,0,0.000000,59,1,22,0.000000,0.727273
167828,940442.000000,2019-11-08 00:00:00+03:00,6,3.000000,0,0.000000,0,0.000000,8,1,6,0.000000,0.500000
167828,940442.000000,2019-11-11 00:00:00+03:00,6,5.000000,0,0.000000,0,0.000000,6,1,6,0.000000,0.833333
167828,940442.000000,2019-11-12 00:00:00+03:00,6,4.000000,0,0.000000,0,0.000000,19,1,6,0.000000,0.666667
167828,940442.000000,2019-11-13 00:00:00+03:00,7,4.000000,0,0.000000,0,0.000000,14,1,7,0.000000,0.571429
167828,940442.000000,2019-11-14 00:00:00+03:00,12,8.000000,0,0.000000,0,0.000000,23,1,12,0.000000,0.666667
167828,940442.000000,2019-11-15 00:00:00+03:00,5,3.000000,0,0.000000,0,0.000000,6,1,5,0.000000,0.600000
167828,940442.000000,2019-11-18 00:00:00+03:00,11,10.000000,0,0.000000,0,0.000000,9,1,11,0.000000,0.909091
167828,940442.000000,2019-11-19 00:00:00+03:00,10,10.000000,0,0.000000,0,0.000000,9,1,10,0.000000,1.000000
167828,940442.000000,2019-11-20 00:00:00+03:00,6,3.000000,0,0.000000,0,0.000000,5,1,6,0.000000,0.500000
167828,940442.000000,2019-11-21 00:00:00+03:00,8,6.000000,0,0.000000,0,0.000000,24,1,8,0.000000,0.750000
167828,940442.000000,2019-11-22 00:00:00+03:00,7,3.000000,0,0.000000,0,0.000000,13,1,7,0.000000,0.428571
167828,940442.000000,2019-11-25 00:00:00+03:00,11,8.000000,0,0.000000,0,0.000000,6,1,11,0.000000,0.727273
167828,940442.000000,2019-11-26 00:00:00+03:00,5,3.000000,0,0.000000,0,0.000000,8,1,5,0.000000,0.600000
167828,940442.000000,2019-11-27 00:00:00+03:00,12,12.000000,0,0.000000,0,0.000000,19,1,12,0.000000,1.000000
167828,940442.000000,2019-11-28 00:00:00+03:00,8,7.000000,0,0.000000,0,0.000000,47,1,8,0.000000,0.875000
167829,969272.000000,2019-11-22 00:00:00+03:00,7,239.000000,0,0.000000,0,0.000000,17,1,7,0.000000,34.142857
167829,969272.000000,2019-11-23 00:00:00+03:00,6,198.000000,0,0.000000,0,0.000000,15,1,6,0.000000,33.000000
167829,969272.000000,2019-11-24 00:00:00+03:00,8,273.000000,0,0.000000,0,0.000000,23,1,8,0.000000,34.125000
167829,969272.000000,2019-11-25 00:00:00+03:00,32,685.000000,1,40.000000,0,0.000000,25,1,33,0.030303,21.406250
167829,969272.000000,2019-11-26 00:00:00+03:00,29,120.000000,0,0.000000,0,0.000000,56,1,29,0.000000,4.137931
167829,969272.000000,2019-11-27 00:00:00+03:00,76,338.000000,0,0.000000,0,0.000000,47,1,76,0.000000,4.447368
167829,969272.000000,2019-11-28 00:00:00+03:00,66,288.000000,0,0.000000,0,0.000000,35,1,66,0.000000,4.363636
167840,952968.000000,2019-11-01 00:00:00+03:00,1,6.000000,0,0.000000,0,0.000000,0,1,1,0.000000,6.000000
167840,952968.000000,2019-11-26 00:00:00+03:00,1,4.000000,0,0.000000,0,0.000000,2,1,1,0.000000,4.000000
167847,928142.000000,2019-11-12 00:00:00+03:00,2,28.000000,0,0.000000,0,0.000000,0,1,2,0.000000,14.000000
167847,928142.000000,2019-11-21 00:00:00+03:00,1,11.000000,0,0.000000,0,0.000000,0,1,1,0.000000,11.000000
167852,930690.000000,2019-11-11 00:00:00+03:00,1,5.000000,0,0.000000,0,0.000000,0,1,1,0.000000,5.000000
167852,930690.000000,2019-11-15 00:00:00+03:00,0,0.000000,0,0.000000,0,0.000000,1,1,0,,
167852,930690.000000,2019-11-27 00:00:00+03:00,0,0.000000,0,0.000000,0,0.000000,1,1,0,,
167852,930690.000000,2019-11-28 00:00:00+03:00,1,8.000000,0,0.000000,0,0.000000,0,1,1,0.000000,8.000000
167852,932798.000000,2019-11-01 00:00:00+03:00,5,45.000000,0,0.000000,0,0.000000,0,1,5,0.000000,9.000000
167852,932798.000000,2019-11-05 00:00:00+03:00,5,61.000000,0,0.000000,0,0.000000,0,1,5,0.000000,12.200000
167852,932798.000000,2019-11-07 00:00:00+03:00,5,35.000000,1,15.000000,0,0.000000,0,1,6,0.166667,7.000000
167852,932798.000000,2019-11-08 00:00:00+03:00,1,4.000000,0,0.000000,0,0.000000,0,1,1,0.000000,4.000000
167852,932798.000000,2019-11-11 00:00:00+03:00,3,22.000000,0,0.000000,0,0.000000,0,1,3,0.000000,7.333333
167852,932798.000000,2019-11-20 00:00:00+03:00,3,33.000000,0,0.000000,0,0.000000,0,1,3,0.000000,11.000000
167852,932798.000000,2019-11-27 00:00:00+03:00,2,15.000000,0,0.000000,0,0.000000,0,1,2,0.000000,7.500000
167852,932798.000000,2019-11-28 00:00:00+03:00,1,5.000000,0,0.000000,0,0.000000,2,1,1,0.000000,5.000000
167870,936110.000000,2019-11-01 00:00:00+03:00,3,36.000000,0,0.000000,0,0.000000,0,1,3,0.000000,12.000000
167870,936110.000000,2019-11-02 00:00:00+03:00,3,34.000000,0,0.000000,0,0.000000,0,1,3,0.000000,11.333333
167870,936110.000000,2019-11-04 00:00:00+03:00,1,12.000000,0,0.000000,0,0.000000,0,1,1,0.000000,12.000000
167870,936110.000000,2019-11-05 00:00:00+03:00,2,35.000000,0,0.000000,0,0.000000,0,1,2,0.000000,17.500000
167870,936110.000000,2019-11-06 00:00:00+03:00,5,81.000000,0,0.000000,0,0.000000,0,1,5,0.000000,16.200000
167870,936110.000000,2019-11-07 00:00:00+03:00,2,31.000000,0,0.000000,0,0.000000,0,1,2,0.000000,15.500000
167870,936110.000000,2019-11-08 00:00:00+03:00,6,114.000000,0,0.000000,0,0.000000,0,1,6,0.000000,19.000000
167870,936110.000000,2019-11-10 00:00:00+03:00,2,32.000000,0,0.000000,0,0.000000,0,1,2,0.000000,16.000000
167870,936110.000000,2019-11-11 00:00:00+03:00,13,223.000000,0,0.000000,0,0.000000,0,1,13,0.000000,17.153846
167870,936110.000000,2019-11-12 00:00:00+03:00,4,53.000000,0,0.000000,0,0.000000,0,1,4,0.000000,13.250000
167870,936110.000000,2019-11-13 00:00:00+03:00,3,35.000000,0,0.000000,0,0.000000,0,1,3,0.000000,11.666667
167870,936110.000000,2019-11-14 00:00:00+03:00,3,88.000000,0,0.000000,0,0.000000,0,1,3,0.000000,29.333333
167870,936110.000000,2019-11-15 00:00:00+03:00,3,44.000000,0,0.000000,0,0.000000,0,1,3,0.000000,14.666667
167870,936110.000000,2019-11-16 00:00:00+03:00,1,10.000000,0,0.000000,0,0.000000,0,1,1,0.000000,10.000000
167870,936110.000000,2019-11-17 00:00:00+03:00,1,15.000000,0,0.000000,0,0.000000,0,1,1,0.000000,15.000000
167870,936110.000000,2019-11-18 00:00:00+03:00,3,35.000000,0,0.000000,0,0.000000,0,1,3,0.000000,11.666667
167870,936110.000000,2019-11-19 00:00:00+03:00,2,29.000000,0,0.000000,0,0.000000,0,1,2,0.000000,14.500000
167870,936110.000000,2019-11-20 00:00:00+03:00,9,141.000000,0,0.000000,0,0.000000,0,1,9,0.000000,15.666667
167870,936110.000000,2019-11-21 00:00:00+03:00,5,70.000000,0,0.000000,0,0.000000,0,1,5,0.000000,14.000000
167870,936110.000000,2019-11-22 00:00:00+03:00,3,37.000000,0,0.000000,0,0.000000,0,1,3,0.000000,12.333333
167870,936110.000000,2019-11-25 00:00:00+03:00,5,70.000000,0,0.000000,0,0.000000,0,1,5,0.000000,14.000000
167870,936110.000000,2019-11-26 00:00:00+03:00,6,147.000000,0,0.000000,0,0.000000,0,1,6,0.000000,24.500000
167870,936110.000000,2019-11-27 00:00:00+03:00,2,34.000000,0,0.000000,0,0.000000,0,1,2,0.000000,17.000000
167870,936110.000000,2019-11-28 00:00:00+03:00,1,10.000000,0,0.000000,0,0.000000,0,1,1,0.000000,10.000000
167888,928886.000000,2019-11-01 00:00:00+03:00,2,8.000000,0,0.000000,0,0.000000,33,1,2,0.000000,4.000000
167888,928886.000000,2019-11-05 00:00:00+03:00,1,5.000000,0,0.000000,0,0.000000,15,1,1,0.000000,5.000000
167888,928886.000000,2019-11-06 00:00:00+03:00,2,19.000000,0,0.000000,0,0.000000,12,1,2,0.000000,9.500000
167888,928886.000000,2019-11-07 00:00:00+03:00,1,6.000000,0,0.000000,0,0.000000,5,1,1,0.000000,6.000000
167888,928886.000000,2019-11-11 00:00:00+03:00,3,21.000000,0,0.000000,0,0.000000,9,1,3,0.000000,7.000000
167888,928886.000000,2019-11-13 00:00:00+03:00,2,43.000000,0,0.000000,0,0.000000,17,1,2,0.000000,21.500000
167888,928886.000000,2019-11-14 00:00:00+03:00,1,21.000000,0,0.000000,0,0.000000,7,1,1,0.000000,21.000000
167888,928886.000000,2019-11-15 00:00:00+03:00,0,0.000000,0,0.000000,0,0.000000,21,1,0,,
167888,928886.000000,2019-11-18 00:00:00+03:00,4,36.000000,0,0.000000,0,0.000000,9,1,4,0.000000,9.000000
167888,928886.000000,2019-11-19 00:00:00+03:00,6,66.000000,0,0.000000,0,0.000000,13,1,6,0.000000,11.000000
167888,928886.000000,2019-11-20 00:00:00+03:00,0,0.000000,0,0.000000,0,0.000000,24,1,0,,
167888,928886.000000,2019-11-21 00:00:00+03:00,0,0.000000,0,0.000000,0,0.000000,21,1,0,,
167888,928886.000000,2019-11-22 00:00:00+03:00,1,8.000000,0,0.000000,0,0.000000,20,1,1,0.000000,8.000000
167888,928886.000000,2019-11-25 00:00:00+03:00,2,13.000000,0,0.000000,0,0.000000,29,1,2,0.000000,6.500000
167888,928886.000000,2019-11-26 00:00:00+03:00,0,0.000000,0,0.000000,0,0.000000,8,1,0,,
167888,928886.000000,2019-11-27 00:00:00+03:00,4,20.000000,1,17.000000,0,0.000000,29,1,5,0.200000,5.000000
167888,928886.000000,2019-11-28 00:00:00+03:00,2,16.000000,0,0.000000,0,0.000000,15,1,2,0.000000,8.000000
167888,928888.000000,2019-11-01 00:00:00+03:00,21,126.000000,0,0.000000,0,0.000000,13,1,21,0.000000,6.000000
167888,928888.000000,2019-11-05 00:00:00+03:00,4,31.000000,0,0.000000,0,0.000000,30,1,4,0.000000,7.750000
167888,928888.000000,2019-11-06 00:00:00+03:00,6,36.000000,0,0.000000,0,0.000000,3,1,6,0.000000,6.000000
167888,928888.000000,2019-11-07 00:00:00+03:00,3,25.000000,0,0.000000,0,0.000000,11,1,3,0.000000,8.333333
167888,928888.000000,2019-11-11 00:00:00+03:00,6,41.000000,0,0.000000,0,0.000000,30,1,6,0.000000,6.833333
167888,928888.000000,2019-11-13 00:00:00+03:00,8,76.000000,0,0.000000,0,0.000000,13,1,8,0.000000,9.500000
167888,928888.000000,2019-11-14 00:00:00+03:00,8,58.000000,0,0.000000,0,0.000000,13,1,8,0.000000,7.250000
167888,928888.000000,2019-11-15 00:00:00+03:00,15,123.000000,0,0.000000,0,0.000000,13,1,15,0.000000,8.200000
167888,928888.000000,2019-11-18 00:00:00+03:00,5,48.000000,0,0.000000,0,0.000000,33,1,5,0.000000,9.600000
167888,928888.000000,2019-11-19 00:00:00+03:00,5,30.000000,0,0.000000,0,0.000000,22,1,5,0.000000,6.000000
167888,928888.000000,2019-11-20 00:00:00+03:00,10,71.000000,0,0.000000,0,0.000000,2,1,10,0.000000,7.100000
167888,928888.000000,2019-11-21 00:00:00+03:00,20,114.000000,0,0.000000,0,0.000000,13,1,20,0.000000,5.700000
167888,928888.000000,2019-11-22 00:00:00+03:00,9,93.000000,0,0.000000,0,0.000000,36,1,9,0.000000,10.333333
167888,928888.000000,2019-11-25 00:00:00+03:00,11,71.000000,0,0.000000,0,0.000000,42,1,11,0.000000,6.454545
167888,928888.000000,2019-11-26 00:00:00+03:00,14,114.000000,0,0.000000,0,0.000000,8,1,14,0.000000,8.142857
167888,928888.000000,2019-11-27 00:00:00+03:00,8,58.000000,0,0.000000,0,0.000000,10,1,8,0.000000,7.250000
167888,928888.000000,2019-11-28 00:00:00+03:00,18,146.000000,0,0.000000,0,0.000000,20,1,18,0.000000,8.111111
167888,930020.000000,2019-11-01 00:00:00+03:00,0,0.000000,0,0.000000,0,0.000000,26,1,0,,
167888,930020.000000,2019-11-05 00:00:00+03:00,2,13.000000,0,0.000000,0,0.000000,24,1,2,0.000000,6.500000
167888,930020.000000,2019-11-06 00:00:00+03:00,0,0.000000,0,0.000000,0,0.000000,8,1,0,,
167888,930020.000000,2019-11-11 00:00:00+03:00,3,32.000000,0,0.000000,0,0.000000,28,1,3,0.000000,10.666667
167888,930020.000000,2019-11-13 00:00:00+03:00,3,17.000000,0,0.000000,0,0.000000,13,1,3,0.000000,5.666667
167888,930020.000000,2019-11-14 00:00:00+03:00,2,16.000000,0,0.000000,0,0.000000,15,1,2,0.000000,8.000000
167888,930020.000000,2019-11-15 00:00:00+03:00,2,19.000000,0,0.000000,0,0.000000,25,1,2,0.000000,9.500000
167888,930020.000000,2019-11-18 00:00:00+03:00,3,23.000000,0,0.000000,0,0.000000,12,1,3,0.000000,7.666667
167888,930020.000000,2019-11-19 00:00:00+03:00,0,0.000000,0,0.000000,0,0.000000,13,1,0,,
167888,930020.000000,2019-11-20 00:00:00+03:00,1,25.000000,0,0.000000,0,0.000000,7,1,1,0.000000,25.000000
167888,930020.000000,2019-11-21 00:00:00+03:00,2,14.000000,0,0.000000,0,0.000000,8,1,2,0.000000,7.000000
167888,930020.000000,2019-11-22 00:00:00+03:00,5,40.000000,0,0.000000,0,0.000000,20,1,5,0.000000,8.000000
167888,930020.000000,2019-11-25 00:00:00+03:00,6,38.000000,0,0.000000,0,0.000000,24,1,6,0.000000,6.333333
167888,930020.000000,2019-11-26 00:00:00+03:00,1,4.000000,0,0.000000,0,0.000000,3,1,1,0.000000,4.000000
167888,930020.000000,2019-11-27 00:00:00+03:00,1,6.000000,1,21.000000,0,0.000000,19,1,2,0.500000,6.000000
167888,930020.000000,2019-11-28 00:00:00+03:00,0,0.000000,0,0.000000,0,0.000000,17,1,0,,
167906,939698.000000,2019-11-15 00:00:00+03:00,1,17.000000,0,0.000000,0,0.000000,0,1,1,0.000000,17.000000
167908,971354.000000,2019-11-26 00:00:00+03:00,1,13.000000,0,0.000000,0,0.000000,0,1,1,0.000000,13.000000
167908,971354.000000,2019-11-27 00:00:00+03:00,5,71.000000,0,0.000000,0,0.000000,0,1,5,0.000000,14.200000
167923,951408.000000,2019-11-01 00:00:00+03:00,0,0.000000,0,0.000000,0,0.000000,1,1,0,,
167923,951408.000000,2019-11-05 00:00:00+03:00,0,0.000000,0,0.000000,0,0.000000,3,1,0,,
167923,951408.000000,2019-11-06 00:00:00+03:00,0,0.000000,0,0.000000,0,0.000000,3,1,0,,
167923,951408.000000,2019-11-07 00:00:00+03:00,0,0.000000,0,0.000000,0,0.000000,2,1,0,,
167923,951408.000000,2019-11-12 00:00:00+03:00,0,0.000000,0,0.000000,0,0.000000,2,1,0,,
167923,951408.000000,2019-11-15 00:00:00+03:00,0,0.000000,0,0.000000,0,0.000000,2,1,0,,
167923,951408.000000,2019-11-18 00:00:00+03:00,0,0.000000,0,0.000000,0,0.000000,3,1,0,,
167923,951408.000000,2019-11-25 00:00:00+03:00,0,0.000000,0,0.000000,0,0.000000,2,1,0,,
167923,951408.000000,2019-11-27 00:00:00+03:00,0,0.000000,0,0.000000,0,0.000000,2,1,0,,
167923,973120.000000,2019-11-27 00:00:00+03:00,0,0.000000,0,0.000000,0,0.000000,3,1,0,,
167927,929622.000000,2019-11-01 00:00:00+03:00,2,48.000000,0,0.000000,0,0.000000,0,1,2,0.000000,24.000000
167927,929622.000000,2019-11-05 00:00:00+03:00,1,19.000000,0,0.000000,0,0.000000,0,1,1,0.000000,19.000000
167927,929622.000000,2019-11-15 00:00:00+03:00,1,10.000000,0,0.000000,0,0.000000,0,1,1,0.000000,10.000000
167927,929622.000000,2019-11-19 00:00:00+03:00,2,34.000000,0,0.000000,0,0.000000,0,1,2,0.000000,17.000000
167927,929622.000000,2019-11-20 00:00:00+03:00,1,10.000000,0,0.000000,0,0.000000,0,1,1,0.000000,10.000000
167927,929622.000000,2019-11-25 00:00:00+03:00,2,15.000000,0,0.000000,0,0.000000,2,1,2,0.000000,7.500000
167927,929622.000000,2019-11-26 00:00:00+03:00,2,33.000000,0,0.000000,0,0.000000,0,1,2,0.000000,16.500000
167927,929622.000000,2019-11-28 00:00:00+03:00,3,34.000000,0,0.000000,0,0.000000,1,1,3,0.000000,11.333333
167927,929626.000000,2019-11-01 00:00:00+03:00,1,11.000000,0,0.000000,0,0.000000,0,1,1,0.000000,11.000000
167927,929626.000000,2019-11-05 00:00:00+03:00,4,56.000000,0,0.000000,0,0.000000,1,1,4,0.000000,14.000000
167927,929626.000000,2019-11-06 00:00:00+03:00,1,10.000000,0,0.000000,0,0.000000,1,1,1,0.000000,10.000000
167927,929626.000000,2019-11-07 00:00:00+03:00,1,10.000000,0,0.000000,0,0.000000,0,1,1,0.000000,10.000000
167927,929626.000000,2019-11-08 00:00:00+03:00,2,24.000000,0,0.000000,0,0.000000,0,1,2,0.000000,12.000000
167927,929626.000000,2019-11-09 00:00:00+03:00,1,9.000000,0,0.000000,0,0.000000,0,1,1,0.000000,9.000000
167927,929626.000000,2019-11-12 00:00:00+03:00,10,114.000000,0,0.000000,0,0.000000,1,1,10,0.000000,11.400000
167927,929626.000000,2019-11-13 00:00:00+03:00,1,10.000000,0,0.000000,0,0.000000,0,1,1,0.000000,10.000000
167927,929626.000000,2019-11-14 00:00:00+03:00,1,8.000000,0,0.000000,0,0.000000,1,1,1,0.000000,8.000000
167927,929626.000000,2019-11-15 00:00:00+03:00,4,60.000000,0,0.000000,0,0.000000,0,1,4,0.000000,15.000000
167927,929626.000000,2019-11-18 00:00:00+03:00,0,0.000000,0,0.000000,0,0.000000,1,1,0,,
167927,929626.000000,2019-11-19 00:00:00+03:00,2,26.000000,0,0.000000,0,0.000000,0,1,2,0.000000,13.000000
167927,929626.000000,2019-11-22 00:00:00+03:00,1,9.000000,0,0.000000,0,0.000000,2,1,1,0.000000,9.000000
167927,929626.000000,2019-11-25 00:00:00+03:00,3,27.000000,0,0.000000,0,0.000000,6,1,3,0.000000,9.000000
167927,929626.000000,2019-11-26 00:00:00+03:00,0,0.000000,0,0.000000,0,0.000000,1,1,0,,
167927,929626.000000,2019-11-27 00:00:00+03:00,1,7.000000,0,0.000000,0,0.000000,0,1,1,0.000000,7.000000
167927,929626.000000,2019-11-28 00:00:00+03:00,1,13.000000,0,0.000000,0,0.000000,0,1,1,0.000000,13.000000
167930,930814.000000,2019-11-13 00:00:00+03:00,1,14.000000,0,0.000000,0,0.000000,0,1,1,0.000000,14.000000
167930,930814.000000,2019-11-15 00:00:00+03:00,2,24.000000,0,0.000000,0,0.000000,0,1,2,0.000000,12.000000
167930,930814.000000,2019-11-18 00:00:00+03:00,1,13.000000,0,0.000000,0,0.000000,0,1,1,0.000000,13.000000
167930,930814.000000,2019-11-19 00:00:00+03:00,1,12.000000,0,0.000000,0,0.000000,0,1,1,0.000000,12.000000
167930,930816.000000,2019-11-05 00:00:00+03:00,1,15.000000,0,0.000000,0,0.000000,0,1,1,0.000000,15.000000
167930,930816.000000,2019-11-10 00:00:00+03:00,1,7.000000,0,0.000000,0,0.000000,0,1,1,0.000000,7.000000
167930,930816.000000,2019-11-12 00:00:00+03:00,1,15.000000,0,0.000000,0,0.000000,0,1,1,0.000000,15.000000
167930,930816.000000,2019-11-14 00:00:00+03:00,1,14.000000,0,0.000000,0,0.000000,0,1,1,0.000000,14.000000
167930,930816.000000,2019-11-15 00:00:00+03:00,0,0.000000,0,0.000000,0,0.000000,1,1,0,,
167930,930818.000000,2019-11-24 00:00:00+03:00,1,12.000000,0,0.000000,0,0.000000,0,1,1,0.000000,12.000000
167930,930820.000000,2019-11-15 00:00:00+03:00,0,0.000000,0,0.000000,0,0.000000,2,1,0,,
167930,930820.000000,2019-11-18 00:00:00+03:00,1,11.000000,0,0.000000,0,0.000000,0,1,1,0.000000,11.000000
167930,930820.000000,2019-11-24 00:00:00+03:00,1,14.000000,0,0.000000,0,0.000000,0,1,1,0.000000,14.000000
167936,931914.000000,2019-11-01 00:00:00+03:00,3,48.000000,0,0.000000,0,0.000000,0,1,3,0.000000,16.000000
167936,931914.000000,2019-11-05 00:00:00+03:00,2,32.000000,0,0.000000,0,0.000000,0,1,2,0.000000,16.000000
167936,931914.000000,2019-11-06 00:00:00+03:00,2,32.000000,0,0.000000,0,0.000000,0,1,2,0.000000,16.000000
167936,931914.000000,2019-11-10 00:00:00+03:00,1,17.000000,0,0.000000,0,0.000000,0,1,1,0.000000,17.000000
167936,931914.000000,2019-11-15 00:00:00+03:00,2,36.000000,0,0.000000,0,0.000000,0,1,2,0.000000,18.000000
167936,931914.000000,2019-11-24 00:00:00+03:00,1,18.000000,0,0.000000,0,0.000000,0,1,1,0.000000,18.000000
167936,931914.000000,2019-11-25 00:00:00+03:00,2,41.000000,0,0.000000,0,0.000000,0,1,2,0.000000,20.500000
167936,931914.000000,2019-11-26 00:00:00+03:00,1,20.000000,0,0.000000,0,0.000000,0,1,1,0.000000,20.000000
167936,931914.000000,2019-11-27 00:00:00+03:00,3,80.000000,0,0.000000,0,0.000000,0,1,3,0.000000,26.666667
167947,930582.000000,2019-11-05 00:00:00+03:00,1,16.000000,0,0.000000,0,0.000000,0,1,1,0.000000,16.000000
167947,930586.000000,2019-11-04 00:00:00+03:00,0,0.000000,0,0.000000,0,0.000000,14,1,0,,
167947,930586.000000,2019-11-06 00:00:00+03:00,0,0.000000,0,0.000000,0,0.000000,9,1,0,,
167947,930586.000000,2019-11-07 00:00:00+03:00,0,0.000000,0,0.000000,0,0.000000,8,1,0,,
167947,930586.000000,2019-11-08 00:00:00+03:00,0,0.000000,0,0.000000,0,0.000000,5,1,0,,
167947,930586.000000,2019-11-11 00:00:00+03:00,0,0.000000,0,0.000000,0,0.000000,12,1,0,,
167947,930586.000000,2019-11-12 00:00:00+03:00,0,0.000000,0,0.000000,0,0.000000,3,1,0,,
167947,930586.000000,2019-11-14 00:00:00+03:00,0,0.000000,0,0.000000,0,0.000000,9,1,0,,
167947,930586.000000,2019-11-15 00:00:00+03:00,0,0.000000,0,0.000000,0,0.000000,12,1,0,,
167947,930586.000000,2019-11-18 00:00:00+03:00,0,0.000000,0,0.000000,0,0.000000,13,1,0,,
167947,930586.000000,2019-11-19 00:00:00+03:00,0,0.000000,0,0.000000,0,0.000000,20,1,0,,
167947,930586.000000,2019-11-20 00:00:00+03:00,0,0.000000,0,0.000000,0,0.000000,23,1,0,,
167947,930586.000000,2019-11-21 00:00:00+03:00,0,0.000000,0,0.000000,0,0.000000,15,1,0,,
167947,930586.000000,2019-11-22 00:00:00+03:00,0,0.000000,0,0.000000,0,0.000000,9,1,0,,
167947,930586.000000,2019-11-25 00:00:00+03:00,0,0.000000,0,0.000000,0,0.000000,7,1,0,,
167947,930586.000000,2019-11-26 00:00:00+03:00,0,0.000000,0,0.000000,0,0.000000,10,1,0,,
167947,930590.000000,2019-11-05 00:00:00+03:00,0,0.000000,0,0.000000,0,0.000000,4,1,0,,
167947,930590.000000,2019-11-06 00:00:00+03:00,0,0.000000,0,0.000000,0,0.000000,3,1,0,,
167947,930590.000000,2019-11-07 00:00:00+03:00,0,0.000000,0,0.000000,0,0.000000,3,1,0,,
167947,930590.000000,2019-11-08 00:00:00+03:00,0,0.000000,0,0.000000,0,0.000000,2,1,0,,
167947,930590.000000,2019-11-11 00:00:00+03:00,0,0.000000,0,0.000000,0,0.000000,9,1,0,,
167947,930590.000000,2019-11-12 00:00:00+03:00,0,0.000000,0,0.000000,0,0.000000,2,1,0,,
167947,930594.000000,2019-11-05 00:00:00+03:00,0,0.000000,0,0.000000,0,0.000000,4,1,0,,
167947,930594.000000,2019-11-06 00:00:00+03:00,0,0.000000,0,0.000000,0,0.000000,10,1,0,,
167947,930594.000000,2019-11-07 00:00:00+03:00,0,0.000000,0,0.000000,0,0.000000,4,1,0,,
167947,930594.000000,2019-11-08 00:00:00+03:00,0,0.000000,0,0.000000,0,0.000000,4,1,0,,
167947,930594.000000,2019-11-11 00:00:00+03:00,0,0.000000,0,0.000000,0,0.000000,2,1,0,,
167948,930326.000000,2019-11-01 00:00:00+03:00,1,6.000000,0,0.000000,0,0.000000,0,1,1,0.000000,6.000000
167948,930326.000000,2019-11-05 00:00:00+03:00,1,6.000000,0,0.000000,0,0.000000,0,1,1,0.000000,6.000000
167948,930326.000000,2019-11-06 00:00:00+03:00,1,17.000000,0,0.000000,0,0.000000,0,1,1,0.000000,17.000000
167948,930326.000000,2019-11-28 00:00:00+03:00,2,42.000000,0,0.000000,0,0.000000,0,1,2,0.000000,21.000000
167949,929876.000000,2019-11-01 00:00:00+03:00,0,0.000000,0,0.000000,0,0.000000,1,1,0,,
167949,929876.000000,2019-11-05 00:00:00+03:00,0,0.000000,0,0.000000,0,0.000000,6,1,0,,
167949,929876.000000,2019-11-06 00:00:00+03:00,1,12.000000,0,0.000000,0,0.000000,1,1,1,0.000000,12.000000
167949,929876.000000,2019-11-07 00:00:00+03:00,2,48.000000,0,0.000000,0,0.000000,0,1,2,0.000000,24.000000
167949,929876.000000,2019-11-08 00:00:00+03:00,0,0.000000,0,0.000000,0,0.000000,2,1,0,,
167949,929876.000000,2019-11-11 00:00:00+03:00,2,21.000000,0,0.000000,0,0.000000,2,1,2,0.000000,10.500000
167949,929876.000000,2019-11-12 00:00:00+03:00,0,0.000000,0,0.000000,0,0.000000,1,1,0,,
167949,929876.000000,2019-11-13 00:00:00+03:00,1,11.000000,0,0.000000,0,0.000000,0,1,1,0.000000,11.000000
167949,929876.000000,2019-11-14 00:00:00+03:00,0,0.000000,0,0.000000,0,0.000000,8,1,0,,
167949,929876.000000,2019-11-15 00:00:00+03:00,1,30.000000,0,0.000000,0,0.000000,0,1,1,0.000000,30.000000
167949,929876.000000,2019-11-18 00:00:00+03:00,5,82.000000,0,0.000000,0,0.000000,2,1,5,0.000000,16.400000
167949,929876.000000,2019-11-19 00:00:00+03:00,0,0.000000,0,0.000000,0,0.000000,1,1,0,,
167949,929876.000000,2019-11-20 00:00:00+03:00,1,9.000000,0,0.000000,0,0.000000,4,1,1,0.000000,9.000000
167949,929876.000000,2019-11-21 00:00:00+03:00,1,17.000000,0,0.000000,0,0.000000,1,1,1,0.000000,17.000000
167949,929876.000000,2019-11-22 00:00:00+03:00,2,32.000000,0,0.000000,0,0.000000,1,1,2,0.000000,16.000000
167949,929876.000000,2019-11-25 00:00:00+03:00,1,7.000000,0,0.000000,0,0.000000,4,1,1,0.000000,7.000000
167949,929876.000000,2019-11-26 00:00:00+03:00,2,23.000000,0,0.000000,0,0.000000,0,1,2,0.000000,11.500000
167949,929876.000000,2019-11-27 00:00:00+03:00,0,0.000000,0,0.000000,0,0.000000,1,1,0,,
167949,929884.000000,2019-11-06 00:00:00+03:00,0,0.000000,0,0.000000,0,0.000000,2,1,0,,
167949,929884.000000,2019-11-07 00:00:00+03:00,0,0.000000,0,0.000000,0,0.000000,4,1,0,,
167949,929884.000000,2019-11-11 00:00:00+03:00,2,58.000000,0,0.000000,0,0.000000,0,1,2,0.000000,29.000000
167949,929884.000000,2019-11-14 00:00:00+03:00,6,99.000000,0,0.000000,0,0.000000,0,1,6,0.000000,16.500000
167949,929884.000000,2019-11-16 00:00:00+03:00,1,16.000000,0,0.000000,0,0.000000,0,1,1,0.000000,16.000000
167949,929884.000000,2019-11-22 00:00:00+03:00,1,27.000000,0,0.000000,0,0.000000,0,1,1,0.000000,27.000000
167949,929884.000000,2019-11-27 00:00:00+03:00,0,0.000000,0,0.000000,0,0.000000,2,1,0,,
167949,941384.000000,2019-11-01 00:00:00+03:00,2,15.000000,0,0.000000,0,0.000000,15,1,2,0.000000,7.500000
167949,941384.000000,2019-11-02 00:00:00+03:00,0,0.000000,0,0.000000,0,0.000000,2,1,0,,
167949,941384.000000,2019-11-04 00:00:00+03:00,0,0.000000,0,0.000000,0,0.000000,4,1,0,,
167949,941384.000000,2019-11-05 00:00:00+03:00,1,10.000000,0,0.000000,0,0.000000,38,1,1,0.000000,10.000000
167949,941384.000000,2019-11-06 00:00:00+03:00,3,30.000000,0,0.000000,0,0.000000,29,1,3,0.000000,10.000000
167949,941384.000000,2019-11-07 00:00:00+03:00,2,18.000000,0,0.000000,0,0.000000,23,1,2,0.000000,9.000000
167949,941384.000000,2019-11-08 00:00:00+03:00,0,0.000000,0,0.000000,0,0.000000,13,1,0,,
167949,941384.000000,2019-11-11 00:00:00+03:00,4,65.000000,0,0.000000,0,0.000000,28,1,4,0.000000,16.250000
167949,941384.000000,2019-11-12 00:00:00+03:00,0,0.000000,0,0.000000,0,0.000000,19,1,0,,
167949,941384.000000,2019-11-13 00:00:00+03:00,2,22.000000,0,0.000000,0,0.000000,12,1,2,0.000000,11.000000
167949,941384.000000,2019-11-14 00:00:00+03:00,2,48.000000,0,0.000000,0,0.000000,43,1,2,0.000000,24.000000
167949,941384.000000,2019-11-15 00:00:00+03:00,3,31.000000,0,0.000000,0,0.000000,44,1,3,0.000000,10.333333
167949,941384.000000,2019-11-16 00:00:00+03:00,0,0.000000,0,0.000000,0,0.000000,2,1,0,,
167949,941384.000000,2019-11-18 00:00:00+03:00,3,26.000000,0,0.000000,0,0.000000,35,1,3,0.000000,8.666667
167949,941384.000000,2019-11-19 00:00:00+03:00,2,18.000000,0,0.000000,0,0.000000,28,1,2,0.000000,9.000000
167949,941384.000000,2019-11-20 00:00:00+03:00,1,8.000000,0,0.000000,0,0.000000,16,1,1,0.000000,8.000000
167949,941384.000000,2019-11-21 00:00:00+03:00,1,11.000000,0,0.000000,0,0.000000,10,1,1,0.000000,11.000000
167949,941384.000000,2019-11-22 00:00:00+03:00,1,9.000000,0,0.000000,0,0.000000,22,1,1,0.000000,9.000000
167949,941384.000000,2019-11-25 00:00:00+03:00,1,6.000000,0,0.000000,0,0.000000,29,1,1,0.000000,6.000000
167949,941384.000000,2019-11-26 00:00:00+03:00,3,29.000000,0,0.000000,0,0.000000,26,1,3,0.000000,9.666667
167949,941384.000000,2019-11-27 00:00:00+03:00,1,22.000000,0,0.000000,0,0.000000,50,1,1,0.000000,22.000000
167949,941384.000000,2019-11-28 00:00:00+03:00,4,46.000000,0,0.000000,0,0.000000,29,1,4,0.000000,11.500000
167949,968232.000000,2019-11-26 00:00:00+03:00,1,13.000000,0,0.000000,0,0.000000,0,1,1,0.000000,13.000000
167955,930186.000000,2019-11-01 00:00:00+03:00,1,1.000000,0,0.000000,0,0.000000,7,1,1,0.000000,1.000000
167955,930186.000000,2019-11-05 00:00:00+03:00,0,0.000000,0,0.000000,0,0.000000,1,1,0,,
167955,941192.000000,2019-11-01 00:00:00+03:00,0,0.000000,0,0.000000,0,0.000000,31,1,0,,
167955,941192.000000,2019-11-02 00:00:00+03:00,0,0.000000,0,0.000000,0,0.000000,17,1,0,,
167955,941192.000000,2019-11-04 00:00:00+03:00,0,0.000000,0,0.000000,0,0.000000,45,1,0,,
167955,941192.000000,2019-11-05 00:00:00+03:00,0,0.000000,0,0.000000,0,0.000000,49,1,0,,
167955,941192.000000,2019-11-06 00:00:00+03:00,0,0.000000,0,0.000000,0,0.000000,24,1,0,,
167955,941192.000000,2019-11-07 00:00:00+03:00,0,0.000000,0,0.000000,0,0.000000,36,1,0,,
167955,941192.000000,2019-11-08 00:00:00+03:00,0,0.000000,0,0.000000,0,0.000000,16,1,0,,
167955,941192.000000,2019-11-11 00:00:00+03:00,0,0.000000,0,0.000000,0,0.000000,52,1,0,,
167955,941192.000000,2019-11-12 00:00:00+03:00,0,0.000000,0,0.000000,0,0.000000,41,1,0,,
167955,941192.000000,2019-11-13 00:00:00+03:00,0,0.000000,0,0.000000,0,0.000000,34,1,0,,
167955,941192.000000,2019-11-14 00:00:00+03:00,0,0.000000,0,0.000000,0,0.000000,36,1,0,,
167955,941192.000000,2019-11-15 00:00:00+03:00,0,0.000000,0,0.000000,0,0.000000,21,1,0,,
167955,941192.000000,2019-11-16 00:00:00+03:00,0,0.000000,0,0.000000,0,0.000000,35,1,0,,
167955,941192.000000,2019-11-18 00:00:00+03:00,0,0.000000,0,0.000000,0,0.000000,51,1,0,,
167955,941192.000000,2019-11-20 00:00:00+03:00,0,0.000000,0,0.000000,0,0.000000,115,1,0,,
167955,941192.000000,2019-11-21 00:00:00+03:00,0,0.000000,0,0.000000,0,0.000000,87,1,0,,
167955,941192.000000,2019-11-22 00:00:00+03:00,0,0.000000,0,0.000000,0,0.000000,73,1,0,,
167955,941192.000000,2019-11-23 00:00:00+03:00,0,0.000000,0,0.000000,0,0.000000,60,1,0,,
167955,941192.000000,2019-11-25 00:00:00+03:00,0,0.000000,0,0.000000,0,0.000000,124,1,0,,
167955,941192.000000,2019-11-26 00:00:00+03:00,0,0.000000,0,0.000000,0,0.000000,88,1,0,,
167955,941192.000000,2019-11-27 00:00:00+03:00,0,0.000000,0,0.000000,0,0.000000,61,1,0,,
167955,941192.000000,2019-11-28 00:00:00+03:00,0,0.000000,0,0.000000,0,0.000000,60,1,0,,
167958,951186.000000,2019-11-01 00:00:00+03:00,2,29.000000,0,0.000000,0,0.000000,2,1,2,0.000000,14.500000
167958,951186.000000,2019-11-06 00:00:00+03:00,1,4.000000,0,0.000000,0,0.000000,0,1,1,0.000000,4.000000
167958,951186.000000,2019-11-12 00:00:00+03:00,1,17.000000,0,0.000000,0,0.000000,0,1,1,0.000000,17.000000
167958,951186.000000,2019-11-20 00:00:00+03:00,17,145.000000,0,0.000000,0,0.000000,0,1,17,0.000000,8.529412
167958,951186.000000,2019-11-21 00:00:00+03:00,14,114.000000,0,0.000000,0,0.000000,0,1,14,0.000000,8.142857
167958,951186.000000,2019-11-22 00:00:00+03:00,19,150.000000,0,0.000000,0,0.000000,0,1,19,0.000000,7.894737
167958,951186.000000,2019-11-23 00:00:00+03:00,13,107.000000,0,0.000000,0,0.000000,1,1,13,0.000000,8.230769
167958,951186.000000,2019-11-25 00:00:00+03:00,14,121.000000,0,0.000000,0,0.000000,2,1,14,0.000000,8.642857
167958,951186.000000,2019-11-26 00:00:00+03:00,5,64.000000,0,0.000000,0,0.000000,0,1,5,0.000000,12.800000
167958,951186.000000,2019-11-27 00:00:00+03:00,4,28.000000,0,0.000000,0,0.000000,0,1,4,0.000000,7.000000
167958,951186.000000,2019-11-28 00:00:00+03:00,1,3.000000,0,0.000000,0,0.000000,0,1,1,0.000000,3.000000
167958,969294.000000,2019-11-23 00:00:00+03:00,0,0.000000,0,0.000000,0,0.000000,0,1,0,,
167958,969294.000000,2019-11-25 00:00:00+03:00,18,188.000000,0,0.000000,0,0.000000,4,1,18,0.000000,10.444444
167958,969294.000000,2019-11-26 00:00:00+03:00,27,216.000000,0,0.000000,0,0.000000,5,1,27,0.000000,8.000000
167958,969294.000000,2019-11-27 00:00:00+03:00,23,168.000000,0,0.000000,0,0.000000,1,1,23,0.000000,7.304348
167958,969294.000000,2019-11-28 00:00:00+03:00,16,138.000000,0,0.000000,0,0.000000,0,1,16,0.000000,8.625000
167969,932750.000000,2019-11-18 00:00:00+03:00,0,0.000000,0,0.000000,0,0.000000,1,1,0,,
167969,932750.000000,2019-11-19 00:00:00+03:00,2,17.000000,0,0.000000,0,0.000000,3,1,2,0.000000,8.500000
167969,932750.000000,2019-11-22 00:00:00+03:00,1,8.000000,0,0.000000,0,0.000000,0,1,1,0.000000,8.000000
167969,932750.000000,2019-11-26 00:00:00+03:00,2,16.000000,0,0.000000,0,0.000000,1,1,2,0.000000,8.000000
167969,932750.000000,2019-11-27 00:00:00+03:00,3,42.000000,0,0.000000,0,0.000000,2,1,3,0.000000,14.000000
167969,932754.000000,2019-11-18 00:00:00+03:00,1,6.000000,0,0.000000,0,0.000000,0,1,1,0.000000,6.000000
167969,946582.000000,2019-11-18 00:00:00+03:00,2,2.000000,0,0.000000,0,0.000000,3,1,2,0.000000,1.000000
167969,946582.000000,2019-11-19 00:00:00+03:00,1,1.000000,0,0.000000,0,0.000000,6,1,1,0.000000,1.000000
167969,946582.000000,2019-11-21 00:00:00+03:00,3,3.000000,0,0.000000,0,0.000000,3,1,3,0.000000,1.000000
167969,946582.000000,2019-11-22 00:00:00+03:00,8,8.000000,0,0.000000,0,0.000000,5,1,8,0.000000,1.000000
167969,946582.000000,2019-11-23 00:00:00+03:00,2,2.000000,0,0.000000,0,0.000000,0,1,2,0.000000,1.000000
167969,946582.000000,2019-11-25 00:00:00+03:00,1,1.000000,0,0.000000,0,0.000000,0,1,1,0.000000,1.000000
167969,946582.000000,2019-11-26 00:00:00+03:00,4,3.000000,0,0.000000,0,0.000000,2,1,4,0.000000,0.750000
167969,946582.000000,2019-11-27 00:00:00+03:00,18,55.000000,0,0.000000,0,0.000000,12,1,18,0.000000,3.055556
167969,946582.000000,2019-11-28 00:00:00+03:00,4,4.000000,0,0.000000,0,0.000000,1,1,4,0.000000,1.000000
167976,934424.000000,2019-11-06 00:00:00+03:00,2,60.000000,0,0.000000,0,0.000000,0,1,2,0.000000,30.000000
167976,934424.000000,2019-11-11 00:00:00+03:00,2,57.000000,0,0.000000,0,0.000000,0,1,2,0.000000,28.500000
167976,934424.000000,2019-11-12 00:00:00+03:00,1,25.000000,0,0.000000,0,0.000000,0,1,1,0.000000,25.000000
167976,934428.000000,2019-11-06 00:00:00+03:00,2,46.000000,0,0.000000,0,0.000000,0,1,2,0.000000,23.000000
167976,934428.000000,2019-11-07 00:00:00+03:00,2,47.000000,0,0.000000,0,0.000000,0,1,2,0.000000,23.500000
167976,934428.000000,2019-11-08 00:00:00+03:00,2,49.000000,0,0.000000,0,0.000000,0,1,2,0.000000,24.500000
167976,934428.000000,2019-11-11 00:00:00+03:00,3,72.000000,0,0.000000,0,0.000000,0,1,3,0.000000,24.000000
167976,934428.000000,2019-11-12 00:00:00+03:00,1,22.000000,0,0.000000,0,0.000000,0,1,1,0.000000,22.000000
167976,934428.000000,2019-11-13 00:00:00+03:00,1,21.000000,0,0.000000,0,0.000000,0,1,1,0.000000,21.000000
167976,934428.000000,2019-11-14 00:00:00+03:00,2,47.000000,0,0.000000,0,0.000000,0,1,2,0.000000,23.500000
167976,934428.000000,2019-11-15 00:00:00+03:00,2,52.000000,0,0.000000,0,0.000000,0,1,2,0.000000,26.000000
167976,934428.000000,2019-11-21 00:00:00+03:00,1,22.000000,0,0.000000,0,0.000000,0,1,1,0.000000,22.000000
167976,934428.000000,2019-11-25 00:00:00+03:00,1,23.000000,0,0.000000,0,0.000000,0,1,1,0.000000,23.000000
167976,934428.000000,2019-11-27 00:00:00+03:00,1,25.000000,0,0.000000,0,0.000000,0,1,1,0.000000,25.000000
167976,934430.000000,2019-11-02 00:00:00+03:00,1,17.000000,0,0.000000,0,0.000000,0,1,1,0.000000,17.000000
167976,934430.000000,2019-11-05 00:00:00+03:00,1,24.000000,0,0.000000,0,0.000000,0,1,1,0.000000,24.000000
167976,934430.000000,2019-11-08 00:00:00+03:00,1,22.000000,0,0.000000,0,0.000000,0,1,1,0.000000,22.000000
167976,934430.000000,2019-11-11 00:00:00+03:00,1,38.000000,0,0.000000,0,0.000000,0,1,1,0.000000,38.000000
167976,934430.000000,2019-11-12 00:00:00+03:00,0,0.000000,2,52.000000,0,0.000000,0,1,2,1.000000,
167976,934430.000000,2019-11-13 00:00:00+03:00,1,11.000000,0,0.000000,0,0.000000,0,1,1,0.000000,11.000000
167976,934430.000000,2019-11-14 00:00:00+03:00,2,42.000000,0,0.000000,0,0.000000,0,1,2,0.000000,21.000000
167976,934430.000000,2019-11-15 00:00:00+03:00,1,42.000000,0,0.000000,0,0.000000,0,1,1,0.000000,42.000000
167976,934430.000000,2019-11-17 00:00:00+03:00,1,17.000000,0,0.000000,0,0.000000,0,1,1,0.000000,17.000000
167976,934430.000000,2019-11-21 00:00:00+03:00,1,18.000000,0,0.000000,0,0.000000,0,1,1,0.000000,18.000000
167976,934430.000000,2019-11-22 00:00:00+03:00,1,31.000000,0,0.000000,0,0.000000,0,1,1,0.000000,31.000000
167976,934430.000000,2019-11-23 00:00:00+03:00,2,33.000000,0,0.000000,0,0.000000,0,1,2,0.000000,16.500000
167976,934430.000000,2019-11-26 00:00:00+03:00,4,165.000000,0,0.000000,0,0.000000,0,1,4,0.000000,41.250000
167976,934430.000000,2019-11-27 00:00:00+03:00,1,21.000000,0,0.000000,0,0.000000,0,1,1,0.000000,21.000000
167976,934432.000000,2019-11-09 00:00:00+03:00,1,35.000000,0,0.000000,0,0.000000,0,1,1,0.000000,35.000000
167976,934432.000000,2019-11-10 00:00:00+03:00,1,34.000000,0,0.000000,0,0.000000,0,1,1,0.000000,34.000000
167976,934432.000000,2019-11-16 00:00:00+03:00,1,41.000000,0,0.000000,0,0.000000,0,1,1,0.000000,41.000000
167976,934432.000000,2019-11-23 00:00:00+03:00,3,107.000000,0,0.000000,0,0.000000,0,1,3,0.000000,35.666667
167976,934432.000000,2019-11-24 00:00:00+03:00,2,74.000000,0,0.000000,0,0.000000,0,1,2,0.000000,37.000000
167977,944216.000000,2019-11-01 00:00:00+03:00,10,346.000000,0,0.000000,0,0.000000,6,1,10,0.000000,34.600000
167977,944216.000000,2019-11-02 00:00:00+03:00,5,196.000000,0,0.000000,0,0.000000,0,1,5,0.000000,39.200000
167977,944216.000000,2019-11-03 00:00:00+03:00,0,0.000000,2,120.000000,0,0.000000,0,1,2,1.000000,
167977,944216.000000,2019-11-04 00:00:00+03:00,6,152.000000,0,0.000000,0,0.000000,3,1,6,0.000000,25.333333
167977,944216.000000,2019-11-05 00:00:00+03:00,5,194.000000,0,0.000000,0,0.000000,4,1,5,0.000000,38.800000
167977,944216.000000,2019-11-06 00:00:00+03:00,7,212.000000,1,75.000000,0,0.000000,6,1,8,0.125000,30.285714
167977,944216.000000,2019-11-07 00:00:00+03:00,6,252.000000,0,0.000000,0,0.000000,9,1,6,0.000000,42.000000
167977,944216.000000,2019-11-08 00:00:00+03:00,6,196.000000,0,0.000000,0,0.000000,2,1,6,0.000000,32.666667
167977,944216.000000,2019-11-09 00:00:00+03:00,8,259.000000,4,190.000000,0,0.000000,1,1,12,0.333333,32.375000
167977,944216.000000,2019-11-10 00:00:00+03:00,2,64.000000,0,0.000000,0,0.000000,2,1,2,0.000000,32.000000
167977,944216.000000,2019-11-11 00:00:00+03:00,26,800.000000,4,254.000000,0,0.000000,2,1,30,0.133333,30.769231
167977,944216.000000,2019-11-12 00:00:00+03:00,8,230.000000,5,412.000000,0,0.000000,2,1,13,0.384615,28.750000
167977,944216.000000,2019-11-13 00:00:00+03:00,4,127.000000,0,0.000000,0,0.000000,1,1,4,0.000000,31.750000
167977,944216.000000,2019-11-14 00:00:00+03:00,13,403.000000,4,160.000000,0,0.000000,2,1,17,0.235294,31.000000
167977,944216.000000,2019-11-15 00:00:00+03:00,5,205.000000,0,0.000000,0,0.000000,1,1,5,0.000000,41.000000
167977,944216.000000,2019-11-16 00:00:00+03:00,3,84.000000,0,0.000000,0,0.000000,0,1,3,0.000000,28.000000
167977,944216.000000,2019-11-17 00:00:00+03:00,6,168.000000,1,50.000000,0,0.000000,0,1,7,0.142857,28.000000
167977,944216.000000,2019-11-18 00:00:00+03:00,6,197.000000,0,0.000000,0,0.000000,10,1,6,0.000000,32.833333
167977,944216.000000,2019-11-19 00:00:00+03:00,9,282.000000,2,150.000000,0,0.000000,2,1,11,0.181818,31.333333
167977,944216.000000,2019-11-20 00:00:00+03:00,10,369.000000,0,0.000000,0,0.000000,5,1,10,0.000000,36.900000
167977,944216.000000,2019-11-21 00:00:00+03:00,5,160.000000,1,32.000000,0,0.000000,18,1,6,0.166667,32.000000
167977,944216.000000,2019-11-22 00:00:00+03:00,2,64.000000,0,0.000000,0,0.000000,0,1,2,0.000000,32.000000
167977,944216.000000,2019-11-23 00:00:00+03:00,5,164.000000,2,98.000000,0,0.000000,20,1,7,0.285714,32.800000
167977,944216.000000,2019-11-24 00:00:00+03:00,6,210.000000,0,0.000000,0,0.000000,3,1,6,0.000000,35.000000
167977,944216.000000,2019-11-25 00:00:00+03:00,19,688.000000,0,0.000000,0,0.000000,0,1,19,0.000000,36.210526
167977,944216.000000,2019-11-26 00:00:00+03:00,8,261.000000,0,0.000000,0,0.000000,7,1,8,0.000000,32.625000
167977,944216.000000,2019-11-27 00:00:00+03:00,12,406.000000,1,37.000000,0,0.000000,14,1,13,0.076923,33.833333
167977,944216.000000,2019-11-28 00:00:00+03:00,7,185.000000,0,0.000000,0,0.000000,5,1,7,0.000000,26.428571
167977,944218.000000,2019-11-01 00:00:00+03:00,9,386.000000,2,186.000000,0,0.000000,6,1,11,0.181818,42.888889
167977,944218.000000,2019-11-02 00:00:00+03:00,2,53.000000,0,0.000000,0,0.000000,8,1,2,0.000000,26.500000
167977,944218.000000,2019-11-03 00:00:00+03:00,1,46.000000,1,40.000000,0,0.000000,0,1,2,0.500000,46.000000
167977,944218.000000,2019-11-04 00:00:00+03:00,2,77.000000,0,0.000000,0,0.000000,0,1,2,0.000000,38.500000
167977,944218.000000,2019-11-05 00:00:00+03:00,6,224.000000,1,30.000000,0,0.000000,3,1,7,0.142857,37.333333
167977,944218.000000,2019-11-06 00:00:00+03:00,5,129.000000,0,0.000000,0,0.000000,15,1,5,0.000000,25.800000
167977,944218.000000,2019-11-07 00:00:00+03:00,7,289.000000,0,0.000000,0,0.000000,5,1,7,0.000000,41.285714
167977,944218.000000,2019-11-08 00:00:00+03:00,10,360.000000,0,0.000000,0,0.000000,7,1,10,0.000000,36.000000
167977,944218.000000,2019-11-09 00:00:00+03:00,5,161.000000,2,102.000000,0,0.000000,2,1,7,0.285714,32.200000
167977,944218.000000,2019-11-10 00:00:00+03:00,1,29.000000,0,0.000000,0,0.000000,4,1,1,0.000000,29.000000
167977,944218.000000,2019-11-11 00:00:00+03:00,12,373.000000,0,0.000000,0,0.000000,16,1,12,0.000000,31.083333
167977,944218.000000,2019-11-12 00:00:00+03:00,11,332.000000,2,91.000000,0,0.000000,8,1,13,0.153846,30.181818
167977,944218.000000,2019-11-13 00:00:00+03:00,5,174.000000,0,0.000000,0,0.000000,5,1,5,0.000000,34.800000
167977,944218.000000,2019-11-14 00:00:00+03:00,8,327.000000,0,0.000000,0,0.000000,11,1,8,0.000000,40.875000
167977,944218.000000,2019-11-15 00:00:00+03:00,10,286.000000,0,0.000000,0,0.000000,9,1,10,0.000000,28.600000
167977,944218.000000,2019-11-16 00:00:00+03:00,3,89.000000,0,0.000000,0,0.000000,1,1,3,0.000000,29.666667
167977,944218.000000,2019-11-17 00:00:00+03:00,2,45.000000,0,0.000000,0,0.000000,0,1,2,0.000000,22.500000
167977,944218.000000,2019-11-18 00:00:00+03:00,9,304.000000,0,0.000000,0,0.000000,4,1,9,0.000000,33.777778
167977,944218.000000,2019-11-19 00:00:00+03:00,6,249.000000,0,0.000000,0,0.000000,2,1,6,0.000000,41.500000
167977,944218.000000,2019-11-20 00:00:00+03:00,8,429.000000,2,223.000000,0,0.000000,10,1,10,0.200000,53.625000
167977,944218.000000,2019-11-21 00:00:00+03:00,14,412.000000,0,0.000000,0,0.000000,3,1,14,0.000000,29.428571
167977,944218.000000,2019-11-22 00:00:00+03:00,8,250.000000,0,0.000000,0,0.000000,7,1,8,0.000000,31.250000
167977,944218.000000,2019-11-23 00:00:00+03:00,2,65.000000,1,45.000000,0,0.000000,2,1,3,0.333333,32.500000
167977,944218.000000,2019-11-24 00:00:00+03:00,3,54.000000,0,0.000000,0,0.000000,0,1,3,0.000000,18.000000
167977,944218.000000,2019-11-25 00:00:00+03:00,9,332.000000,0,0.000000,0,0.000000,10,1,9,0.000000,36.888889
167977,944218.000000,2019-11-26 00:00:00+03:00,7,237.000000,1,18.000000,0,0.000000,13,1,8,0.125000,33.857143
167977,944218.000000,2019-11-27 00:00:00+03:00,7,203.000000,0,0.000000,0,0.000000,3,1,7,0.000000,29.000000
167977,944218.000000,2019-11-28 00:00:00+03:00,9,277.000000,0,0.000000,0,0.000000,10,1,9,0.000000,30.777778
167977,944220.000000,2019-11-01 00:00:00+03:00,11,379.000000,0,0.000000,0,0.000000,11,1,11,0.000000,34.454545
167977,944220.000000,2019-11-02 00:00:00+03:00,2,105.000000,0,0.000000,0,0.000000,5,1,2,0.000000,52.500000
167977,944220.000000,2019-11-03 00:00:00+03:00,4,156.000000,2,157.000000,0,0.000000,2,1,6,0.333333,39.000000
167977,944220.000000,2019-11-04 00:00:00+03:00,3,98.000000,0,0.000000,0,0.000000,8,1,3,0.000000,32.666667
167977,944220.000000,2019-11-05 00:00:00+03:00,9,277.000000,0,0.000000,0,0.000000,14,1,9,0.000000,30.777778
167977,944220.000000,2019-11-06 00:00:00+03:00,9,314.000000,0,0.000000,0,0.000000,7,1,9,0.000000,34.888889
167977,944220.000000,2019-11-07 00:00:00+03:00,6,201.000000,0,0.000000,0,0.000000,2,1,6,0.000000,33.500000
167977,944220.000000,2019-11-08 00:00:00+03:00,6,210.000000,0,0.000000,0,0.000000,4,1,6,0.000000,35.000000
167977,944220.000000,2019-11-09 00:00:00+03:00,8,266.000000,1,79.000000,0,0.000000,1,1,9,0.111111,33.250000
167977,944220.000000,2019-11-10 00:00:00+03:00,2,82.000000,0,0.000000,0,0.000000,2,1,2,0.000000,41.000000
167977,944220.000000,2019-11-11 00:00:00+03:00,7,234.000000,0,0.000000,0,0.000000,13,1,7,0.000000,33.428571
167977,944220.000000,2019-11-12 00:00:00+03:00,8,272.000000,2,96.000000,0,0.000000,14,1,10,0.200000,34.000000
167977,944220.000000,2019-11-13 00:00:00+03:00,8,269.000000,0,0.000000,0,0.000000,8,1,8,0.000000,33.625000
167977,944220.000000,2019-11-14 00:00:00+03:00,12,383.000000,1,40.000000,0,0.000000,28,1,13,0.076923,31.916667
167977,944220.000000,2019-11-15 00:00:00+03:00,7,209.000000,0,0.000000,0,0.000000,2,1,7,0.000000,29.857143
167977,944220.000000,2019-11-16 00:00:00+03:00,1,24.000000,0,0.000000,0,0.000000,4,1,1,0.000000,24.000000
167977,944220.000000,2019-11-17 00:00:00+03:00,6,191.000000,2,96.000000,0,0.000000,5,1,8,0.250000,31.833333
167977,944220.000000,2019-11-18 00:00:00+03:00,16,550.000000,0,0.000000,0,0.000000,21,1,16,0.000000,34.375000
167977,944220.000000,2019-11-19 00:00:00+03:00,7,309.000000,0,0.000000,0,0.000000,4,1,7,0.000000,44.142857
167977,944220.000000,2019-11-20 00:00:00+03:00,8,279.000000,0,0.000000,0,0.000000,2,1,8,0.000000,34.875000
167977,944220.000000,2019-11-21 00:00:00+03:00,12,418.000000,0,0.000000,0,0.000000,1,1,12,0.000000,34.833333
167977,944220.000000,2019-11-22 00:00:00+03:00,9,322.000000,0,0.000000,0,0.000000,20,1,9,0.000000,35.777778
167977,944220.000000,2019-11-23 00:00:00+03:00,6,199.000000,4,226.000000,0,0.000000,4,1,10,0.400000,33.166667
167977,944220.000000,2019-11-24 00:00:00+03:00,4,122.000000,0,0.000000,0,0.000000,1,1,4,0.000000,30.500000
167977,944220.000000,2019-11-25 00:00:00+03:00,4,116.000000,1,43.000000,0,0.000000,8,1,5,0.200000,29.000000
167977,944220.000000,2019-11-26 00:00:00+03:00,4,149.000000,0,0.000000,0,0.000000,5,1,4,0.000000,37.250000
167977,944220.000000,2019-11-27 00:00:00+03:00,19,561.000000,0,0.000000,0,0.000000,5,1,19,0.000000,29.526316
167977,944220.000000,2019-11-28 00:00:00+03:00,20,622.000000,0,0.000000,0,0.000000,3,1,20,0.000000,31.100000
167977,944222.000000,2019-11-01 00:00:00+03:00,5,173.000000,0,0.000000,0,0.000000,13,1,5,0.000000,34.600000
167977,944222.000000,2019-11-02 00:00:00+03:00,1,36.000000,0,0.000000,0,0.000000,0,1,1,0.000000,36.000000
167977,944222.000000,2019-11-03 00:00:00+03:00,1,38.000000,0,0.000000,0,0.000000,0,1,1,0.000000,38.000000
167977,944222.000000,2019-11-04 00:00:00+03:00,1,27.000000,0,0.000000,0,0.000000,3,1,1,0.000000,27.000000
167977,944222.000000,2019-11-05 00:00:00+03:00,5,177.000000,0,0.000000,0,0.000000,19,1,5,0.000000,35.400000
167977,944222.000000,2019-11-06 00:00:00+03:00,4,121.000000,1,16.000000,0,0.000000,9,1,5,0.200000,30.250000
167977,944222.000000,2019-11-07 00:00:00+03:00,7,201.000000,0,0.000000,0,0.000000,7,1,7,0.000000,28.714286
167977,944222.000000,2019-11-08 00:00:00+03:00,2,101.000000,0,0.000000,0,0.000000,0,1,2,0.000000,50.500000
167977,944222.000000,2019-11-10 00:00:00+03:00,4,119.000000,0,0.000000,0,0.000000,4,1,4,0.000000,29.750000
167977,944222.000000,2019-11-11 00:00:00+03:00,7,246.000000,2,126.000000,0,0.000000,42,1,9,0.222222,35.142857
167977,944222.000000,2019-11-12 00:00:00+03:00,11,374.000000,1,21.000000,0,0.000000,6,1,12,0.083333,34.000000
167977,944222.000000,2019-11-13 00:00:00+03:00,6,183.000000,2,93.000000,0,0.000000,7,1,8,0.250000,30.500000
167977,944222.000000,2019-11-14 00:00:00+03:00,7,207.000000,0,0.000000,0,0.000000,1,1,7,0.000000,29.571429
167977,944222.000000,2019-11-15 00:00:00+03:00,0,0.000000,0,0.000000,0,0.000000,13,1,0,,
167977,944222.000000,2019-11-16 00:00:00+03:00,2,54.000000,0,0.000000,0,0.000000,5,1,2,0.000000,27.000000
167977,944222.000000,2019-11-17 00:00:00+03:00,6,194.000000,2,56.000000,0,0.000000,4,1,8,0.250000,32.333333
167977,944222.000000,2019-11-18 00:00:00+03:00,10,350.000000,0,0.000000,0,0.000000,23,1,10,0.000000,35.000000
167977,944222.000000,2019-11-19 00:00:00+03:00,10,331.000000,0,0.000000,0,0.000000,11,1,10,0.000000,33.100000
167977,944222.000000,2019-11-20 00:00:00+03:00,4,83.000000,1,40.000000,0,0.000000,8,1,5,0.200000,20.750000
167977,944222.000000,2019-11-21 00:00:00+03:00,3,81.000000,0,0.000000,0,0.000000,23,1,3,0.000000,27.000000
167977,944222.000000,2019-11-22 00:00:00+03:00,6,159.000000,1,62.000000,0,0.000000,13,1,7,0.142857,26.500000
167977,944222.000000,2019-11-23 00:00:00+03:00,2,61.000000,0,0.000000,0,0.000000,1,1,2,0.000000,30.500000
167977,944222.000000,2019-11-24 00:00:00+03:00,2,73.000000,0,0.000000,0,0.000000,2,1,2,0.000000,36.500000
167977,944222.000000,2019-11-25 00:00:00+03:00,5,173.000000,0,0.000000,0,0.000000,12,1,5,0.000000,34.600000
167977,944222.000000,2019-11-26 00:00:00+03:00,5,151.000000,0,0.000000,0,0.000000,13,1,5,0.000000,30.200000
167977,944222.000000,2019-11-27 00:00:00+03:00,10,366.000000,0,0.000000,0,0.000000,29,1,10,0.000000,36.600000
167977,944222.000000,2019-11-28 00:00:00+03:00,11,301.000000,2,151.000000,0,0.000000,13,1,13,0.153846,27.363636
167977,944226.000000,2019-11-01 00:00:00+03:00,8,240.000000,0,0.000000,0,0.000000,2,1,8,0.000000,30.000000
167977,944226.000000,2019-11-02 00:00:00+03:00,1,35.000000,0,0.000000,0,0.000000,1,1,1,0.000000,35.000000
167977,944226.000000,2019-11-03 00:00:00+03:00,1,39.000000,0,0.000000,0,0.000000,0,1,1,0.000000,39.000000
167977,944226.000000,2019-11-04 00:00:00+03:00,2,70.000000,0,0.000000,0,0.000000,0,1,2,0.000000,35.000000
167977,944226.000000,2019-11-05 00:00:00+03:00,5,182.000000,0,0.000000,0,0.000000,4,1,5,0.000000,36.400000
167977,944226.000000,2019-11-06 00:00:00+03:00,12,400.000000,0,0.000000,0,0.000000,4,1,12,0.000000,33.333333
167977,944226.000000,2019-11-07 00:00:00+03:00,3,92.000000,0,0.000000,0,0.000000,0,1,3,0.000000,30.666667
167977,944226.000000,2019-11-08 00:00:00+03:00,8,294.000000,16,1356.000000,0,0.000000,1,1,24,0.666667,36.750000
167977,944226.000000,2019-11-09 00:00:00+03:00,5,189.000000,1,80.000000,0,0.000000,0,1,6,0.166667,37.800000
167977,944226.000000,2019-11-10 00:00:00+03:00,4,158.000000,0,0.000000,0,0.000000,4,1,4,0.000000,39.500000
167977,944226.000000,2019-11-11 00:00:00+03:00,8,286.000000,0,0.000000,0,0.000000,9,1,8,0.000000,35.750000
167977,944226.000000,2019-11-12 00:00:00+03:00,14,516.000000,1,51.000000,0,0.000000,1,1,15,0.066667,36.857143
167977,944226.000000,2019-11-13 00:00:00+03:00,3,99.000000,0,0.000000,0,0.000000,6,1,3,0.000000,33.000000
167977,944226.000000,2019-11-14 00:00:00+03:00,5,204.000000,1,16.000000,0,0.000000,4,1,6,0.166667,40.800000
167977,944226.000000,2019-11-15 00:00:00+03:00,2,83.000000,0,0.000000,0,0.000000,0,1,2,0.000000,41.500000
167977,944226.000000,2019-11-16 00:00:00+03:00,3,74.000000,0,0.000000,0,0.000000,1,1,3,0.000000,24.666667
167977,944226.000000,2019-11-17 00:00:00+03:00,3,81.000000,2,57.000000,0,0.000000,0,1,5,0.400000,27.000000
167977,944226.000000,2019-11-18 00:00:00+03:00,1,32.000000,0,0.000000,0,0.000000,0,1,1,0.000000,32.000000
167977,944226.000000,2019-11-19 00:00:00+03:00,7,873.000000,2,170.000000,0,0.000000,4,1,9,0.222222,124.714286
167977,944226.000000,2019-11-20 00:00:00+03:00,4,114.000000,0,0.000000,0,0.000000,1,1,4,0.000000,28.500000
167977,944226.000000,2019-11-21 00:00:00+03:00,2,67.000000,1,31.000000,0,0.000000,2,1,3,0.333333,33.500000
167977,944226.000000,2019-11-22 00:00:00+03:00,3,99.000000,1,56.000000,0,0.000000,0,1,4,0.250000,33.000000
167977,944226.000000,2019-11-23 00:00:00+03:00,3,90.000000,1,15.000000,0,0.000000,0,1,4,0.250000,30.000000
167977,944226.000000,2019-11-24 00:00:00+03:00,2,70.000000,0,0.000000,0,0.000000,1,1,2,0.000000,35.000000
167977,944226.000000,2019-11-26 00:00:00+03:00,4,128.000000,0,0.000000,0,0.000000,0,1,4,0.000000,32.000000
167977,944226.000000,2019-11-27 00:00:00+03:00,6,197.000000,1,51.000000,0,0.000000,1,1,7,0.142857,32.833333
167977,944226.000000,2019-11-28 00:00:00+03:00,3,92.000000,0,0.000000,0,0.000000,0,1,3,0.000000,30.666667
167989,936296.000000,2019-11-04 00:00:00+03:00,0,0.000000,0,0.000000,0,0.000000,1,1,0,,
167989,936324.000000,2019-11-01 00:00:00+03:00,1,8.000000,0,0.000000,0,0.000000,8,1,1,0.000000,8.000000
167989,936324.000000,2019-11-08 00:00:00+03:00,1,13.000000,0,0.000000,0,0.000000,0,1,1,0.000000,13.000000
167989,936324.000000,2019-11-11 00:00:00+03:00,1,19.000000,0,0.000000,0,0.000000,0,1,1,0.000000,19.000000
167989,936324.000000,2019-11-12 00:00:00+03:00,0,0.000000,0,0.000000,0,0.000000,5,1,0,,
167989,936324.000000,2019-11-13 00:00:00+03:00,6,86.000000,0,0.000000,0,0.000000,1,1,6,0.000000,14.333333
167989,936324.000000,2019-11-15 00:00:00+03:00,3,36.000000,0,0.000000,0,0.000000,0,1,3,0.000000,12.000000
167989,936324.000000,2019-11-25 00:00:00+03:00,1,15.000000,0,0.000000,0,0.000000,2,1,1,0.000000,15.000000
167989,936324.000000,2019-11-26 00:00:00+03:00,1,27.000000,0,0.000000,0,0.000000,0,1,1,0.000000,27.000000
167989,936324.000000,2019-11-27 00:00:00+03:00,3,47.000000,0,0.000000,0,0.000000,0,1,3,0.000000,15.666667
167989,954376.000000,2019-11-05 00:00:00+03:00,0,0.000000,0,0.000000,0,0.000000,0,1,0,,
167989,954376.000000,2019-11-06 00:00:00+03:00,0,0.000000,0,0.000000,0,0.000000,1,1,0,,
167989,954378.000000,2019-11-05 00:00:00+03:00,0,0.000000,0,0.000000,0,0.000000,0,1,0,,
167989,954378.000000,2019-11-06 00:00:00+03:00,0,0.000000,0,0.000000,0,0.000000,1,1,0,,
167989,954380.000000,2019-11-05 00:00:00+03:00,0,0.000000,0,0.000000,0,0.000000,0,1,0,,
167989,954380.000000,2019-11-06 00:00:00+03:00,0,0.000000,0,0.000000,0,0.000000,0,1,0,,
167994,933986.000000,2019-11-01 00:00:00+03:00,1,37.000000,0,0.000000,0,0.000000,0,1,1,0.000000,37.000000
167994,933986.000000,2019-11-05 00:00:00+03:00,1,35.000000,0,0.000000,0,0.000000,1,1,1,0.000000,35.000000
167994,933996.000000,2019-11-06 00:00:00+03:00,0,0.000000,0,0.000000,0,0.000000,0,1,0,,
167994,933996.000000,2019-11-11 00:00:00+03:00,1,50.000000,0,0.000000,0,0.000000,0,1,1,0.000000,50.000000
167994,934000.000000,2019-11-01 00:00:00+03:00,1,19.000000,0,0.000000,0,0.000000,0,1,1,0.000000,19.000000
167994,934000.000000,2019-11-06 00:00:00+03:00,1,23.000000,0,0.000000,0,0.000000,0,1,1,0.000000,23.000000
167995,941838.000000,2019-11-12 00:00:00+03:00,0,0.000000,0,0.000000,0,0.000000,3,1,0,,
167995,941838.000000,2019-11-18 00:00:00+03:00,0,0.000000,0,0.000000,0,0.000000,5,1,0,,
167995,941838.000000,2019-11-19 00:00:00+03:00,0,0.000000,0,0.000000,0,0.000000,1,1,0,,
167995,941842.000000,2019-11-18 00:00:00+03:00,0,0.000000,0,0.000000,0,0.000000,1,1,0,,
167995,941842.000000,2019-11-26 00:00:00+03:00,0,0.000000,0,0.000000,0,0.000000,1,1,0,,
167995,941842.000000,2019-11-27 00:00:00+03:00,0,0.000000,0,0.000000,0,0.000000,1,1,0,,
167995,941844.000000,2019-11-15 00:00:00+03:00,2,28.000000,0,0.000000,0,0.000000,0,1,2,0.000000,14.000000
167995,941844.000000,2019-11-18 00:00:00+03:00,2,42.000000,0,0.000000,0,0.000000,1,1,2,0.000000,21.000000
167995,941844.000000,2019-11-19 00:00:00+03:00,0,0.000000,0,0.000000,0,0.000000,4,1,0,,
167995,941844.000000,2019-11-20 00:00:00+03:00,0,0.000000,0,0.000000,0,0.000000,2,1,0,,
167995,941844.000000,2019-11-26 00:00:00+03:00,0,0.000000,1,18.000000,0,0.000000,2,1,1,1.000000,
167995,941844.000000,2019-11-27 00:00:00+03:00,3,50.000000,0,0.000000,0,0.000000,3,1,3,0.000000,16.666667
167998,944908.000000,2019-11-12 00:00:00+03:00,1,15.000000,0,0.000000,0,0.000000,0,1,1,0.000000,15.000000
167998,944908.000000,2019-11-28 00:00:00+03:00,1,12.000000,0,0.000000,0,0.000000,0,1,1,0.000000,12.000000
167999,933804.000000,2019-11-08 00:00:00+03:00,2,44.000000,0,0.000000,0,0.000000,0,1,2,0.000000,22.000000
167999,933804.000000,2019-11-11 00:00:00+03:00,2,28.000000,0,0.000000,0,0.000000,0,1,2,0.000000,14.000000
167999,933804.000000,2019-11-12 00:00:00+03:00,2,23.000000,0,0.000000,0,0.000000,0,1,2,0.000000,11.500000
167999,933804.000000,2019-11-17 00:00:00+03:00,2,34.000000,0,0.000000,0,0.000000,0,1,2,0.000000,17.000000
167999,933804.000000,2019-11-18 00:00:00+03:00,1,14.000000,0,0.000000,0,0.000000,0,1,1,0.000000,14.000000
167999,933804.000000,2019-11-19 00:00:00+03:00,2,18.000000,0,0.000000,0,0.000000,0,1,2,0.000000,9.000000
167999,933806.000000,2019-11-01 00:00:00+03:00,0,0.000000,0,0.000000,0,0.000000,54,1,0,,
167999,933806.000000,2019-11-04 00:00:00+03:00,0,0.000000,0,0.000000,0,0.000000,25,1,0,,
167999,933806.000000,2019-11-06 00:00:00+03:00,0,0.000000,0,0.000000,0,0.000000,2,1,0,,
167999,933806.000000,2019-11-07 00:00:00+03:00,0,0.000000,0,0.000000,0,0.000000,11,1,0,,
167999,933806.000000,2019-11-08 00:00:00+03:00,0,0.000000,0,0.000000,0,0.000000,34,1,0,,
167999,933806.000000,2019-11-09 00:00:00+03:00,0,0.000000,0,0.000000,0,0.000000,5,1,0,,
167999,933806.000000,2019-11-11 00:00:00+03:00,0,0.000000,0,0.000000,0,0.000000,61,1,0,,
167999,933806.000000,2019-11-12 00:00:00+03:00,0,0.000000,0,0.000000,0,0.000000,72,1,0,,
167999,933806.000000,2019-11-17 00:00:00+03:00,0,0.000000,0,0.000000,0,0.000000,4,1,0,,
167999,933810.000000,2019-11-11 00:00:00+03:00,0,0.000000,0,0.000000,0,0.000000,15,1,0,,
167999,933810.000000,2019-11-12 00:00:00+03:00,0,0.000000,0,0.000000,0,0.000000,40,1,0,,
167999,933810.000000,2019-11-15 00:00:00+03:00,0,0.000000,0,0.000000,0,0.000000,26,1,0,,
167999,933810.000000,2019-11-16 00:00:00+03:00,0,0.000000,0,0.000000,0,0.000000,1,1,0,,
167999,933810.000000,2019-11-17 00:00:00+03:00,0,0.000000,0,0.000000,0,0.000000,3,1,0,,
167999,933810.000000,2019-11-18 00:00:00+03:00,0,0.000000,0,0.000000,0,0.000000,16,1,0,,
167999,933810.000000,2019-11-19 00:00:00+03:00,0,0.000000,0,0.000000,0,0.000000,2,1,0,,
168000,933244.000000,2019-11-15 00:00:00+03:00,0,0.000000,0,0.000000,0,0.000000,6,1,0,,
168000,933244.000000,2019-11-17 00:00:00+03:00,0,0.000000,0,0.000000,0,0.000000,2,1,0,,
168000,933244.000000,2019-11-18 00:00:00+03:00,0,0.000000,0,0.000000,0,0.000000,1,1,0,,
168000,933244.000000,2019-11-19 00:00:00+03:00,1,5.000000,0,0.000000,0,0.000000,17,1,1,0.000000,5.000000
168000,933244.000000,2019-11-20 00:00:00+03:00,1,13.000000,0,0.000000,0,0.000000,57,1,1,0.000000,13.000000
168000,933244.000000,2019-11-25 00:00:00+03:00,0,0.000000,0,0.000000,0,0.000000,1,1,0,,
168000,968338.000000,2019-11-22 00:00:00+03:00,3,31.000000,0,0.000000,0,0.000000,83,1,3,0.000000,10.333333
168000,968338.000000,2019-11-23 00:00:00+03:00,6,42.000000,0,0.000000,0,0.000000,60,1,6,0.000000,7.000000
168000,968338.000000,2019-11-24 00:00:00+03:00,2,23.000000,0,0.000000,0,0.000000,24,1,2,0.000000,11.500000
168000,968338.000000,2019-11-25 00:00:00+03:00,2,14.000000,0,0.000000,0,0.000000,27,1,2,0.000000,7.000000
168000,968338.000000,2019-11-26 00:00:00+03:00,2,11.000000,0,0.000000,0,0.000000,27,1,2,0.000000,5.500000
168000,968338.000000,2019-11-27 00:00:00+03:00,1,15.000000,0,0.000000,0,0.000000,37,1,1,0.000000,15.000000
168000,968338.000000,2019-11-28 00:00:00+03:00,0,0.000000,0,0.000000,0,0.000000,1,1,0,,
168004,934098.000000,2019-11-05 00:00:00+03:00,1,22.000000,1,30.000000,0,0.000000,0,1,2,0.500000,22.000000
168008,946988.000000,2019-11-06 00:00:00+03:00,0,0.000000,0,0.000000,0,0.000000,1,1,0,,
168008,948524.000000,2019-11-01 00:00:00+03:00,1,6.000000,0,0.000000,0,0.000000,0,1,1,0.000000,6.000000
168008,948524.000000,2019-11-05 00:00:00+03:00,1,5.000000,0,0.000000,0,0.000000,0,1,1,0.000000,5.000000
168008,948524.000000,2019-11-19 00:00:00+03:00,1,4.000000,0,0.000000,0,0.000000,0,1,1,0.000000,4.000000
168010,932672.000000,2019-11-05 00:00:00+03:00,1,1.000000,0,0.000000,0,0.000000,0,1,1,0.000000,1.000000
168010,932676.000000,2019-11-25 00:00:00+03:00,0,0.000000,0,0.000000,0,0.000000,4,1,0,,
168016,935870.000000,2019-11-08 00:00:00+03:00,1,16.000000,0,0.000000,0,0.000000,0,1,1,0.000000,16.000000
168016,935870.000000,2019-11-14 00:00:00+03:00,2,32.000000,0,0.000000,0,0.000000,0,1,2,0.000000,16.000000
168016,935870.000000,2019-11-28 00:00:00+03:00,1,14.000000,0,0.000000,0,0.000000,0,1,1,0.000000,14.000000
168018,945894.000000,2019-11-01 00:00:00+03:00,0,0.000000,0,0.000000,0,0.000000,188,1,0,,
168018,945894.000000,2019-11-05 00:00:00+03:00,0,0.000000,0,0.000000,0,0.000000,298,1,0,,
168018,945894.000000,2019-11-06 00:00:00+03:00,0,0.000000,0,0.000000,0,0.000000,128,1,0,,
168018,945894.000000,2019-11-07 00:00:00+03:00,0,0.000000,0,0.000000,0,0.000000,394,1,0,,
168018,945894.000000,2019-11-08 00:00:00+03:00,0,0.000000,0,0.000000,0,0.000000,128,1,0,,
168018,945894.000000,2019-11-26 00:00:00+03:00,0,0.000000,0,0.000000,0,0.000000,67,1,0,,
168018,945894.000000,2019-11-27 00:00:00+03:00,0,0.000000,0,0.000000,0,0.000000,1,1,0,,
168018,945900.000000,2019-11-01 00:00:00+03:00,0,0.000000,0,0.000000,0,0.000000,174,1,0,,
168018,945900.000000,2019-11-05 00:00:00+03:00,0,0.000000,0,0.000000,0,0.000000,299,1,0,,
168018,945900.000000,2019-11-06 00:00:00+03:00,0,0.000000,0,0.000000,0,0.000000,215,1,0,,
168018,945900.000000,2019-11-07 00:00:00+03:00,0,0.000000,0,0.000000,0,0.000000,267,1,0,,
168018,945900.000000,2019-11-08 00:00:00+03:00,0,0.000000,0,0.000000,0,0.000000,111,1,0,,
168018,945900.000000,2019-11-10 00:00:00+03:00,0,0.000000,0,0.000000,0,0.000000,3,1,0,,
168018,945900.000000,2019-11-13 00:00:00+03:00,0,0.000000,0,0.000000,0,0.000000,148,1,0,,
168018,945900.000000,2019-11-14 00:00:00+03:00,0,0.000000,0,0.000000,0,0.000000,265,1,0,,
168018,945900.000000,2019-11-15 00:00:00+03:00,0,0.000000,0,0.000000,0,0.000000,113,1,0,,
168018,945900.000000,2019-11-18 00:00:00+03:00,0,0.000000,0,0.000000,0,0.000000,166,1,0,,
168018,945900.000000,2019-11-19 00:00:00+03:00,0,0.000000,0,0.000000,0,0.000000,296,1,0,,
168018,945900.000000,2019-11-20 00:00:00+03:00,0,0.000000,0,0.000000,0,0.000000,314,1,0,,
168018,945900.000000,2019-11-26 00:00:00+03:00,0,0.000000,0,0.000000,0,0.000000,198,1,0,,
168018,945900.000000,2019-11-27 00:00:00+03:00,0,0.000000,0,0.000000,0,0.000000,187,1,0,,
168018,945900.000000,2019-11-28 00:00:00+03:00,0,0.000000,0,0.000000,0,0.000000,230,1,0,,
168018,945902.000000,2019-11-01 00:00:00+03:00,0,0.000000,0,0.000000,0,0.000000,276,1,0,,
168018,945902.000000,2019-11-06 00:00:00+03:00,0,0.000000,0,0.000000,0,0.000000,56,1,0,,
168018,945902.000000,2019-11-07 00:00:00+03:00,0,0.000000,0,0.000000,0,0.000000,286,1,0,,
168018,945902.000000,2019-11-08 00:00:00+03:00,0,0.000000,0,0.000000,0,0.000000,158,1,0,,
168018,945902.000000,2019-11-11 00:00:00+03:00,0,0.000000,0,0.000000,0,0.000000,207,1,0,,
168018,945902.000000,2019-11-12 00:00:00+03:00,0,0.000000,0,0.000000,0,0.000000,270,1,0,,
168018,945902.000000,2019-11-13 00:00:00+03:00,0,0.000000,0,0.000000,0,0.000000,211,1,0,,
168018,945902.000000,2019-11-14 00:00:00+03:00,0,0.000000,0,0.000000,0,0.000000,1,1,0,,
168018,945902.000000,2019-11-15 00:00:00+03:00,0,0.000000,0,0.000000,0,0.000000,340,1,0,,
168018,945902.000000,2019-11-18 00:00:00+03:00,0,0.000000,0,0.000000,0,0.000000,88,1,0,,
168018,945902.000000,2019-11-19 00:00:00+03:00,0,0.000000,0,0.000000,0,0.000000,123,1,0,,
168018,945902.000000,2019-11-20 00:00:00+03:00,0,0.000000,0,0.000000,0,0.000000,166,1,0,,
168018,945902.000000,2019-11-26 00:00:00+03:00,0,0.000000,0,0.000000,0,0.000000,1,1,0,,
168018,945904.000000,2019-11-01 00:00:00+03:00,0,0.000000,0,0.000000,0,0.000000,244,1,0,,
168018,945904.000000,2019-11-05 00:00:00+03:00,0,0.000000,0,0.000000,0,0.000000,241,1,0,,
168018,945904.000000,2019-11-06 00:00:00+03:00,0,0.000000,0,0.000000,0,0.000000,186,1,0,,
168018,945904.000000,2019-11-07 00:00:00+03:00,0,0.000000,0,0.000000,0,0.000000,222,1,0,,
168018,945904.000000,2019-11-08 00:00:00+03:00,0,0.000000,0,0.000000,0,0.000000,218,1,0,,
168018,945904.000000,2019-11-10 00:00:00+03:00,0,0.000000,0,0.000000,0,0.000000,1,1,0,,
168018,945904.000000,2019-11-11 00:00:00+03:00,0,0.000000,0,0.000000,0,0.000000,343,1,0,,
168018,945904.000000,2019-11-13 00:00:00+03:00,0,0.000000,0,0.000000,0,0.000000,246,1,0,,
168018,945904.000000,2019-11-14 00:00:00+03:00,0,0.000000,0,0.000000,0,0.000000,247,1,0,,
168018,945904.000000,2019-11-15 00:00:00+03:00,0,0.000000,0,0.000000,0,0.000000,301,1,0,,
168018,945904.000000,2019-11-16 00:00:00+03:00,0,0.000000,0,0.000000,0,0.000000,17,1,0,,
168018,945904.000000,2019-11-18 00:00:00+03:00,0,0.000000,0,0.000000,0,0.000000,138,1,0,,
168019,935216.000000,2019-11-03 00:00:00+03:00,0,0.000000,0,0.000000,0,0.000000,3,1,0,,
168019,935216.000000,2019-11-05 00:00:00+03:00,0,0.000000,0,0.000000,0,0.000000,2,1,0,,
168019,935216.000000,2019-11-07 00:00:00+03:00,0,0.000000,0,0.000000,0,0.000000,5,1,0,,
168019,935216.000000,2019-11-11 00:00:00+03:00,0,0.000000,0,0.000000,0,0.000000,4,1,0,,
168019,935216.000000,2019-11-12 00:00:00+03:00,0,0.000000,0,0.000000,0,0.000000,1,1,0,,
168019,935216.000000,2019-11-13 00:00:00+03:00,0,0.000000,0,0.000000,0,0.000000,3,1,0,,
168019,935216.000000,2019-11-14 00:00:00+03:00,0,0.000000,0,0.000000,0,0.000000,2,1,0,,
168019,935216.000000,2019-11-19 00:00:00+03:00,1,7.000000,0,0.000000,0,0.000000,1,1,1,0.000000,7.000000
168019,935216.000000,2019-11-20 00:00:00+03:00,0,0.000000,0,0.000000,0,0.000000,0,1,0,,
168019,965232.000000,2019-11-19 00:00:00+03:00,0,0.000000,0,0.000000,0,0.000000,1,1,0,,
168019,965232.000000,2019-11-20 00:00:00+03:00,0,0.000000,0,0.000000,0,0.000000,20,1,0,,
168019,965232.000000,2019-11-27 00:00:00+03:00,0,0.000000,0,0.000000,0,0.000000,13,1,0,,
168021,939218.000000,2019-11-01 00:00:00+03:00,0,0.000000,0,0.000000,0,0.000000,3,1,0,,
168021,939218.000000,2019-11-04 00:00:00+03:00,1,6.000000,0,0.000000,0,0.000000,9,1,1,0.000000,6.000000
168021,939218.000000,2019-11-05 00:00:00+03:00,1,13.000000,0,0.000000,0,0.000000,15,1,1,0.000000,13.000000
168021,939218.000000,2019-11-06 00:00:00+03:00,0,0.000000,0,0.000000,0,0.000000,15,1,0,,
168021,939218.000000,2019-11-07 00:00:00+03:00,0,0.000000,0,0.000000,0,0.000000,4,1,0,,
168021,939218.000000,2019-11-08 00:00:00+03:00,1,5.000000,0,0.000000,0,0.000000,36,1,1,0.000000,5.000000
168021,939218.000000,2019-11-11 00:00:00+03:00,0,0.000000,0,0.000000,0,0.000000,2,1,0,,
168021,939218.000000,2019-11-12 00:00:00+03:00,0,0.000000,0,0.000000,0,0.000000,18,1,0,,
168021,939218.000000,2019-11-13 00:00:00+03:00,0,0.000000,0,0.000000,0,0.000000,11,1,0,,
168021,939218.000000,2019-11-14 00:00:00+03:00,1,5.000000,0,0.000000,0,0.000000,15,1,1,0.000000,5.000000
168021,939218.000000,2019-11-15 00:00:00+03:00,0,0.000000,0,0.000000,0,0.000000,12,1,0,,
168021,939218.000000,2019-11-18 00:00:00+03:00,2,16.000000,0,0.000000,0,0.000000,33,1,2,0.000000,8.000000
168021,939218.000000,2019-11-19 00:00:00+03:00,0,0.000000,0,0.000000,0,0.000000,20,1,0,,
168021,939218.000000,2019-11-20 00:00:00+03:00,0,0.000000,0,0.000000,0,0.000000,12,1,0,,
168021,939218.000000,2019-11-21 00:00:00+03:00,0,0.000000,0,0.000000,0,0.000000,11,1,0,,
168021,939218.000000,2019-11-22 00:00:00+03:00,1,4.000000,0,0.000000,0,0.000000,43,1,1,0.000000,4.000000
168021,939218.000000,2019-11-25 00:00:00+03:00,1,7.000000,0,0.000000,0,0.000000,14,1,1,0.000000,7.000000
168021,939218.000000,2019-11-26 00:00:00+03:00,1,8.000000,0,0.000000,0,0.000000,19,1,1,0.000000,8.000000
168021,939218.000000,2019-11-27 00:00:00+03:00,0,0.000000,0,0.000000,0,0.000000,11,1,0,,
168021,939218.000000,2019-11-28 00:00:00+03:00,0,0.000000,0,0.000000,0,0.000000,12,1,0,,
168021,939222.000000,2019-11-01 00:00:00+03:00,1,11.000000,0,0.000000,0,0.000000,58,1,1,0.000000,11.000000
168021,939222.000000,2019-11-05 00:00:00+03:00,2,25.000000,0,0.000000,0,0.000000,43,1,2,0.000000,12.500000
168021,939222.000000,2019-11-06 00:00:00+03:00,3,21.000000,0,0.000000,0,0.000000,49,1,3,0.000000,7.000000
168021,939222.000000,2019-11-07 00:00:00+03:00,2,24.000000,0,0.000000,0,0.000000,52,1,2,0.000000,12.000000
168021,939222.000000,2019-11-08 00:00:00+03:00,1,4.000000,0,0.000000,0,0.000000,35,1,1,0.000000,4.000000
168021,939222.000000,2019-11-11 00:00:00+03:00,0,0.000000,0,0.000000,0,0.000000,36,1,0,,
168021,939222.000000,2019-11-12 00:00:00+03:00,0,0.000000,0,0.000000,0,0.000000,24,1,0,,
168021,939222.000000,2019-11-13 00:00:00+03:00,0,0.000000,0,0.000000,0,0.000000,37,1,0,,
168021,939222.000000,2019-11-14 00:00:00+03:00,3,34.000000,0,0.000000,0,0.000000,31,1,3,0.000000,11.333333
168021,939222.000000,2019-11-15 00:00:00+03:00,0,0.000000,0,0.000000,0,0.000000,31,1,0,,
168021,939222.000000,2019-11-18 00:00:00+03:00,1,20.000000,0,0.000000,0,0.000000,27,1,1,0.000000,20.000000
168021,939222.000000,2019-11-19 00:00:00+03:00,1,10.000000,0,0.000000,0,0.000000,35,1,1,0.000000,10.000000
168021,939222.000000,2019-11-20 00:00:00+03:00,2,33.000000,0,0.000000,0,0.000000,30,1,2,0.000000,16.500000
168021,939222.000000,2019-11-21 00:00:00+03:00,2,15.000000,0,0.000000,0,0.000000,25,1,2,0.000000,7.500000
168021,939222.000000,2019-11-22 00:00:00+03:00,0,0.000000,0,0.000000,0,0.000000,19,1,0,,
168021,939222.000000,2019-11-25 00:00:00+03:00,1,6.000000,0,0.000000,0,0.000000,19,1,1,0.000000,6.000000
168021,939222.000000,2019-11-26 00:00:00+03:00,2,18.000000,0,0.000000,0,0.000000,53,1,2,0.000000,9.000000
168021,939222.000000,2019-11-27 00:00:00+03:00,0,0.000000,0,0.000000,0,0.000000,24,1,0,,
168021,939222.000000,2019-11-28 00:00:00+03:00,1,42.000000,0,0.000000,0,0.000000,14,1,1,0.000000,42.000000
168021,939224.000000,2019-11-01 00:00:00+03:00,2,68.000000,0,0.000000,0,0.000000,24,1,2,0.000000,34.000000
168021,939224.000000,2019-11-05 00:00:00+03:00,2,42.000000,0,0.000000,0,0.000000,90,1,2,0.000000,21.000000
168021,939224.000000,2019-11-06 00:00:00+03:00,1,8.000000,0,0.000000,0,0.000000,72,1,1,0.000000,8.000000
168021,939224.000000,2019-11-07 00:00:00+03:00,2,21.000000,0,0.000000,0,0.000000,83,1,2,0.000000,10.500000
168021,939224.000000,2019-11-08 00:00:00+03:00,0,0.000000,0,0.000000,0,0.000000,97,1,0,,
168021,939224.000000,2019-11-11 00:00:00+03:00,0,0.000000,0,0.000000,0,0.000000,96,1,0,,
168021,939224.000000,2019-11-12 00:00:00+03:00,4,52.000000,0,0.000000,0,0.000000,38,1,4,0.000000,13.000000
168021,939224.000000,2019-11-13 00:00:00+03:00,3,52.000000,0,0.000000,0,0.000000,96,1,3,0.000000,17.333333
168021,939224.000000,2019-11-14 00:00:00+03:00,0,0.000000,0,0.000000,0,0.000000,142,1,0,,
168021,939224.000000,2019-11-15 00:00:00+03:00,0,0.000000,0,0.000000,0,0.000000,93,1,0,,
168021,939224.000000,2019-11-18 00:00:00+03:00,2,38.000000,0,0.000000,0,0.000000,56,1,2,0.000000,19.000000
168021,939224.000000,2019-11-19 00:00:00+03:00,2,22.000000,0,0.000000,0,0.000000,54,1,2,0.000000,11.000000
168021,939224.000000,2019-11-20 00:00:00+03:00,0,0.000000,1,13.000000,0,0.000000,101,1,1,1.000000,
168021,939224.000000,2019-11-21 00:00:00+03:00,0,0.000000,0,0.000000,0,0.000000,43,1,0,,
168021,939224.000000,2019-11-22 00:00:00+03:00,3,41.000000,0,0.000000,0,0.000000,82,1,3,0.000000,13.666667
168021,939224.000000,2019-11-25 00:00:00+03:00,0,0.000000,0,0.000000,0,0.000000,6,1,0,,
168021,939224.000000,2019-11-26 00:00:00+03:00,1,22.000000,0,0.000000,0,0.000000,67,1,1,0.000000,22.000000
168021,939224.000000,2019-11-27 00:00:00+03:00,5,78.000000,0,0.000000,0,0.000000,41,1,5,0.000000,15.600000
168021,939224.000000,2019-11-28 00:00:00+03:00,0,0.000000,0,0.000000,0,0.000000,83,1,0,,
168021,968150.000000,2019-11-21 00:00:00+03:00,3,3.000000,0,0.000000,0,0.000000,25,1,3,0.000000,1.000000
168021,968150.000000,2019-11-22 00:00:00+03:00,0,0.000000,0,0.000000,0,0.000000,12,1,0,,
168021,968150.000000,2019-11-25 00:00:00+03:00,1,1.000000,0,0.000000,0,0.000000,22,1,1,0.000000,1.000000
168021,968150.000000,2019-11-26 00:00:00+03:00,0,0.000000,0,0.000000,0,0.000000,18,1,0,,
168021,968150.000000,2019-11-27 00:00:00+03:00,0,0.000000,0,0.000000,0,0.000000,9,1,0,,
168021,968150.000000,2019-11-28 00:00:00+03:00,0,0.000000,0,0.000000,0,0.000000,14,1,0,,
168041,934534.000000,2019-11-01 00:00:00+03:00,1,22.000000,0,0.000000,0,0.000000,0,1,1,0.000000,22.000000
168041,934534.000000,2019-11-02 00:00:00+03:00,1,10.000000,0,0.000000,0,0.000000,0,1,1,0.000000,10.000000
168041,934534.000000,2019-11-03 00:00:00+03:00,1,26.000000,0,0.000000,0,0.000000,0,1,1,0.000000,26.000000
168041,934534.000000,2019-11-04 00:00:00+03:00,2,21.000000,0,0.000000,0,0.000000,0,1,2,0.000000,10.500000
168041,934534.000000,2019-11-05 00:00:00+03:00,7,119.000000,0,0.000000,0,0.000000,0,1,7,0.000000,17.000000
168041,934534.000000,2019-11-06 00:00:00+03:00,3,114.000000,0,0.000000,0,0.000000,0,1,3,0.000000,38.000000
168041,934534.000000,2019-11-07 00:00:00+03:00,1,16.000000,0,0.000000,0,0.000000,0,1,1,0.000000,16.000000
168041,934534.000000,2019-11-08 00:00:00+03:00,4,76.000000,0,0.000000,0,0.000000,0,1,4,0.000000,19.000000
168041,934534.000000,2019-11-09 00:00:00+03:00,3,58.000000,0,0.000000,0,0.000000,0,1,3,0.000000,19.333333
168041,934534.000000,2019-11-10 00:00:00+03:00,2,56.000000,0,0.000000,0,0.000000,0,1,2,0.000000,28.000000
168041,934534.000000,2019-11-11 00:00:00+03:00,2,33.000000,0,0.000000,0,0.000000,0,1,2,0.000000,16.500000
168041,934534.000000,2019-11-12 00:00:00+03:00,5,88.000000,0,0.000000,0,0.000000,0,1,5,0.000000,17.600000
168041,934534.000000,2019-11-13 00:00:00+03:00,2,44.000000,0,0.000000,0,0.000000,0,1,2,0.000000,22.000000
168041,934534.000000,2019-11-14 00:00:00+03:00,3,85.000000,0,0.000000,0,0.000000,0,1,3,0.000000,28.333333
168041,934534.000000,2019-11-15 00:00:00+03:00,11,140.000000,0,0.000000,0,0.000000,0,1,11,0.000000,12.727273
168041,934534.000000,2019-11-16 00:00:00+03:00,4,63.000000,0,0.000000,0,0.000000,0,1,4,0.000000,15.750000
168041,934534.000000,2019-11-17 00:00:00+03:00,3,110.000000,0,0.000000,0,0.000000,0,1,3,0.000000,36.666667
168041,934534.000000,2019-11-18 00:00:00+03:00,2,62.000000,0,0.000000,0,0.000000,0,1,2,0.000000,31.000000
168041,934534.000000,2019-11-19 00:00:00+03:00,4,72.000000,0,0.000000,0,0.000000,0,1,4,0.000000,18.000000
168041,934534.000000,2019-11-20 00:00:00+03:00,2,25.000000,0,0.000000,0,0.000000,0,1,2,0.000000,12.500000
168041,934534.000000,2019-11-22 00:00:00+03:00,4,64.000000,0,0.000000,0,0.000000,0,1,4,0.000000,16.000000
168041,934534.000000,2019-11-23 00:00:00+03:00,3,83.000000,0,0.000000,0,0.000000,0,1,3,0.000000,27.666667
168041,934534.000000,2019-11-24 00:00:00+03:00,3,20.000000,1,8.000000,0,0.000000,0,1,4,0.250000,6.666667
168041,934534.000000,2019-11-25 00:00:00+03:00,13,206.000000,1,13.000000,0,0.000000,0,1,14,0.071429,15.846154
168041,934534.000000,2019-11-26 00:00:00+03:00,10,139.000000,0,0.000000,0,0.000000,0,1,10,0.000000,13.900000
168041,934534.000000,2019-11-27 00:00:00+03:00,2,73.000000,0,0.000000,0,0.000000,0,1,2,0.000000,36.500000
168041,934534.000000,2019-11-28 00:00:00+03:00,2,22.000000,0,0.000000,0,0.000000,0,1,2,0.000000,11.000000
168041,936514.000000,2019-11-02 00:00:00+03:00,1,17.000000,0,0.000000,0,0.000000,0,1,1,0.000000,17.000000
168041,936514.000000,2019-11-05 00:00:00+03:00,1,14.000000,0,0.000000,0,0.000000,0,1,1,0.000000,14.000000
168041,936514.000000,2019-11-06 00:00:00+03:00,3,53.000000,0,0.000000,0,0.000000,0,1,3,0.000000,17.666667
168041,936514.000000,2019-11-07 00:00:00+03:00,1,13.000000,0,0.000000,0,0.000000,0,1,1,0.000000,13.000000
168041,936514.000000,2019-11-08 00:00:00+03:00,1,16.000000,0,0.000000,0,0.000000,0,1,1,0.000000,16.000000
168041,936514.000000,2019-11-09 00:00:00+03:00,1,12.000000,1,21.000000,0,0.000000,0,1,2,0.500000,12.000000
168041,936514.000000,2019-11-10 00:00:00+03:00,1,24.000000,0,0.000000,0,0.000000,0,1,1,0.000000,24.000000
168041,936514.000000,2019-11-11 00:00:00+03:00,5,136.000000,0,0.000000,0,0.000000,0,1,5,0.000000,27.200000
168041,936514.000000,2019-11-12 00:00:00+03:00,6,88.000000,0,0.000000,0,0.000000,0,1,6,0.000000,14.666667
168041,936514.000000,2019-11-13 00:00:00+03:00,3,43.000000,0,0.000000,0,0.000000,0,1,3,0.000000,14.333333
168041,936514.000000,2019-11-14 00:00:00+03:00,5,83.000000,0,0.000000,0,0.000000,0,1,5,0.000000,16.600000
168041,936514.000000,2019-11-15 00:00:00+03:00,6,214.000000,0,0.000000,0,0.000000,0,1,6,0.000000,35.666667
168041,936514.000000,2019-11-16 00:00:00+03:00,1,39.000000,0,0.000000,0,0.000000,0,1,1,0.000000,39.000000
168041,936514.000000,2019-11-18 00:00:00+03:00,2,32.000000,0,0.000000,0,0.000000,0,1,2,0.000000,16.000000
168041,936514.000000,2019-11-19 00:00:00+03:00,2,31.000000,0,0.000000,0,0.000000,0,1,2,0.000000,15.500000
168041,936514.000000,2019-11-20 00:00:00+03:00,2,25.000000,0,0.000000,0,0.000000,0,1,2,0.000000,12.500000
168041,936514.000000,2019-11-21 00:00:00+03:00,3,87.000000,0,0.000000,0,0.000000,0,1,3,0.000000,29.000000
168041,936514.000000,2019-11-22 00:00:00+03:00,1,15.000000,0,0.000000,0,0.000000,0,1,1,0.000000,15.000000
168041,936514.000000,2019-11-23 00:00:00+03:00,1,13.000000,0,0.000000,0,0.000000,0,1,1,0.000000,13.000000
168041,936514.000000,2019-11-25 00:00:00+03:00,10,177.000000,0,0.000000,0,0.000000,0,1,10,0.000000,17.700000
168041,936514.000000,2019-11-26 00:00:00+03:00,2,59.000000,0,0.000000,0,0.000000,0,1,2,0.000000,29.500000
168042,934170.000000,2019-11-25 00:00:00+03:00,1,15.000000,0,0.000000,0,0.000000,0,1,1,0.000000,15.000000
168047,937604.000000,2019-11-06 00:00:00+03:00,0,0.000000,0,0.000000,0,0.000000,1,1,0,,
168047,937604.000000,2019-11-08 00:00:00+03:00,0,0.000000,0,0.000000,0,0.000000,1,1,0,,
168047,937604.000000,2019-11-11 00:00:00+03:00,0,0.000000,0,0.000000,0,0.000000,1,1,0,,
168047,937604.000000,2019-11-12 00:00:00+03:00,0,0.000000,0,0.000000,0,0.000000,2,1,0,,
168047,937604.000000,2019-11-14 00:00:00+03:00,0,0.000000,0,0.000000,0,0.000000,1,1,0,,
168047,937604.000000,2019-11-15 00:00:00+03:00,0,0.000000,0,0.000000,0,0.000000,2,1,0,,
168047,937604.000000,2019-11-18 00:00:00+03:00,1,4.000000,0,0.000000,0,0.000000,4,1,1,0.000000,4.000000
168047,937604.000000,2019-11-19 00:00:00+03:00,3,51.000000,0,0.000000,0,0.000000,9,1,3,0.000000,17.000000
168047,937604.000000,2019-11-20 00:00:00+03:00,0,0.000000,0,0.000000,0,0.000000,2,1,0,,
168047,937604.000000,2019-11-21 00:00:00+03:00,0,0.000000,0,0.000000,0,0.000000,1,1,0,,
168047,937604.000000,2019-11-28 00:00:00+03:00,0,0.000000,0,0.000000,0,0.000000,4,1,0,,
168048,950806.000000,2019-11-01 00:00:00+03:00,0,0.000000,0,0.000000,0,0.000000,4,1,0,,
168048,950806.000000,2019-11-07 00:00:00+03:00,1,9.000000,0,0.000000,0,0.000000,0,1,1,0.000000,9.000000
168048,950806.000000,2019-11-15 00:00:00+03:00,1,26.000000,0,0.000000,0,0.000000,0,1,1,0.000000,26.000000
168048,950806.000000,2019-11-26 00:00:00+03:00,1,11.000000,0,0.000000,0,0.000000,0,1,1,0.000000,11.000000
168048,950806.000000,2019-11-28 00:00:00+03:00,6,42.000000,0,0.000000,0,0.000000,0,1,6,0.000000,7.000000
168054,971100.000000,2019-11-25 00:00:00+03:00,1,5.000000,0,0.000000,0,0.000000,0,1,1,0.000000,5.000000
168054,971100.000000,2019-11-27 00:00:00+03:00,2,21.000000,0,0.000000,0,0.000000,0,1,2,0.000000,10.500000
168054,971102.000000,2019-11-25 00:00:00+03:00,4,36.000000,0,0.000000,0,0.000000,0,1,4,0.000000,9.000000
168054,971102.000000,2019-11-26 00:00:00+03:00,21,383.000000,0,0.000000,0,0.000000,0,1,21,0.000000,18.238095
168054,971102.000000,2019-11-27 00:00:00+03:00,26,494.000000,0,0.000000,0,0.000000,0,1,26,0.000000,19.000000
168054,971102.000000,2019-11-28 00:00:00+03:00,27,457.000000,0,0.000000,0,0.000000,0,1,27,0.000000,16.925926
168062,947590.000000,2019-11-01 00:00:00+03:00,0,0.000000,0,0.000000,0,0.000000,2,1,0,,
168062,947590.000000,2019-11-05 00:00:00+03:00,0,0.000000,0,0.000000,0,0.000000,2,1,0,,
168062,947590.000000,2019-11-06 00:00:00+03:00,0,0.000000,0,0.000000,0,0.000000,6,1,0,,
168062,947590.000000,2019-11-07 00:00:00+03:00,0,0.000000,0,0.000000,0,0.000000,9,1,0,,
168062,947590.000000,2019-11-08 00:00:00+03:00,0,0.000000,0,0.000000,0,0.000000,10,1,0,,
168062,947590.000000,2019-11-11 00:00:00+03:00,0,0.000000,0,0.000000,0,0.000000,8,1,0,,
168062,947590.000000,2019-11-12 00:00:00+03:00,0,0.000000,0,0.000000,0,0.000000,18,1,0,,
168062,947590.000000,2019-11-13 00:00:00+03:00,0,0.000000,0,0.000000,0,0.000000,9,1,0,,
168062,947590.000000,2019-11-14 00:00:00+03:00,0,0.000000,0,0.000000,0,0.000000,17,1,0,,
168062,947590.000000,2019-11-15 00:00:00+03:00,0,0.000000,0,0.000000,0,0.000000,7,1,0,,
168062,947590.000000,2019-11-18 00:00:00+03:00,0,0.000000,0,0.000000,0,0.000000,4,1,0,,
168062,947590.000000,2019-11-19 00:00:00+03:00,0,0.000000,0,0.000000,0,0.000000,13,1,0,,
168062,947590.000000,2019-11-20 00:00:00+03:00,0,0.000000,0,0.000000,0,0.000000,9,1,0,,
168062,947590.000000,2019-11-21 00:00:00+03:00,0,0.000000,0,0.000000,0,0.000000,2,1,0,,
168062,947590.000000,2019-11-22 00:00:00+03:00,0,0.000000,0,0.000000,0,0.000000,37,1,0,,
168062,947590.000000,2019-11-25 00:00:00+03:00,0,0.000000,0,0.000000,0,0.000000,12,1,0,,
168062,947590.000000,2019-11-26 00:00:00+03:00,0,0.000000,0,0.000000,0,0.000000,9,1,0,,
168062,947590.000000,2019-11-27 00:00:00+03:00,0,0.000000,0,0.000000,0,0.000000,7,1,0,,
168062,947590.000000,2019-11-28 00:00:00+03:00,0,0.000000,0,0.000000,0,0.000000,2,1,0,,
168062,947592.000000,2019-11-01 00:00:00+03:00,0,0.000000,0,0.000000,0,0.000000,37,1,0,,
168062,947592.000000,2019-11-05 00:00:00+03:00,0,0.000000,0,0.000000,0,0.000000,50,1,0,,
168062,947592.000000,2019-11-06 00:00:00+03:00,0,0.000000,0,0.000000,0,0.000000,71,1,0,,
168062,947592.000000,2019-11-07 00:00:00+03:00,0,0.000000,0,0.000000,0,0.000000,69,1,0,,
168062,947592.000000,2019-11-08 00:00:00+03:00,0,0.000000,0,0.000000,0,0.000000,48,1,0,,
168062,947592.000000,2019-11-11 00:00:00+03:00,0,0.000000,0,0.000000,0,0.000000,64,1,0,,
168062,947592.000000,2019-11-12 00:00:00+03:00,0,0.000000,0,0.000000,0,0.000000,111,1,0,,
168062,947592.000000,2019-11-13 00:00:00+03:00,0,0.000000,0,0.000000,0,0.000000,59,1,0,,
168062,947592.000000,2019-11-14 00:00:00+03:00,0,0.000000,0,0.000000,0,0.000000,66,1,0,,
168062,947592.000000,2019-11-18 00:00:00+03:00,0,0.000000,0,0.000000,0,0.000000,119,1,0,,
168062,947592.000000,2019-11-19 00:00:00+03:00,0,0.000000,0,0.000000,0,0.000000,73,1,0,,
168062,947592.000000,2019-11-20 00:00:00+03:00,0,0.000000,0,0.000000,0,0.000000,55,1,0,,
168062,947592.000000,2019-11-21 00:00:00+03:00,0,0.000000,0,0.000000,0,0.000000,61,1,0,,
168062,947592.000000,2019-11-22 00:00:00+03:00,0,0.000000,0,0.000000,0,0.000000,24,1,0,,
168062,947596.000000,2019-11-18 00:00:00+03:00,0,0.000000,0,0.000000,0,0.000000,1,1,0,,
168062,947598.000000,2019-11-01 00:00:00+03:00,0,0.000000,0,0.000000,0,0.000000,26,1,0,,
168062,947598.000000,2019-11-06 00:00:00+03:00,0,0.000000,0,0.000000,0,0.000000,50,1,0,,
168062,947598.000000,2019-11-07 00:00:00+03:00,0,0.000000,0,0.000000,0,0.000000,12,1,0,,
168062,947598.000000,2019-11-08 00:00:00+03:00,0,0.000000,0,0.000000,0,0.000000,17,1,0,,
168062,947598.000000,2019-11-11 00:00:00+03:00,0,0.000000,0,0.000000,0,0.000000,50,1,0,,
168062,947598.000000,2019-11-12 00:00:00+03:00,0,0.000000,0,0.000000,0,0.000000,25,1,0,,
168062,947598.000000,2019-11-13 00:00:00+03:00,0,0.000000,0,0.000000,0,0.000000,24,1,0,,
168062,947598.000000,2019-11-14 00:00:00+03:00,0,0.000000,0,0.000000,0,0.000000,44,1,0,,
168062,947598.000000,2019-11-15 00:00:00+03:00,0,0.000000,0,0.000000,0,0.000000,35,1,0,,
168062,947598.000000,2019-11-18 00:00:00+03:00,0,0.000000,0,0.000000,0,0.000000,18,1,0,,
168062,947598.000000,2019-11-19 00:00:00+03:00,0,0.000000,0,0.000000,0,0.000000,23,1,0,,
168062,947598.000000,2019-11-20 00:00:00+03:00,0,0.000000,0,0.000000,0,0.000000,66,1,0,,
168062,947598.000000,2019-11-22 00:00:00+03:00,0,0.000000,0,0.000000,0,0.000000,10,1,0,,
168062,947598.000000,2019-11-25 00:00:00+03:00,0,0.000000,0,0.000000,0,0.000000,31,1,0,,
168062,947598.000000,2019-11-26 00:00:00+03:00,0,0.000000,0,0.000000,0,0.000000,16,1,0,,
168062,947598.000000,2019-11-27 00:00:00+03:00,0,0.000000,0,0.000000,0,0.000000,25,1,0,,
168062,947598.000000,2019-11-28 00:00:00+03:00,0,0.000000,0,0.000000,0,0.000000,9,1,0,,
168062,947600.000000,2019-11-01 00:00:00+03:00,0,0.000000,0,0.000000,0,0.000000,27,1,0,,
168062,947600.000000,2019-11-05 00:00:00+03:00,0,0.000000,0,0.000000,0,0.000000,43,1,0,,
168062,947600.000000,2019-11-06 00:00:00+03:00,0,0.000000,0,0.000000,0,0.000000,39,1,0,,
168062,947600.000000,2019-11-07 00:00:00+03:00,0,0.000000,0,0.000000,0,0.000000,20,1,0,,
168062,947600.000000,2019-11-08 00:00:00+03:00,0,0.000000,0,0.000000,0,0.000000,15,1,0,,
168062,947600.000000,2019-11-18 00:00:00+03:00,0,0.000000,0,0.000000,0,0.000000,34,1,0,,
168062,947600.000000,2019-11-19 00:00:00+03:00,0,0.000000,0,0.000000,0,0.000000,29,1,0,,
168062,947600.000000,2019-11-20 00:00:00+03:00,0,0.000000,0,0.000000,0,0.000000,23,1,0,,
168062,947600.000000,2019-11-21 00:00:00+03:00,0,0.000000,0,0.000000,0,0.000000,15,1,0,,
168062,947600.000000,2019-11-22 00:00:00+03:00,0,0.000000,0,0.000000,0,0.000000,19,1,0,,
168062,947600.000000,2019-11-25 00:00:00+03:00,0,0.000000,0,0.000000,0,0.000000,23,1,0,,
168062,947600.000000,2019-11-26 00:00:00+03:00,0,0.000000,0,0.000000,0,0.000000,4,1,0,,
168062,947600.000000,2019-11-27 00:00:00+03:00,0,0.000000,0,0.000000,0,0.000000,13,1,0,,
168062,947600.000000,2019-11-28 00:00:00+03:00,0,0.000000,0,0.000000,0,0.000000,1,1,0,,
168062,947604.000000,2019-11-01 00:00:00+03:00,0,0.000000,0,0.000000,0,0.000000,68,1,0,,
168062,947604.000000,2019-11-05 00:00:00+03:00,0,0.000000,0,0.000000,0,0.000000,74,1,0,,
168062,947604.000000,2019-11-06 00:00:00+03:00,0,0.000000,0,0.000000,0,0.000000,41,1,0,,
168062,947604.000000,2019-11-07 00:00:00+03:00,0,0.000000,0,0.000000,0,0.000000,64,1,0,,
168062,947604.000000,2019-11-08 00:00:00+03:00,0,0.000000,0,0.000000,0,0.000000,99,1,0,,
168062,947604.000000,2019-11-11 00:00:00+03:00,0,0.000000,0,0.000000,0,0.000000,49,1,0,,
168062,947604.000000,2019-11-12 00:00:00+03:00,0,0.000000,0,0.000000,0,0.000000,71,1,0,,
168062,947604.000000,2019-11-13 00:00:00+03:00,0,0.000000,0,0.000000,0,0.000000,63,1,0,,
168062,947604.000000,2019-11-14 00:00:00+03:00,0,0.000000,0,0.000000,0,0.000000,46,1,0,,
168062,947604.000000,2019-11-15 00:00:00+03:00,0,0.000000,0,0.000000,0,0.000000,49,1,0,,
168062,947604.000000,2019-11-18 00:00:00+03:00,0,0.000000,0,0.000000,0,0.000000,54,1,0,,
168062,947604.000000,2019-11-19 00:00:00+03:00,0,0.000000,0,0.000000,0,0.000000,64,1,0,,
168062,947604.000000,2019-11-20 00:00:00+03:00,0,0.000000,0,0.000000,0,0.000000,31,1,0,,
168062,947604.000000,2019-11-21 00:00:00+03:00,0,0.000000,0,0.000000,0,0.000000,22,1,0,,
168062,947604.000000,2019-11-22 00:00:00+03:00,0,0.000000,0,0.000000,0,0.000000,33,1,0,,
168062,947604.000000,2019-11-25 00:00:00+03:00,0,0.000000,0,0.000000,0,0.000000,37,1,0,,
168062,947604.000000,2019-11-26 00:00:00+03:00,0,0.000000,0,0.000000,0,0.000000,34,1,0,,
168062,947604.000000,2019-11-27 00:00:00+03:00,0,0.000000,0,0.000000,0,0.000000,23,1,0,,
168062,947604.000000,2019-11-28 00:00:00+03:00,0,0.000000,0,0.000000,0,0.000000,42,1,0,,
168062,947610.000000,2019-11-01 00:00:00+03:00,1,6.000000,0,0.000000,0,0.000000,0,1,1,0.000000,6.000000
168062,947610.000000,2019-11-15 00:00:00+03:00,0,0.000000,0,0.000000,0,0.000000,4,1,0,,
168062,947610.000000,2019-11-22 00:00:00+03:00,0,0.000000,0,0.000000,0,0.000000,1,1,0,,
168062,947610.000000,2019-11-26 00:00:00+03:00,0,0.000000,0,0.000000,0,0.000000,1,1,0,,
168062,947610.000000,2019-11-28 00:00:00+03:00,0,0.000000,0,0.000000,0,0.000000,0,1,0,,
168062,947612.000000,2019-11-01 00:00:00+03:00,0,0.000000,0,0.000000,0,0.000000,2,1,0,,
168062,947612.000000,2019-11-05 00:00:00+03:00,0,0.000000,0,0.000000,0,0.000000,5,1,0,,
168062,947612.000000,2019-11-06 00:00:00+03:00,0,0.000000,0,0.000000,0,0.000000,6,1,0,,
168062,947612.000000,2019-11-07 00:00:00+03:00,0,0.000000,0,0.000000,0,0.000000,2,1,0,,
168062,947612.000000,2019-11-08 00:00:00+03:00,0,0.000000,0,0.000000,0,0.000000,7,1,0,,
168062,947612.000000,2019-11-11 00:00:00+03:00,0,0.000000,0,0.000000,0,0.000000,11,1,0,,
168062,947612.000000,2019-11-13 00:00:00+03:00,0,0.000000,0,0.000000,0,0.000000,9,1,0,,
168062,947612.000000,2019-11-14 00:00:00+03:00,0,0.000000,0,0.000000,0,0.000000,17,1,0,,
168062,947612.000000,2019-11-15 00:00:00+03:00,0,0.000000,0,0.000000,0,0.000000,17,1,0,,
168062,947612.000000,2019-11-18 00:00:00+03:00,0,0.000000,0,0.000000,0,0.000000,3,1,0,,
168062,947612.000000,2019-11-19 00:00:00+03:00,0,0.000000,0,0.000000,0,0.000000,7,1,0,,
168062,947612.000000,2019-11-20 00:00:00+03:00,0,0.000000,0,0.000000,0,0.000000,2,1,0,,
168062,947612.000000,2019-11-21 00:00:00+03:00,0,0.000000,0,0.000000,0,0.000000,3,1,0,,
168062,947612.000000,2019-11-22 00:00:00+03:00,0,0.000000,0,0.000000,0,0.000000,1,1,0,,
168062,947612.000000,2019-11-25 00:00:00+03:00,1,18.000000,0,0.000000,0,0.000000,4,1,1,0.000000,18.000000
168062,947612.000000,2019-11-26 00:00:00+03:00,0,0.000000,0,0.000000,0,0.000000,3,1,0,,
168062,947612.000000,2019-11-27 00:00:00+03:00,0,0.000000,0,0.000000,0,0.000000,4,1,0,,
168062,947612.000000,2019-11-28 00:00:00+03:00,0,0.000000,0,0.000000,0,0.000000,12,1,0,,
168062,947614.000000,2019-11-01 00:00:00+03:00,0,0.000000,0,0.000000,0,0.000000,86,1,0,,
168062,947614.000000,2019-11-05 00:00:00+03:00,0,0.000000,0,0.000000,0,0.000000,105,1,0,,
168062,947614.000000,2019-11-06 00:00:00+03:00,0,0.000000,0,0.000000,0,0.000000,2,1,0,,
168062,947614.000000,2019-11-07 00:00:00+03:00,0,0.000000,0,0.000000,0,0.000000,0,1,0,,
168062,947614.000000,2019-11-11 00:00:00+03:00,0,0.000000,0,0.000000,0,0.000000,41,1,0,,
168062,947614.000000,2019-11-12 00:00:00+03:00,0,0.000000,0,0.000000,0,0.000000,4,1,0,,
168062,947614.000000,2019-11-13 00:00:00+03:00,0,0.000000,0,0.000000,0,0.000000,10,1,0,,
168062,947614.000000,2019-11-14 00:00:00+03:00,0,0.000000,0,0.000000,0,0.000000,13,1,0,,
168062,947614.000000,2019-11-15 00:00:00+03:00,0,0.000000,0,0.000000,0,0.000000,46,1,0,,
168062,947614.000000,2019-11-18 00:00:00+03:00,0,0.000000,0,0.000000,0,0.000000,80,1,0,,
168062,947614.000000,2019-11-19 00:00:00+03:00,0,0.000000,0,0.000000,0,0.000000,83,1,0,,
168062,947614.000000,2019-11-20 00:00:00+03:00,0,0.000000,0,0.000000,0,0.000000,97,1,0,,
168062,947614.000000,2019-11-21 00:00:00+03:00,0,0.000000,0,0.000000,0,0.000000,88,1,0,,
168062,947614.000000,2019-11-22 00:00:00+03:00,0,0.000000,0,0.000000,0,0.000000,69,1,0,,
168062,947614.000000,2019-11-25 00:00:00+03:00,0,0.000000,0,0.000000,0,0.000000,71,1,0,,
168062,947614.000000,2019-11-27 00:00:00+03:00,0,0.000000,0,0.000000,0,0.000000,75,1,0,,
168062,947614.000000,2019-11-28 00:00:00+03:00,0,0.000000,0,0.000000,0,0.000000,111,1,0,,
168062,947616.000000,2019-11-01 00:00:00+03:00,0,0.000000,0,0.000000,0,0.000000,101,1,0,,
168062,947616.000000,2019-11-05 00:00:00+03:00,0,0.000000,0,0.000000,0,0.000000,123,1,0,,
168062,947616.000000,2019-11-06 00:00:00+03:00,0,0.000000,0,0.000000,0,0.000000,103,1,0,,
168062,947616.000000,2019-11-07 00:00:00+03:00,0,0.000000,0,0.000000,0,0.000000,105,1,0,,
168062,947616.000000,2019-11-08 00:00:00+03:00,0,0.000000,0,0.000000,0,0.000000,202,1,0,,
168062,947616.000000,2019-11-11 00:00:00+03:00,0,0.000000,0,0.000000,0,0.000000,136,1,0,,
168062,947616.000000,2019-11-12 00:00:00+03:00,0,0.000000,0,0.000000,0,0.000000,137,1,0,,
168062,947616.000000,2019-11-13 00:00:00+03:00,0,0.000000,0,0.000000,0,0.000000,95,1,0,,
168062,947616.000000,2019-11-14 00:00:00+03:00,0,0.000000,0,0.000000,0,0.000000,61,1,0,,
168062,947616.000000,2019-11-15 00:00:00+03:00,0,0.000000,0,0.000000,0,0.000000,95,1,0,,
168062,947616.000000,2019-11-18 00:00:00+03:00,0,0.000000,0,0.000000,0,0.000000,95,1,0,,
168062,947616.000000,2019-11-19 00:00:00+03:00,0,0.000000,0,0.000000,0,0.000000,118,1,0,,
168062,947616.000000,2019-11-20 00:00:00+03:00,0,0.000000,0,0.000000,0,0.000000,100,1,0,,
168062,947616.000000,2019-11-21 00:00:00+03:00,0,0.000000,0,0.000000,0,0.000000,109,1,0,,
168062,947616.000000,2019-11-22 00:00:00+03:00,0,0.000000,0,0.000000,0,0.000000,51,1,0,,
168062,947616.000000,2019-11-25 00:00:00+03:00,0,0.000000,0,0.000000,0,0.000000,144,1,0,,
168062,947616.000000,2019-11-26 00:00:00+03:00,0,0.000000,0,0.000000,0,0.000000,112,1,0,,
168062,947616.000000,2019-11-27 00:00:00+03:00,0,0.000000,0,0.000000,0,0.000000,78,1,0,,
168062,947616.000000,2019-11-28 00:00:00+03:00,0,0.000000,0,0.000000,0,0.000000,173,1,0,,
168062,947618.000000,2019-11-08 00:00:00+03:00,0,0.000000,0,0.000000,0,0.000000,1,1,0,,
168062,947618.000000,2019-11-11 00:00:00+03:00,0,0.000000,0,0.000000,0,0.000000,67,1,0,,
168062,947618.000000,2019-11-12 00:00:00+03:00,0,0.000000,0,0.000000,0,0.000000,77,1,0,,
168062,947618.000000,2019-11-13 00:00:00+03:00,0,0.000000,0,0.000000,0,0.000000,76,1,0,,
168062,947618.000000,2019-11-14 00:00:00+03:00,0,0.000000,0,0.000000,0,0.000000,76,1,0,,
168062,947618.000000,2019-11-15 00:00:00+03:00,0,0.000000,0,0.000000,0,0.000000,75,1,0,,
168062,947618.000000,2019-11-18 00:00:00+03:00,0,0.000000,0,0.000000,0,0.000000,120,1,0,,
168062,947618.000000,2019-11-19 00:00:00+03:00,0,0.000000,0,0.000000,0,0.000000,82,1,0,,
168062,947618.000000,2019-11-20 00:00:00+03:00,0,0.000000,0,0.000000,0,0.000000,81,1,0,,
168062,947618.000000,2019-11-21 00:00:00+03:00,0,0.000000,0,0.000000,0,0.000000,80,1,0,,
168062,947618.000000,2019-11-22 00:00:00+03:00,0,0.000000,0,0.000000,0,0.000000,94,1,0,,
168062,947618.000000,2019-11-25 00:00:00+03:00,0,0.000000,0,0.000000,0,0.000000,78,1,0,,
168062,947618.000000,2019-11-26 00:00:00+03:00,0,0.000000,0,0.000000,0,0.000000,74,1,0,,
168062,947618.000000,2019-11-27 00:00:00+03:00,0,0.000000,0,0.000000,0,0.000000,69,1,0,,
168062,947618.000000,2019-11-28 00:00:00+03:00,0,0.000000,0,0.000000,0,0.000000,66,1,0,,
168062,947620.000000,2019-11-01 00:00:00+03:00,0,0.000000,0,0.000000,0,0.000000,61,1,0,,
168062,947620.000000,2019-11-05 00:00:00+03:00,0,0.000000,0,0.000000,0,0.000000,55,1,0,,
168062,947620.000000,2019-11-06 00:00:00+03:00,0,0.000000,0,0.000000,0,0.000000,37,1,0,,
168062,947620.000000,2019-11-07 00:00:00+03:00,0,0.000000,0,0.000000,0,0.000000,61,1,0,,
168062,947620.000000,2019-11-08 00:00:00+03:00,0,0.000000,0,0.000000,0,0.000000,55,1,0,,
168062,947620.000000,2019-11-11 00:00:00+03:00,0,0.000000,0,0.000000,0,0.000000,40,1,0,,
168062,947620.000000,2019-11-12 00:00:00+03:00,0,0.000000,0,0.000000,0,0.000000,63,1,0,,
168062,947620.000000,2019-11-13 00:00:00+03:00,0,0.000000,0,0.000000,0,0.000000,50,1,0,,
168062,947620.000000,2019-11-14 00:00:00+03:00,0,0.000000,0,0.000000,0,0.000000,68,1,0,,
168062,947620.000000,2019-11-15 00:00:00+03:00,0,0.000000,0,0.000000,0,0.000000,57,1,0,,
168062,947620.000000,2019-11-18 00:00:00+03:00,0,0.000000,0,0.000000,0,0.000000,73,1,0,,
168062,947620.000000,2019-11-19 00:00:00+03:00,0,0.000000,0,0.000000,0,0.000000,59,1,0,,
168062,947620.000000,2019-11-20 00:00:00+03:00,0,0.000000,0,0.000000,0,0.000000,81,1,0,,
168062,947620.000000,2019-11-21 00:00:00+03:00,0,0.000000,0,0.000000,0,0.000000,123,1,0,,
168062,947620.000000,2019-11-22 00:00:00+03:00,0,0.000000,0,0.000000,0,0.000000,70,1,0,,
168062,947620.000000,2019-11-25 00:00:00+03:00,0,0.000000,0,0.000000,0,0.000000,59,1,0,,
168062,947620.000000,2019-11-26 00:00:00+03:00,0,0.000000,0,0.000000,0,0.000000,68,1,0,,
168062,947620.000000,2019-11-27 00:00:00+03:00,0,0.000000,0,0.000000,0,0.000000,112,1,0,,
168062,947620.000000,2019-11-28 00:00:00+03:00,0,0.000000,0,0.000000,0,0.000000,72,1,0,,
168062,947636.000000,2019-11-12 00:00:00+03:00,0,0.000000,0,0.000000,0,0.000000,48,1,0,,
168062,947636.000000,2019-11-18 00:00:00+03:00,0,0.000000,0,0.000000,0,0.000000,27,1,0,,
168062,947636.000000,2019-11-19 00:00:00+03:00,0,0.000000,0,0.000000,0,0.000000,1,1,0,,
168062,947636.000000,2019-11-21 00:00:00+03:00,0,0.000000,0,0.000000,0,0.000000,30,1,0,,
168062,947636.000000,2019-11-25 00:00:00+03:00,0,0.000000,0,0.000000,0,0.000000,1,1,0,,
168062,947638.000000,2019-11-01 00:00:00+03:00,0,0.000000,0,0.000000,0,0.000000,48,1,0,,
168062,947638.000000,2019-11-05 00:00:00+03:00,0,0.000000,0,0.000000,0,0.000000,76,1,0,,
168062,947638.000000,2019-11-06 00:00:00+03:00,0,0.000000,0,0.000000,0,0.000000,62,1,0,,
168062,947638.000000,2019-11-07 00:00:00+03:00,0,0.000000,0,0.000000,0,0.000000,44,1,0,,
168062,947638.000000,2019-11-08 00:00:00+03:00,2,27.000000,0,0.000000,0,0.000000,64,1,2,0.000000,13.500000
168062,947638.000000,2019-11-11 00:00:00+03:00,0,0.000000,0,0.000000,0,0.000000,74,1,0,,
168062,947638.000000,2019-11-12 00:00:00+03:00,0,0.000000,0,0.000000,0,0.000000,68,1,0,,
168062,947638.000000,2019-11-13 00:00:00+03:00,0,0.000000,0,0.000000,0,0.000000,43,1,0,,
168062,947638.000000,2019-11-14 00:00:00+03:00,0,0.000000,0,0.000000,0,0.000000,115,1,0,,
168062,947638.000000,2019-11-15 00:00:00+03:00,0,0.000000,0,0.000000,0,0.000000,103,1,0,,
168062,947638.000000,2019-11-18 00:00:00+03:00,0,0.000000,0,0.000000,0,0.000000,85,1,0,,
168062,947638.000000,2019-11-19 00:00:00+03:00,0,0.000000,0,0.000000,0,0.000000,126,1,0,,
168062,947638.000000,2019-11-21 00:00:00+03:00,0,0.000000,0,0.000000,0,0.000000,52,1,0,,
168062,947638.000000,2019-11-22 00:00:00+03:00,0,0.000000,0,0.000000,0,0.000000,42,1,0,,
168062,947638.000000,2019-11-25 00:00:00+03:00,0,0.000000,0,0.000000,0,0.000000,82,1,0,,
168062,947638.000000,2019-11-26 00:00:00+03:00,0,0.000000,0,0.000000,0,0.000000,98,1,0,,
168062,947638.000000,2019-11-27 00:00:00+03:00,0,0.000000,0,0.000000,0,0.000000,81,1,0,,
168062,947638.000000,2019-11-28 00:00:00+03:00,0,0.000000,0,0.000000,0,0.000000,67,1,0,,
168062,947640.000000,2019-11-01 00:00:00+03:00,0,0.000000,0,0.000000,0,0.000000,130,1,0,,
168062,947640.000000,2019-11-06 00:00:00+03:00,0,0.000000,0,0.000000,0,0.000000,1,1,0,,
168062,947640.000000,2019-11-12 00:00:00+03:00,0,0.000000,0,0.000000,0,0.000000,56,1,0,,
168062,947640.000000,2019-11-15 00:00:00+03:00,0,0.000000,0,0.000000,0,0.000000,2,1,0,,
168062,947640.000000,2019-11-18 00:00:00+03:00,0,0.000000,0,0.000000,0,0.000000,9,1,0,,
168062,947640.000000,2019-11-19 00:00:00+03:00,0,0.000000,0,0.000000,0,0.000000,8,1,0,,
168062,947640.000000,2019-11-21 00:00:00+03:00,0,0.000000,0,0.000000,0,0.000000,2,1,0,,
168062,947640.000000,2019-11-22 00:00:00+03:00,0,0.000000,0,0.000000,0,0.000000,53,1,0,,
168062,947640.000000,2019-11-25 00:00:00+03:00,0,0.000000,0,0.000000,0,0.000000,61,1,0,,
168062,947640.000000,2019-11-26 00:00:00+03:00,0,0.000000,0,0.000000,0,0.000000,48,1,0,,
168062,947640.000000,2019-11-27 00:00:00+03:00,0,0.000000,0,0.000000,0,0.000000,102,1,0,,
168062,947640.000000,2019-11-28 00:00:00+03:00,0,0.000000,0,0.000000,0,0.000000,54,1,0,,
168062,947642.000000,2019-11-06 00:00:00+03:00,0,0.000000,0,0.000000,0,0.000000,1,1,0,,
168062,947642.000000,2019-11-07 00:00:00+03:00,0,0.000000,0,0.000000,0,0.000000,17,1,0,,
168062,947642.000000,2019-11-08 00:00:00+03:00,1,14.000000,0,0.000000,0,0.000000,29,1,1,0.000000,14.000000
168062,947642.000000,2019-11-11 00:00:00+03:00,0,0.000000,0,0.000000,0,0.000000,74,1,0,,
168062,947642.000000,2019-11-12 00:00:00+03:00,0,0.000000,0,0.000000,0,0.000000,35,1,0,,
168062,947642.000000,2019-11-13 00:00:00+03:00,0,0.000000,0,0.000000,0,0.000000,51,1,0,,
168062,947642.000000,2019-11-14 00:00:00+03:00,0,0.000000,0,0.000000,0,0.000000,87,1,0,,
168062,947642.000000,2019-11-15 00:00:00+03:00,0,0.000000,0,0.000000,0,0.000000,114,1,0,,
168062,947642.000000,2019-11-18 00:00:00+03:00,0,0.000000,0,0.000000,0,0.000000,38,1,0,,
168062,947642.000000,2019-11-19 00:00:00+03:00,0,0.000000,0,0.000000,0,0.000000,2,1,0,,
168062,947642.000000,2019-11-20 00:00:00+03:00,0,0.000000,0,0.000000,0,0.000000,5,1,0,,
168062,947642.000000,2019-11-21 00:00:00+03:00,0,0.000000,0,0.000000,0,0.000000,19,1,0,,
168062,947642.000000,2019-11-22 00:00:00+03:00,0,0.000000,0,0.000000,0,0.000000,25,1,0,,
168062,947642.000000,2019-11-25 00:00:00+03:00,0,0.000000,0,0.000000,0,0.000000,84,1,0,,
168062,947642.000000,2019-11-26 00:00:00+03:00,0,0.000000,0,0.000000,0,0.000000,183,1,0,,
168062,947642.000000,2019-11-27 00:00:00+03:00,0,0.000000,0,0.000000,0,0.000000,112,1,0,,
168062,947642.000000,2019-11-28 00:00:00+03:00,0,0.000000,0,0.000000,0,0.000000,80,1,0,,
168062,947644.000000,2019-11-01 00:00:00+03:00,0,0.000000,0,0.000000,0,0.000000,10,1,0,,
168062,947644.000000,2019-11-05 00:00:00+03:00,0,0.000000,0,0.000000,0,0.000000,32,1,0,,
168062,947644.000000,2019-11-06 00:00:00+03:00,0,0.000000,0,0.000000,0,0.000000,26,1,0,,
168062,947644.000000,2019-11-07 00:00:00+03:00,0,0.000000,0,0.000000,0,0.000000,14,1,0,,
168062,947644.000000,2019-11-08 00:00:00+03:00,0,0.000000,0,0.000000,0,0.000000,2,1,0,,
168062,947644.000000,2019-11-11 00:00:00+03:00,0,0.000000,0,0.000000,0,0.000000,9,1,0,,
168062,947644.000000,2019-11-12 00:00:00+03:00,0,0.000000,0,0.000000,0,0.000000,21,1,0,,
168062,947644.000000,2019-11-13 00:00:00+03:00,0,0.000000,0,0.000000,0,0.000000,25,1,0,,
168062,947644.000000,2019-11-14 00:00:00+03:00,0,0.000000,0,0.000000,0,0.000000,59,1,0,,
168062,947644.000000,2019-11-15 00:00:00+03:00,0,0.000000,0,0.000000,0,0.000000,20,1,0,,
168062,947644.000000,2019-11-18 00:00:00+03:00,0,0.000000,0,0.000000,0,0.000000,17,1,0,,
168062,947644.000000,2019-11-19 00:00:00+03:00,0,0.000000,0,0.000000,0,0.000000,37,1,0,,
168062,947644.000000,2019-11-20 00:00:00+03:00,0,0.000000,0,0.000000,0,0.000000,41,1,0,,
168062,947644.000000,2019-11-21 00:00:00+03:00,0,0.000000,0,0.000000,0,0.000000,28,1,0,,
168062,947644.000000,2019-11-22 00:00:00+03:00,0,0.000000,0,0.000000,0,0.000000,20,1,0,,
168062,947644.000000,2019-11-25 00:00:00+03:00,0,0.000000,0,0.000000,0,0.000000,20,1,0,,
168062,947644.000000,2019-11-26 00:00:00+03:00,0,0.000000,0,0.000000,0,0.000000,20,1,0,,
168062,947644.000000,2019-11-27 00:00:00+03:00,0,0.000000,0,0.000000,0,0.000000,30,1,0,,
168062,947644.000000,2019-11-28 00:00:00+03:00,0,0.000000,0,0.000000,0,0.000000,26,1,0,,
168062,947646.000000,2019-11-01 00:00:00+03:00,0,0.000000,0,0.000000,0,0.000000,135,1,0,,
168062,947646.000000,2019-11-05 00:00:00+03:00,0,0.000000,0,0.000000,0,0.000000,129,1,0,,
168062,947646.000000,2019-11-06 00:00:00+03:00,0,0.000000,0,0.000000,0,0.000000,155,1,0,,
168062,947646.000000,2019-11-07 00:00:00+03:00,0,0.000000,0,0.000000,0,0.000000,165,1,0,,
168062,947646.000000,2019-11-08 00:00:00+03:00,0,0.000000,0,0.000000,0,0.000000,141,1,0,,
168062,947646.000000,2019-11-11 00:00:00+03:00,0,0.000000,0,0.000000,0,0.000000,178,1,0,,
168062,947646.000000,2019-11-12 00:00:00+03:00,0,0.000000,0,0.000000,0,0.000000,201,1,0,,
168062,947646.000000,2019-11-14 00:00:00+03:00,0,0.000000,0,0.000000,0,0.000000,122,1,0,,
168062,947646.000000,2019-11-15 00:00:00+03:00,0,0.000000,0,0.000000,0,0.000000,117,1,0,,
168062,947646.000000,2019-11-18 00:00:00+03:00,0,0.000000,0,0.000000,0,0.000000,150,1,0,,
168062,947646.000000,2019-11-19 00:00:00+03:00,0,0.000000,0,0.000000,0,0.000000,74,1,0,,
168062,947646.000000,2019-11-25 00:00:00+03:00,0,0.000000,0,0.000000,0,0.000000,101,1,0,,
168062,947646.000000,2019-11-26 00:00:00+03:00,0,0.000000,0,0.000000,0,0.000000,101,1,0,,
168062,947646.000000,2019-11-27 00:00:00+03:00,0,0.000000,0,0.000000,0,0.000000,99,1,0,,
168062,947646.000000,2019-11-28 00:00:00+03:00,0,0.000000,0,0.000000,0,0.000000,110,1,0,,
168062,947648.000000,2019-11-05 00:00:00+03:00,0,0.000000,0,0.000000,0,0.000000,173,1,0,,
168062,947648.000000,2019-11-06 00:00:00+03:00,0,0.000000,0,0.000000,0,0.000000,209,1,0,,
168062,947648.000000,2019-11-07 00:00:00+03:00,0,0.000000,0,0.000000,0,0.000000,265,1,0,,
168062,947648.000000,2019-11-08 00:00:00+03:00,0,0.000000,0,0.000000,0,0.000000,213,1,0,,
168062,947648.000000,2019-11-11 00:00:00+03:00,0,0.000000,0,0.000000,0,0.000000,346,1,0,,
168062,947648.000000,2019-11-12 00:00:00+03:00,0,0.000000,0,0.000000,0,0.000000,218,1,0,,
168062,947648.000000,2019-11-13 00:00:00+03:00,0,0.000000,0,0.000000,0,0.000000,181,1,0,,
168062,947648.000000,2019-11-14 00:00:00+03:00,0,0.000000,0,0.000000,0,0.000000,139,1,0,,
168062,947648.000000,2019-11-15 00:00:00+03:00,0,0.000000,0,0.000000,0,0.000000,104,1,0,,
168062,947648.000000,2019-11-18 00:00:00+03:00,0,0.000000,0,0.000000,0,0.000000,128,1,0,,
168062,947648.000000,2019-11-19 00:00:00+03:00,0,0.000000,0,0.000000,0,0.000000,80,1,0,,
168062,947648.000000,2019-11-20 00:00:00+03:00,0,0.000000,0,0.000000,0,0.000000,123,1,0,,
168062,947648.000000,2019-11-21 00:00:00+03:00,0,0.000000,0,0.000000,0,0.000000,319,1,0,,
168062,947648.000000,2019-11-22 00:00:00+03:00,0,0.000000,0,0.000000,0,0.000000,15,1,0,,
168062,947648.000000,2019-11-25 00:00:00+03:00,0,0.000000,0,0.000000,0,0.000000,140,1,0,,
168062,947648.000000,2019-11-26 00:00:00+03:00,0,0.000000,0,0.000000,0,0.000000,154,1,0,,
168062,947648.000000,2019-11-27 00:00:00+03:00,0,0.000000,0,0.000000,0,0.000000,161,1,0,,
168062,947648.000000,2019-11-28 00:00:00+03:00,0,0.000000,0,0.000000,0,0.000000,94,1,0,,
168062,947650.000000,2019-11-01 00:00:00+03:00,0,0.000000,0,0.000000,0,0.000000,63,1,0,,
168062,947650.000000,2019-11-05 00:00:00+03:00,0,0.000000,0,0.000000,0,0.000000,94,1,0,,
168062,947650.000000,2019-11-06 00:00:00+03:00,0,0.000000,0,0.000000,0,0.000000,86,1,0,,
168062,947650.000000,2019-11-07 00:00:00+03:00,0,0.000000,0,0.000000,0,0.000000,73,1,0,,
168062,947650.000000,2019-11-08 00:00:00+03:00,0,0.000000,0,0.000000,0,0.000000,83,1,0,,
168062,947650.000000,2019-11-11 00:00:00+03:00,0,0.000000,0,0.000000,0,0.000000,94,1,0,,
168062,947650.000000,2019-11-12 00:00:00+03:00,0,0.000000,0,0.000000,0,0.000000,89,1,0,,
168062,947650.000000,2019-11-13 00:00:00+03:00,0,0.000000,0,0.000000,0,0.000000,75,1,0,,
168062,947650.000000,2019-11-14 00:00:00+03:00,0,0.000000,0,0.000000,0,0.000000,77,1,0,,
168062,947650.000000,2019-11-15 00:00:00+03:00,0,0.000000,0,0.000000,0,0.000000,83,1,0,,
168062,947650.000000,2019-11-18 00:00:00+03:00,0,0.000000,0,0.000000,0,0.000000,145,1,0,,
168062,947650.000000,2019-11-19 00:00:00+03:00,0,0.000000,0,0.000000,0,0.000000,103,1,0,,
168062,947650.000000,2019-11-20 00:00:00+03:00,0,0.000000,0,0.000000,0,0.000000,112,1,0,,
168062,947650.000000,2019-11-21 00:00:00+03:00,0,0.000000,0,0.000000,0,0.000000,72,1,0,,
168062,947650.000000,2019-11-22 00:00:00+03:00,0,0.000000,0,0.000000,0,0.000000,166,1,0,,
168062,947650.000000,2019-11-25 00:00:00+03:00,0,0.000000,0,0.000000,0,0.000000,105,1,0,,
168062,947650.000000,2019-11-26 00:00:00+03:00,0,0.000000,0,0.000000,0,0.000000,105,1,0,,
168062,947650.000000,2019-11-27 00:00:00+03:00,0,0.000000,0,0.000000,0,0.000000,88,1,0,,
168062,947650.000000,2019-11-28 00:00:00+03:00,0,0.000000,0,0.000000,0,0.000000,68,1,0,,
168062,947652.000000,2019-11-01 00:00:00+03:00,0,0.000000,0,0.000000,0,0.000000,25,1,0,,
168062,947652.000000,2019-11-06 00:00:00+03:00,0,0.000000,0,0.000000,0,0.000000,48,1,0,,
168062,947652.000000,2019-11-07 00:00:00+03:00,0,0.000000,0,0.000000,0,0.000000,57,1,0,,
168062,947652.000000,2019-11-08 00:00:00+03:00,0,0.000000,0,0.000000,0,0.000000,31,1,0,,
168062,947652.000000,2019-11-11 00:00:00+03:00,0,0.000000,0,0.000000,0,0.000000,38,1,0,,
168062,947652.000000,2019-11-12 00:00:00+03:00,0,0.000000,0,0.000000,0,0.000000,42,1,0,,
168062,947652.000000,2019-11-13 00:00:00+03:00,0,0.000000,0,0.000000,0,0.000000,35,1,0,,
168062,947652.000000,2019-11-14 00:00:00+03:00,0,0.000000,0,0.000000,0,0.000000,59,1,0,,
168062,947652.000000,2019-11-15 00:00:00+03:00,0,0.000000,0,0.000000,0,0.000000,34,1,0,,
168062,947652.000000,2019-11-19 00:00:00+03:00,0,0.000000,0,0.000000,0,0.000000,18,1,0,,
168062,947652.000000,2019-11-20 00:00:00+03:00,0,0.000000,0,0.000000,0,0.000000,29,1,0,,
168062,947652.000000,2019-11-21 00:00:00+03:00,0,0.000000,0,0.000000,0,0.000000,58,1,0,,
168062,947652.000000,2019-11-27 00:00:00+03:00,0,0.000000,0,0.000000,0,0.000000,55,1,0,,
168062,947652.000000,2019-11-28 00:00:00+03:00,0,0.000000,0,0.000000,0,0.000000,37,1,0,,
168062,947654.000000,2019-11-01 00:00:00+03:00,0,0.000000,0,0.000000,0,0.000000,100,1,0,,
168062,947654.000000,2019-11-05 00:00:00+03:00,0,0.000000,0,0.000000,0,0.000000,143,1,0,,
168062,947654.000000,2019-11-06 00:00:00+03:00,0,0.000000,0,0.000000,0,0.000000,155,1,0,,
168062,947654.000000,2019-11-07 00:00:00+03:00,0,0.000000,0,0.000000,0,0.000000,223,1,0,,
168062,947654.000000,2019-11-11 00:00:00+03:00,0,0.000000,0,0.000000,0,0.000000,119,1,0,,
168062,947654.000000,2019-11-12 00:00:00+03:00,0,0.000000,0,0.000000,0,0.000000,354,1,0,,
168062,947654.000000,2019-11-13 00:00:00+03:00,0,0.000000,0,0.000000,0,0.000000,126,1,0,,
168062,947654.000000,2019-11-14 00:00:00+03:00,0,0.000000,0,0.000000,0,0.000000,134,1,0,,
168062,947654.000000,2019-11-15 00:00:00+03:00,0,0.000000,0,0.000000,0,0.000000,96,1,0,,
168062,947654.000000,2019-11-18 00:00:00+03:00,0,0.000000,0,0.000000,0,0.000000,189,1,0,,
168062,947654.000000,2019-11-20 00:00:00+03:00,0,0.000000,0,0.000000,0,0.000000,163,1,0,,
168062,947654.000000,2019-11-21 00:00:00+03:00,0,0.000000,0,0.000000,0,0.000000,176,1,0,,
168062,947654.000000,2019-11-22 00:00:00+03:00,0,0.000000,0,0.000000,0,0.000000,148,1,0,,
168062,947654.000000,2019-11-25 00:00:00+03:00,0,0.000000,0,0.000000,0,0.000000,146,1,0,,
168062,947654.000000,2019-11-26 00:00:00+03:00,0,0.000000,0,0.000000,0,0.000000,243,1,0,,
168062,947654.000000,2019-11-27 00:00:00+03:00,0,0.000000,0,0.000000,0,0.000000,92,1,0,,
168062,947658.000000,2019-11-01 00:00:00+03:00,0,0.000000,0,0.000000,0,0.000000,123,1,0,,
168062,947658.000000,2019-11-05 00:00:00+03:00,0,0.000000,0,0.000000,0,0.000000,162,1,0,,
168062,947658.000000,2019-11-06 00:00:00+03:00,0,0.000000,0,0.000000,0,0.000000,403,1,0,,
168062,947658.000000,2019-11-07 00:00:00+03:00,0,0.000000,0,0.000000,0,0.000000,253,1,0,,
168062,947658.000000,2019-11-08 00:00:00+03:00,0,0.000000,0,0.000000,0,0.000000,235,1,0,,
168062,947658.000000,2019-11-11 00:00:00+03:00,0,0.000000,0,0.000000,0,0.000000,187,1,0,,
168062,947658.000000,2019-11-12 00:00:00+03:00,0,0.000000,0,0.000000,0,0.000000,183,1,0,,
168062,947658.000000,2019-11-13 00:00:00+03:00,0,0.000000,0,0.000000,0,0.000000,193,1,0,,
168062,947658.000000,2019-11-14 00:00:00+03:00,0,0.000000,0,0.000000,0,0.000000,153,1,0,,
168062,947658.000000,2019-11-15 00:00:00+03:00,0,0.000000,0,0.000000,0,0.000000,59,1,0,,
168062,947658.000000,2019-11-18 00:00:00+03:00,0,0.000000,0,0.000000,0,0.000000,95,1,0,,
168062,947658.000000,2019-11-19 00:00:00+03:00,0,0.000000,0,0.000000,0,0.000000,96,1,0,,
168062,947658.000000,2019-11-20 00:00:00+03:00,0,0.000000,0,0.000000,0,0.000000,82,1,0,,
168062,947658.000000,2019-11-21 00:00:00+03:00,0,0.000000,0,0.000000,0,0.000000,81,1,0,,
168062,947658.000000,2019-11-22 00:00:00+03:00,0,0.000000,0,0.000000,0,0.000000,92,1,0,,
168062,947658.000000,2019-11-25 00:00:00+03:00,0,0.000000,0,0.000000,0,0.000000,106,1,0,,
168062,947658.000000,2019-11-26 00:00:00+03:00,0,0.000000,0,0.000000,0,0.000000,129,1,0,,
168062,947658.000000,2019-11-27 00:00:00+03:00,0,0.000000,0,0.000000,0,0.000000,101,1,0,,
168062,947658.000000,2019-11-28 00:00:00+03:00,0,0.000000,0,0.000000,0,0.000000,102,1,0,,
168062,951492.000000,2019-11-01 00:00:00+03:00,0,0.000000,0,0.000000,0,0.000000,0,1,0,,
168062,951492.000000,2019-11-05 00:00:00+03:00,0,0.000000,0,0.000000,0,0.000000,6,1,0,,
168062,951492.000000,2019-11-06 00:00:00+03:00,0,0.000000,0,0.000000,0,0.000000,10,1,0,,
168062,951492.000000,2019-11-07 00:00:00+03:00,0,0.000000,0,0.000000,0,0.000000,6,1,0,,
168062,951492.000000,2019-11-08 00:00:00+03:00,1,22.000000,0,0.000000,0,0.000000,0,1,1,0.000000,22.000000
168062,951492.000000,2019-11-11 00:00:00+03:00,3,59.000000,0,0.000000,0,0.000000,6,1,3,0.000000,19.666667
168062,951492.000000,2019-11-12 00:00:00+03:00,0,0.000000,0,0.000000,0,0.000000,2,1,0,,
168062,951492.000000,2019-11-13 00:00:00+03:00,2,32.000000,0,0.000000,0,0.000000,13,1,2,0.000000,16.000000
168062,951492.000000,2019-11-14 00:00:00+03:00,2,34.000000,0,0.000000,0,0.000000,12,1,2,0.000000,17.000000
168062,951492.000000,2019-11-15 00:00:00+03:00,3,60.000000,0,0.000000,0,0.000000,4,1,3,0.000000,20.000000
168062,951492.000000,2019-11-18 00:00:00+03:00,4,129.000000,0,0.000000,0,0.000000,2,1,4,0.000000,32.250000
168062,951492.000000,2019-11-19 00:00:00+03:00,0,0.000000,0,0.000000,0,0.000000,3,1,0,,
168062,951492.000000,2019-11-20 00:00:00+03:00,3,120.000000,0,0.000000,0,0.000000,3,1,3,0.000000,40.000000
168062,951492.000000,2019-11-21 00:00:00+03:00,4,66.000000,0,0.000000,0,0.000000,1,1,4,0.000000,16.500000
168062,951492.000000,2019-11-22 00:00:00+03:00,1,25.000000,0,0.000000,0,0.000000,12,1,1,0.000000,25.000000
168062,951492.000000,2019-11-25 00:00:00+03:00,1,21.000000,0,0.000000,0,0.000000,2,1,1,0.000000,21.000000
168062,951492.000000,2019-11-26 00:00:00+03:00,2,39.000000,0,0.000000,0,0.000000,2,1,2,0.000000,19.500000
168062,951492.000000,2019-11-27 00:00:00+03:00,2,33.000000,0,0.000000,0,0.000000,0,1,2,0.000000,16.500000
168062,951492.000000,2019-11-28 00:00:00+03:00,2,39.000000,0,0.000000,0,0.000000,0,1,2,0.000000,19.500000
168062,951506.000000,2019-11-01 00:00:00+03:00,0,0.000000,0,0.000000,0,0.000000,0,1,0,,
168062,951506.000000,2019-11-05 00:00:00+03:00,1,15.000000,0,0.000000,0,0.000000,0,1,1,0.000000,15.000000
168062,951506.000000,2019-11-06 00:00:00+03:00,5,229.000000,0,0.000000,0,0.000000,6,1,5,0.000000,45.800000
168062,951506.000000,2019-11-07 00:00:00+03:00,1,15.000000,0,0.000000,0,0.000000,3,1,1,0.000000,15.000000
168062,951506.000000,2019-11-08 00:00:00+03:00,1,47.000000,0,0.000000,0,0.000000,2,1,1,0.000000,47.000000
168062,951506.000000,2019-11-11 00:00:00+03:00,9,333.000000,0,0.000000,0,0.000000,1,1,9,0.000000,37.000000
168062,951506.000000,2019-11-12 00:00:00+03:00,1,55.000000,0,0.000000,0,0.000000,1,1,1,0.000000,55.000000
168062,951506.000000,2019-11-13 00:00:00+03:00,3,86.000000,0,0.000000,0,0.000000,0,1,3,0.000000,28.666667
168062,951506.000000,2019-11-14 00:00:00+03:00,1,56.000000,0,0.000000,0,0.000000,0,1,1,0.000000,56.000000
168062,951506.000000,2019-11-15 00:00:00+03:00,6,314.000000,0,0.000000,0,0.000000,0,1,6,0.000000,52.333333
168062,951506.000000,2019-11-18 00:00:00+03:00,2,90.000000,0,0.000000,0,0.000000,0,1,2,0.000000,45.000000
168062,951506.000000,2019-11-19 00:00:00+03:00,3,130.000000,0,0.000000,0,0.000000,5,1,3,0.000000,43.333333
168062,951506.000000,2019-11-20 00:00:00+03:00,4,162.000000,0,0.000000,0,0.000000,0,1,4,0.000000,40.500000
168062,951506.000000,2019-11-21 00:00:00+03:00,1,48.000000,0,0.000000,0,0.000000,0,1,1,0.000000,48.000000
168062,951506.000000,2019-11-22 00:00:00+03:00,0,0.000000,0,0.000000,0,0.000000,0,1,0,,
168062,951506.000000,2019-11-25 00:00:00+03:00,0,0.000000,0,0.000000,0,0.000000,0,1,0,,
168062,951506.000000,2019-11-26 00:00:00+03:00,1,46.000000,0,0.000000,0,0.000000,0,1,1,0.000000,46.000000
168062,951506.000000,2019-11-27 00:00:00+03:00,1,17.000000,0,0.000000,0,0.000000,0,1,1,0.000000,17.000000
168062,951506.000000,2019-11-28 00:00:00+03:00,2,91.000000,0,0.000000,0,0.000000,0,1,2,0.000000,45.500000
168062,951508.000000,2019-11-01 00:00:00+03:00,14,217.000000,4,295.000000,0,0.000000,0,1,18,0.222222,15.500000
168062,951508.000000,2019-11-05 00:00:00+03:00,24,425.000000,0,0.000000,0,0.000000,0,1,24,0.000000,17.708333
168062,951508.000000,2019-11-06 00:00:00+03:00,23,463.000000,1,113.000000,0,0.000000,5,1,24,0.041667,20.130435
168062,951508.000000,2019-11-07 00:00:00+03:00,26,485.000000,0,0.000000,0,0.000000,0,1,26,0.000000,18.653846
168062,951508.000000,2019-11-08 00:00:00+03:00,9,173.000000,1,103.000000,0,0.000000,0,1,10,0.100000,19.222222
168062,951508.000000,2019-11-11 00:00:00+03:00,19,405.000000,3,356.000000,0,0.000000,4,1,22,0.136364,21.315789
168062,951508.000000,2019-11-12 00:00:00+03:00,26,469.000000,5,423.000000,0,0.000000,4,1,31,0.161290,18.038462
168062,951508.000000,2019-11-13 00:00:00+03:00,14,265.000000,1,71.000000,0,0.000000,1,1,15,0.066667,18.928571
168062,951508.000000,2019-11-14 00:00:00+03:00,13,243.000000,2,150.000000,0,0.000000,0,1,15,0.133333,18.692308
168062,951508.000000,2019-11-15 00:00:00+03:00,18,347.000000,4,366.000000,0,0.000000,1,1,22,0.181818,19.277778
168062,951508.000000,2019-11-18 00:00:00+03:00,10,208.000000,1,70.000000,0,0.000000,1,1,11,0.090909,20.800000
168062,951508.000000,2019-11-19 00:00:00+03:00,13,246.000000,0,0.000000,0,0.000000,0,1,13,0.000000,18.923077
168062,951508.000000,2019-11-20 00:00:00+03:00,15,303.000000,0,0.000000,0,0.000000,1,1,15,0.000000,20.200000
168062,951508.000000,2019-11-21 00:00:00+03:00,11,198.000000,0,0.000000,0,0.000000,5,1,11,0.000000,18.000000
168062,951508.000000,2019-11-22 00:00:00+03:00,7,128.000000,0,0.000000,0,0.000000,0,1,7,0.000000,18.285714
168062,951508.000000,2019-11-25 00:00:00+03:00,29,570.000000,0,0.000000,0,0.000000,2,1,29,0.000000,19.655172
168062,951508.000000,2019-11-26 00:00:00+03:00,15,282.000000,0,0.000000,0,0.000000,0,1,15,0.000000,18.800000
168062,951508.000000,2019-11-27 00:00:00+03:00,17,311.000000,0,0.000000,0,0.000000,0,1,17,0.000000,18.294118
168062,951508.000000,2019-11-28 00:00:00+03:00,12,221.000000,2,198.000000,0,0.000000,0,1,14,0.142857,18.416667
168062,952392.000000,2019-11-01 00:00:00+03:00,0,0.000000,0,0.000000,0,0.000000,13,1,0,,
168062,952392.000000,2019-11-05 00:00:00+03:00,0,0.000000,0,0.000000,0,0.000000,63,1,0,,
168062,952392.000000,2019-11-07 00:00:00+03:00,0,0.000000,0,0.000000,0,0.000000,91,1,0,,
168062,952392.000000,2019-11-08 00:00:00+03:00,0,0.000000,0,0.000000,0,0.000000,180,1,0,,
168062,952392.000000,2019-11-11 00:00:00+03:00,0,0.000000,0,0.000000,0,0.000000,125,1,0,,
168062,952392.000000,2019-11-12 00:00:00+03:00,0,0.000000,0,0.000000,0,0.000000,165,1,0,,
168062,952392.000000,2019-11-13 00:00:00+03:00,0,0.000000,0,0.000000,0,0.000000,71,1,0,,
168062,952392.000000,2019-11-14 00:00:00+03:00,0,0.000000,0,0.000000,0,0.000000,71,1,0,,
168062,952392.000000,2019-11-15 00:00:00+03:00,0,0.000000,0,0.000000,0,0.000000,43,1,0,,
168062,952392.000000,2019-11-18 00:00:00+03:00,0,0.000000,0,0.000000,0,0.000000,61,1,0,,
168062,952392.000000,2019-11-19 00:00:00+03:00,0,0.000000,0,0.000000,0,0.000000,66,1,0,,
168062,952392.000000,2019-11-20 00:00:00+03:00,0,0.000000,0,0.000000,0,0.000000,95,1,0,,
168062,952392.000000,2019-11-21 00:00:00+03:00,0,0.000000,0,0.000000,0,0.000000,71,1,0,,
168062,952392.000000,2019-11-22 00:00:00+03:00,0,0.000000,0,0.000000,0,0.000000,80,1,0,,
168062,952392.000000,2019-11-25 00:00:00+03:00,0,0.000000,0,0.000000,0,0.000000,65,1,0,,
168062,952392.000000,2019-11-26 00:00:00+03:00,0,0.000000,0,0.000000,0,0.000000,144,1,0,,
168062,952392.000000,2019-11-27 00:00:00+03:00,0,0.000000,0,0.000000,0,0.000000,95,1,0,,
168062,952392.000000,2019-11-28 00:00:00+03:00,0,0.000000,0,0.000000,0,0.000000,46,1,0,,
168064,939762.000000,2019-11-01 00:00:00+03:00,66,1230.000000,0,0.000000,0,0.000000,10,1,66,0.000000,18.636364
168064,939762.000000,2019-11-02 00:00:00+03:00,29,544.000000,0,0.000000,0,0.000000,28,1,29,0.000000,18.758621
168064,939762.000000,2019-11-03 00:00:00+03:00,26,510.000000,0,0.000000,0,0.000000,58,1,26,0.000000,19.615385
168064,939762.000000,2019-11-04 00:00:00+03:00,16,294.000000,0,0.000000,0,0.000000,26,1,16,0.000000,18.375000
168064,939762.000000,2019-11-05 00:00:00+03:00,29,545.000000,0,0.000000,0,0.000000,17,1,29,0.000000,18.793103
168064,939762.000000,2019-11-06 00:00:00+03:00,19,367.000000,0,0.000000,0,0.000000,41,1,19,0.000000,19.315789
168064,939762.000000,2019-11-07 00:00:00+03:00,30,564.000000,0,0.000000,0,0.000000,83,1,30,0.000000,18.800000
168064,939762.000000,2019-11-08 00:00:00+03:00,29,501.000000,0,0.000000,0,0.000000,158,1,29,0.000000,17.275862
168064,939762.000000,2019-11-09 00:00:00+03:00,32,594.000000,0,0.000000,0,0.000000,81,1,32,0.000000,18.562500
168064,939762.000000,2019-11-10 00:00:00+03:00,14,249.000000,0,0.000000,0,0.000000,43,1,14,0.000000,17.785714
168064,939762.000000,2019-11-11 00:00:00+03:00,38,670.000000,0,0.000000,0,0.000000,75,1,38,0.000000,17.631579
168064,939762.000000,2019-11-12 00:00:00+03:00,29,516.000000,0,0.000000,0,0.000000,146,1,29,0.000000,17.793103
168064,939762.000000,2019-11-13 00:00:00+03:00,22,439.000000,0,0.000000,0,0.000000,17,1,22,0.000000,19.954545
168064,939762.000000,2019-11-14 00:00:00+03:00,18,347.000000,0,0.000000,0,0.000000,38,1,18,0.000000,19.277778
168064,939762.000000,2019-11-15 00:00:00+03:00,14,277.000000,0,0.000000,0,0.000000,45,1,14,0.000000,19.785714
168064,939762.000000,2019-11-16 00:00:00+03:00,31,528.000000,0,0.000000,0,0.000000,118,1,31,0.000000,17.032258
168064,939762.000000,2019-11-17 00:00:00+03:00,12,213.000000,0,0.000000,0,0.000000,28,1,12,0.000000,17.750000
168064,939762.000000,2019-11-18 00:00:00+03:00,14,264.000000,0,0.000000,0,0.000000,33,1,14,0.000000,18.857143
168064,939762.000000,2019-11-19 00:00:00+03:00,31,601.000000,0,0.000000,0,0.000000,146,1,31,0.000000,19.387097
168064,939762.000000,2019-11-20 00:00:00+03:00,23,408.000000,0,0.000000,0,0.000000,65,1,23,0.000000,17.739130
168064,939762.000000,2019-11-21 00:00:00+03:00,16,333.000000,0,0.000000,0,0.000000,66,1,16,0.000000,20.812500
168064,939762.000000,2019-11-22 00:00:00+03:00,10,170.000000,0,0.000000,0,0.000000,23,1,10,0.000000,17.000000
168064,939762.000000,2019-11-23 00:00:00+03:00,38,714.000000,0,0.000000,0,0.000000,58,1,38,0.000000,18.789474
168064,939762.000000,2019-11-24 00:00:00+03:00,15,272.000000,0,0.000000,0,0.000000,29,1,15,0.000000,18.133333
168064,939762.000000,2019-11-25 00:00:00+03:00,48,916.000000,0,0.000000,0,0.000000,29,1,48,0.000000,19.083333
168064,939762.000000,2019-11-26 00:00:00+03:00,23,454.000000,0,0.000000,0,0.000000,31,1,23,0.000000,19.739130
168064,939762.000000,2019-11-27 00:00:00+03:00,25,450.000000,0,0.000000,0,0.000000,64,1,25,0.000000,18.000000
168064,939762.000000,2019-11-28 00:00:00+03:00,25,400.000000,0,0.000000,0,0.000000,59,1,25,0.000000,16.000000
168073,937422.000000,2019-11-05 00:00:00+03:00,0,0.000000,0,0.000000,0,0.000000,0,1,0,,
168073,937422.000000,2019-11-11 00:00:00+03:00,0,0.000000,0,0.000000,0,0.000000,6,1,0,,
168073,937428.000000,2019-11-05 00:00:00+03:00,0,0.000000,0,0.000000,0,0.000000,0,1,0,,
168073,937430.000000,2019-11-11 00:00:00+03:00,0,0.000000,0,0.000000,0,0.000000,0,1,0,,
168073,937432.000000,2019-11-18 00:00:00+03:00,1,12.000000,0,0.000000,0,0.000000,0,1,1,0.000000,12.000000
168073,941736.000000,2019-11-05 00:00:00+03:00,0,0.000000,0,0.000000,0,0.000000,0,1,0,,
168073,941736.000000,2019-11-15 00:00:00+03:00,0,0.000000,0,0.000000,0,0.000000,0,1,0,,
168073,953362.000000,2019-11-05 00:00:00+03:00,0,0.000000,0,0.000000,0,0.000000,3,1,0,,
168073,954284.000000,2019-11-05 00:00:00+03:00,0,0.000000,0,0.000000,0,0.000000,0,1,0,,
168090,964518.000000,2019-11-18 00:00:00+03:00,2,42.000000,0,0.000000,0,0.000000,0,1,2,0.000000,21.000000
168091,958430.000000,2019-11-11 00:00:00+03:00,0,0.000000,0,0.000000,0,0.000000,1,1,0,,
168091,958430.000000,2019-11-12 00:00:00+03:00,1,8.000000,0,0.000000,0,0.000000,31,1,1,0.000000,8.000000
168091,958430.000000,2019-11-13 00:00:00+03:00,0,0.000000,0,0.000000,0,0.000000,1,1,0,,
168091,958430.000000,2019-11-15 00:00:00+03:00,2,9.000000,0,0.000000,0,0.000000,22,1,2,0.000000,4.500000
168091,958430.000000,2019-11-18 00:00:00+03:00,0,0.000000,0,0.000000,0,0.000000,27,1,0,,
168091,958430.000000,2019-11-19 00:00:00+03:00,2,52.000000,0,0.000000,0,0.000000,18,1,2,0.000000,26.000000
168091,958430.000000,2019-11-20 00:00:00+03:00,2,48.000000,0,0.000000,0,0.000000,13,1,2,0.000000,24.000000
168091,958430.000000,2019-11-21 00:00:00+03:00,4,76.000000,0,0.000000,0,0.000000,11,1,4,0.000000,19.000000
168091,958430.000000,2019-11-22 00:00:00+03:00,3,44.000000,0,0.000000,0,0.000000,14,1,3,0.000000,14.666667
168091,958430.000000,2019-11-25 00:00:00+03:00,3,86.000000,0,0.000000,0,0.000000,12,1,3,0.000000,28.666667
168091,958430.000000,2019-11-26 00:00:00+03:00,0,0.000000,0,0.000000,0,0.000000,14,1,0,,
168091,958430.000000,2019-11-27 00:00:00+03:00,3,39.000000,0,0.000000,0,0.000000,12,1,3,0.000000,13.000000
168091,958430.000000,2019-11-28 00:00:00+03:00,2,47.000000,0,0.000000,0,0.000000,22,1,2,0.000000,23.500000
168091,958432.000000,2019-11-11 00:00:00+03:00,0,0.000000,0,0.000000,0,0.000000,1,1,0,,
168091,958432.000000,2019-11-12 00:00:00+03:00,0,0.000000,0,0.000000,0,0.000000,8,1,0,,
168091,958432.000000,2019-11-13 00:00:00+03:00,1,54.000000,0,0.000000,0,0.000000,8,1,1,0.000000,54.000000
168091,958432.000000,2019-11-14 00:00:00+03:00,1,8.000000,0,0.000000,0,0.000000,10,1,1,0.000000,8.000000
168091,958432.000000,2019-11-15 00:00:00+03:00,0,0.000000,0,0.000000,0,0.000000,13,1,0,,
168091,958432.000000,2019-11-18 00:00:00+03:00,1,9.000000,0,0.000000,0,0.000000,10,1,1,0.000000,9.000000
168091,958432.000000,2019-11-19 00:00:00+03:00,1,6.000000,0,0.000000,0,0.000000,32,1,1,0.000000,6.000000
168091,958432.000000,2019-11-20 00:00:00+03:00,0,0.000000,0,0.000000,0,0.000000,1,1,0,,
168091,958432.000000,2019-11-21 00:00:00+03:00,1,50.000000,0,0.000000,0,0.000000,6,1,1,0.000000,50.000000
168091,958432.000000,2019-11-22 00:00:00+03:00,4,162.000000,0,0.000000,0,0.000000,8,1,4,0.000000,40.500000
168091,958432.000000,2019-11-25 00:00:00+03:00,1,4.000000,0,0.000000,0,0.000000,5,1,1,0.000000,4.000000
168091,958432.000000,2019-11-26 00:00:00+03:00,2,101.000000,0,0.000000,0,0.000000,12,1,2,0.000000,50.500000
168091,958432.000000,2019-11-27 00:00:00+03:00,3,50.000000,0,0.000000,0,0.000000,7,1,3,0.000000,16.666667
168091,958432.000000,2019-11-28 00:00:00+03:00,2,14.000000,0,0.000000,0,0.000000,7,1,2,0.000000,7.000000
168091,958434.000000,2019-11-12 00:00:00+03:00,1,14.000000,0,0.000000,0,0.000000,0,1,1,0.000000,14.000000
168091,958434.000000,2019-11-13 00:00:00+03:00,3,160.000000,0,0.000000,0,0.000000,4,1,3,0.000000,53.333333
168091,958434.000000,2019-11-14 00:00:00+03:00,0,0.000000,1,27.000000,0,0.000000,0,1,1,1.000000,
168091,958434.000000,2019-11-15 00:00:00+03:00,0,0.000000,0,0.000000,0,0.000000,0,1,0,,
168091,958434.000000,2019-11-18 00:00:00+03:00,2,64.000000,0,0.000000,0,0.000000,2,1,2,0.000000,32.000000
168091,958434.000000,2019-11-19 00:00:00+03:00,1,32.000000,0,0.000000,0,0.000000,2,1,1,0.000000,32.000000
168091,958434.000000,2019-11-20 00:00:00+03:00,4,184.000000,0,0.000000,0,0.000000,2,1,4,0.000000,46.000000
168091,958434.000000,2019-11-21 00:00:00+03:00,0,0.000000,0,0.000000,0,0.000000,2,1,0,,
168091,958434.000000,2019-11-22 00:00:00+03:00,3,129.000000,0,0.000000,0,0.000000,10,1,3,0.000000,43.000000
168091,958434.000000,2019-11-25 00:00:00+03:00,4,155.000000,0,0.000000,0,0.000000,14,1,4,0.000000,38.750000
168091,958434.000000,2019-11-26 00:00:00+03:00,1,42.000000,0,0.000000,0,0.000000,23,1,1,0.000000,42.000000
168091,958434.000000,2019-11-27 00:00:00+03:00,2,42.000000,0,0.000000,0,0.000000,2,1,2,0.000000,21.000000
168091,958434.000000,2019-11-28 00:00:00+03:00,2,89.000000,0,0.000000,0,0.000000,0,1,2,0.000000,44.500000
168091,958440.000000,2019-11-12 00:00:00+03:00,0,0.000000,0,0.000000,0,0.000000,0,1,0,,
168091,958440.000000,2019-11-13 00:00:00+03:00,0,0.000000,0,0.000000,0,0.000000,0,1,0,,
168091,958440.000000,2019-11-14 00:00:00+03:00,0,0.000000,0,0.000000,0,0.000000,0,1,0,,
168091,958440.000000,2019-11-15 00:00:00+03:00,0,0.000000,0,0.000000,0,0.000000,0,1,0,,
168091,958440.000000,2019-11-19 00:00:00+03:00,0,0.000000,0,0.000000,0,0.000000,0,1,0,,
168091,958440.000000,2019-11-20 00:00:00+03:00,0,0.000000,0,0.000000,0,0.000000,0,1,0,,
168091,958440.000000,2019-11-21 00:00:00+03:00,0,0.000000,0,0.000000,0,0.000000,0,1,0,,
168091,958440.000000,2019-11-22 00:00:00+03:00,0,0.000000,0,0.000000,0,0.000000,0,1,0,,
168091,958440.000000,2019-11-25 00:00:00+03:00,0,0.000000,0,0.000000,0,0.000000,0,1,0,,
168091,958440.000000,2019-11-26 00:00:00+03:00,0,0.000000,0,0.000000,0,0.000000,0,1,0,,
168091,958440.000000,2019-11-27 00:00:00+03:00,0,0.000000,0,0.000000,0,0.000000,0,1,0,,
168091,958440.000000,2019-11-28 00:00:00+03:00,0,0.000000,0,0.000000,0,0.000000,1,1,0,,
168091,958444.000000,2019-11-12 00:00:00+03:00,0,0.000000,0,0.000000,0,0.000000,0,1,0,,
168091,958444.000000,2019-11-13 00:00:00+03:00,0,0.000000,0,0.000000,0,0.000000,0,1,0,,
168091,958444.000000,2019-11-14 00:00:00+03:00,0,0.000000,0,0.000000,0,0.000000,1,1,0,,
168091,958444.000000,2019-11-15 00:00:00+03:00,0,0.000000,0,0.000000,0,0.000000,0,1,0,,
168091,958444.000000,2019-11-18 00:00:00+03:00,0,0.000000,0,0.000000,0,0.000000,0,1,0,,
168091,958444.000000,2019-11-19 00:00:00+03:00,0,0.000000,0,0.000000,0,0.000000,0,1,0,,
168091,958444.000000,2019-11-20 00:00:00+03:00,0,0.000000,0,0.000000,0,0.000000,0,1,0,,
168091,958444.000000,2019-11-21 00:00:00+03:00,0,0.000000,0,0.000000,0,0.000000,1,1,0,,
168091,958444.000000,2019-11-22 00:00:00+03:00,0,0.000000,0,0.000000,0,0.000000,0,1,0,,
168091,958444.000000,2019-11-25 00:00:00+03:00,0,0.000000,0,0.000000,0,0.000000,0,1,0,,
168091,958444.000000,2019-11-26 00:00:00+03:00,0,0.000000,0,0.000000,0,0.000000,0,1,0,,
168091,958444.000000,2019-11-27 00:00:00+03:00,0,0.000000,0,0.000000,0,0.000000,0,1,0,,
168091,958444.000000,2019-11-28 00:00:00+03:00,0,0.000000,0,0.000000,0,0.000000,0,1,0,,
168091,958452.000000,2019-11-12 00:00:00+03:00,0,0.000000,0,0.000000,0,0.000000,26,1,0,,
168091,958452.000000,2019-11-13 00:00:00+03:00,2,82.000000,0,0.000000,0,0.000000,48,1,2,0.000000,41.000000
168091,958452.000000,2019-11-14 00:00:00+03:00,6,84.000000,0,0.000000,0,0.000000,46,1,6,0.000000,14.000000
168091,958452.000000,2019-11-15 00:00:00+03:00,2,66.000000,1,77.000000,0,0.000000,27,1,3,0.333333,33.000000
168091,958452.000000,2019-11-18 00:00:00+03:00,1,6.000000,0,0.000000,0,0.000000,64,1,1,0.000000,6.000000
168091,958452.000000,2019-11-19 00:00:00+03:00,1,4.000000,0,0.000000,0,0.000000,32,1,1,0.000000,4.000000
168091,958452.000000,2019-11-20 00:00:00+03:00,8,64.000000,0,0.000000,0,0.000000,39,1,8,0.000000,8.000000
168091,958452.000000,2019-11-21 00:00:00+03:00,1,13.000000,0,0.000000,0,0.000000,41,1,1,0.000000,13.000000
168091,958452.000000,2019-11-22 00:00:00+03:00,1,7.000000,0,0.000000,0,0.000000,21,1,1,0.000000,7.000000
168091,958452.000000,2019-11-25 00:00:00+03:00,3,28.000000,0,0.000000,0,0.000000,22,1,3,0.000000,9.333333
168091,958452.000000,2019-11-26 00:00:00+03:00,4,42.000000,0,0.000000,0,0.000000,31,1,4,0.000000,10.500000
168091,958452.000000,2019-11-27 00:00:00+03:00,8,40.000000,0,0.000000,0,0.000000,29,1,8,0.000000,5.000000
168091,958452.000000,2019-11-28 00:00:00+03:00,0,0.000000,0,0.000000,0,0.000000,16,1,0,,
168091,958454.000000,2019-11-12 00:00:00+03:00,0,0.000000,0,0.000000,0,0.000000,0,1,0,,
168091,958454.000000,2019-11-13 00:00:00+03:00,0,0.000000,0,0.000000,0,0.000000,0,1,0,,
168091,958454.000000,2019-11-14 00:00:00+03:00,0,0.000000,0,0.000000,0,0.000000,0,1,0,,
168091,958454.000000,2019-11-15 00:00:00+03:00,0,0.000000,0,0.000000,0,0.000000,0,1,0,,
168091,958454.000000,2019-11-18 00:00:00+03:00,0,0.000000,0,0.000000,0,0.000000,0,1,0,,
168091,958454.000000,2019-11-20 00:00:00+03:00,0,0.000000,0,0.000000,0,0.000000,0,1,0,,
168091,958454.000000,2019-11-22 00:00:00+03:00,0,0.000000,0,0.000000,0,0.000000,0,1,0,,
168091,958454.000000,2019-11-25 00:00:00+03:00,2,30.000000,0,0.000000,0,0.000000,0,1,2,0.000000,15.000000
168091,958454.000000,2019-11-27 00:00:00+03:00,0,0.000000,0,0.000000,0,0.000000,0,1,0,,
168091,958454.000000,2019-11-28 00:00:00+03:00,0,0.000000,0,0.000000,0,0.000000,0,1,0,,
168091,958456.000000,2019-11-11 00:00:00+03:00,0,0.000000,0,0.000000,0,0.000000,26,1,0,,
168091,958456.000000,2019-11-12 00:00:00+03:00,0,0.000000,0,0.000000,0,0.000000,107,1,0,,
168091,958456.000000,2019-11-13 00:00:00+03:00,1,49.000000,0,0.000000,0,0.000000,90,1,1,0.000000,49.000000
168091,958456.000000,2019-11-14 00:00:00+03:00,1,50.000000,0,0.000000,0,0.000000,104,1,1,0.000000,50.000000
168091,958456.000000,2019-11-15 00:00:00+03:00,0,0.000000,0,0.000000,0,0.000000,86,1,0,,
168091,958456.000000,2019-11-18 00:00:00+03:00,1,50.000000,0,0.000000,0,0.000000,77,1,1,0.000000,50.000000
168091,958456.000000,2019-11-19 00:00:00+03:00,1,10.000000,0,0.000000,0,0.000000,83,1,1,0.000000,10.000000
168091,958456.000000,2019-11-20 00:00:00+03:00,4,47.000000,0,0.000000,0,0.000000,78,1,4,0.000000,11.750000
168091,958456.000000,2019-11-22 00:00:00+03:00,2,58.000000,0,0.000000,0,0.000000,0,1,2,0.000000,29.000000
168091,958456.000000,2019-11-27 00:00:00+03:00,0,0.000000,0,0.000000,0,0.000000,113,1,0,,
168091,958456.000000,2019-11-28 00:00:00+03:00,0,0.000000,0,0.000000,0,0.000000,80,1,0,,
168091,958458.000000,2019-11-15 00:00:00+03:00,0,0.000000,0,0.000000,0,0.000000,0,1,0,,
168091,958460.000000,2019-11-11 00:00:00+03:00,0,0.000000,0,0.000000,0,0.000000,3,1,0,,
168091,958460.000000,2019-11-12 00:00:00+03:00,5,44.000000,0,0.000000,0,0.000000,7,1,5,0.000000,8.800000
168091,958460.000000,2019-11-13 00:00:00+03:00,10,435.000000,2,241.000000,0,0.000000,9,1,12,0.166667,43.500000
168091,958460.000000,2019-11-14 00:00:00+03:00,3,148.000000,0,0.000000,0,0.000000,0,1,3,0.000000,49.333333
168091,958460.000000,2019-11-15 00:00:00+03:00,4,202.000000,0,0.000000,0,0.000000,4,1,4,0.000000,50.500000
168091,958460.000000,2019-11-18 00:00:00+03:00,8,410.000000,0,0.000000,0,0.000000,1,1,8,0.000000,51.250000
168091,958460.000000,2019-11-19 00:00:00+03:00,8,408.000000,0,0.000000,0,0.000000,0,1,8,0.000000,51.000000
168091,958460.000000,2019-11-20 00:00:00+03:00,13,660.000000,0,0.000000,0,0.000000,4,1,13,0.000000,50.769231
168091,958460.000000,2019-11-21 00:00:00+03:00,7,420.000000,0,0.000000,0,0.000000,8,1,7,0.000000,60.000000
168091,958460.000000,2019-11-22 00:00:00+03:00,13,715.000000,0,0.000000,0,0.000000,3,1,13,0.000000,55.000000
168091,958460.000000,2019-11-25 00:00:00+03:00,20,1084.000000,1,86.000000,0,0.000000,4,1,21,0.047619,54.200000
168091,958460.000000,2019-11-26 00:00:00+03:00,5,254.000000,0,0.000000,0,0.000000,5,1,5,0.000000,50.800000
168091,958460.000000,2019-11-27 00:00:00+03:00,8,415.000000,0,0.000000,0,0.000000,5,1,8,0.000000,51.875000
168091,958460.000000,2019-11-28 00:00:00+03:00,6,302.000000,0,0.000000,0,0.000000,1,1,6,0.000000,50.333333
168091,958468.000000,2019-11-12 00:00:00+03:00,0,0.000000,0,0.000000,0,0.000000,54,1,0,,
168091,958468.000000,2019-11-13 00:00:00+03:00,0,0.000000,0,0.000000,0,0.000000,34,1,0,,
168091,958468.000000,2019-11-14 00:00:00+03:00,0,0.000000,0,0.000000,0,0.000000,39,1,0,,
168091,958468.000000,2019-11-15 00:00:00+03:00,1,145.000000,0,0.000000,0,0.000000,41,1,1,0.000000,145.000000
168091,958468.000000,2019-11-18 00:00:00+03:00,0,0.000000,0,0.000000,0,0.000000,48,1,0,,
168091,958468.000000,2019-11-19 00:00:00+03:00,0,0.000000,0,0.000000,0,0.000000,32,1,0,,
168091,958468.000000,2019-11-20 00:00:00+03:00,4,24.000000,0,0.000000,0,0.000000,31,1,4,0.000000,6.000000
168091,958468.000000,2019-11-21 00:00:00+03:00,0,0.000000,0,0.000000,0,0.000000,64,1,0,,
168091,958468.000000,2019-11-22 00:00:00+03:00,0,0.000000,0,0.000000,0,0.000000,48,1,0,,
168091,958468.000000,2019-11-25 00:00:00+03:00,2,10.000000,0,0.000000,0,0.000000,15,1,2,0.000000,5.000000
168091,958468.000000,2019-11-26 00:00:00+03:00,2,140.000000,0,0.000000,0,0.000000,24,1,2,0.000000,70.000000
168091,958468.000000,2019-11-27 00:00:00+03:00,0,0.000000,0,0.000000,0,0.000000,40,1,0,,
168091,958468.000000,2019-11-28 00:00:00+03:00,0,0.000000,0,0.000000,0,0.000000,35,1,0,,
168091,958470.000000,2019-11-12 00:00:00+03:00,0,0.000000,0,0.000000,0,0.000000,2,1,0,,
168091,958470.000000,2019-11-13 00:00:00+03:00,1,48.000000,0,0.000000,0,0.000000,4,1,1,0.000000,48.000000
168091,958470.000000,2019-11-14 00:00:00+03:00,0,0.000000,0,0.000000,0,0.000000,2,1,0,,
168091,958470.000000,2019-11-15 00:00:00+03:00,2,102.000000,0,0.000000,0,0.000000,2,1,2,0.000000,51.000000
168091,958470.000000,2019-11-21 00:00:00+03:00,0,0.000000,0,0.000000,0,0.000000,1,1,0,,
168091,958470.000000,2019-11-22 00:00:00+03:00,1,53.000000,0,0.000000,0,0.000000,0,1,1,0.000000,53.000000
168091,958470.000000,2019-11-25 00:00:00+03:00,0,0.000000,0,0.000000,0,0.000000,1,1,0,,
168091,958470.000000,2019-11-27 00:00:00+03:00,0,0.000000,0,0.000000,0,0.000000,1,1,0,,
168091,958472.000000,2019-11-12 00:00:00+03:00,0,0.000000,0,0.000000,0,0.000000,2,1,0,,
168091,958472.000000,2019-11-13 00:00:00+03:00,0,0.000000,0,0.000000,0,0.000000,1,1,0,,
168091,958472.000000,2019-11-14 00:00:00+03:00,0,0.000000,0,0.000000,0,0.000000,6,1,0,,
168091,958472.000000,2019-11-15 00:00:00+03:00,0,0.000000,0,0.000000,0,0.000000,6,1,0,,
168091,958472.000000,2019-11-18 00:00:00+03:00,0,0.000000,0,0.000000,0,0.000000,4,1,0,,
168091,958472.000000,2019-11-19 00:00:00+03:00,0,0.000000,0,0.000000,0,0.000000,6,1,0,,
168091,958472.000000,2019-11-21 00:00:00+03:00,0,0.000000,0,0.000000,0,0.000000,4,1,0,,
168091,958472.000000,2019-11-25 00:00:00+03:00,0,0.000000,0,0.000000,0,0.000000,1,1,0,,
168091,958472.000000,2019-11-28 00:00:00+03:00,0,0.000000,0,0.000000,0,0.000000,1,1,0,,
168091,958478.000000,2019-11-12 00:00:00+03:00,0,0.000000,0,0.000000,0,0.000000,28,1,0,,
168091,958478.000000,2019-11-13 00:00:00+03:00,0,0.000000,0,0.000000,0,0.000000,24,1,0,,
168091,958478.000000,2019-11-14 00:00:00+03:00,1,47.000000,0,0.000000,0,0.000000,38,1,1,0.000000,47.000000
168091,958478.000000,2019-11-15 00:00:00+03:00,1,48.000000,0,0.000000,0,0.000000,60,1,1,0.000000,48.000000
168091,958478.000000,2019-11-18 00:00:00+03:00,2,51.000000,0,0.000000,0,0.000000,35,1,2,0.000000,25.500000
168091,958478.000000,2019-11-19 00:00:00+03:00,1,46.000000,0,0.000000,0,0.000000,57,1,1,0.000000,46.000000
168091,958478.000000,2019-11-20 00:00:00+03:00,0,0.000000,0,0.000000,0,0.000000,5,1,0,,
168091,958478.000000,2019-11-21 00:00:00+03:00,2,45.000000,0,0.000000,0,0.000000,13,1,2,0.000000,22.500000
168091,958478.000000,2019-11-25 00:00:00+03:00,0,0.000000,0,0.000000,0,0.000000,19,1,0,,
168091,958478.000000,2019-11-26 00:00:00+03:00,0,0.000000,0,0.000000,0,0.000000,36,1,0,,
168091,958480.000000,2019-11-12 00:00:00+03:00,0,0.000000,0,0.000000,0,0.000000,2,1,0,,
168091,958480.000000,2019-11-14 00:00:00+03:00,0,0.000000,0,0.000000,0,0.000000,63,1,0,,
168091,958480.000000,2019-11-15 00:00:00+03:00,0,0.000000,0,0.000000,0,0.000000,96,1,0,,
168091,958480.000000,2019-11-18 00:00:00+03:00,0,0.000000,0,0.000000,0,0.000000,15,1,0,,
168091,958672.000000,2019-11-11 00:00:00+03:00,0,0.000000,0,0.000000,0,0.000000,0,1,0,,
168091,958672.000000,2019-11-12 00:00:00+03:00,0,0.000000,0,0.000000,0,0.000000,0,1,0,,
168091,958672.000000,2019-11-13 00:00:00+03:00,0,0.000000,0,0.000000,0,0.000000,1,1,0,,
168091,958672.000000,2019-11-14 00:00:00+03:00,0,0.000000,0,0.000000,0,0.000000,1,1,0,,
168091,958672.000000,2019-11-15 00:00:00+03:00,0,0.000000,0,0.000000,0,0.000000,0,1,0,,
168091,958672.000000,2019-11-18 00:00:00+03:00,0,0.000000,0,0.000000,0,0.000000,0,1,0,,
168091,958672.000000,2019-11-19 00:00:00+03:00,0,0.000000,0,0.000000,0,0.000000,0,1,0,,
168091,958672.000000,2019-11-20 00:00:00+03:00,0,0.000000,0,0.000000,0,0.000000,0,1,0,,
168091,958672.000000,2019-11-21 00:00:00+03:00,0,0.000000,0,0.000000,0,0.000000,0,1,0,,
168091,958672.000000,2019-11-22 00:00:00+03:00,0,0.000000,0,0.000000,0,0.000000,0,1,0,,
168091,958672.000000,2019-11-25 00:00:00+03:00,0,0.000000,0,0.000000,0,0.000000,0,1,0,,
168091,958672.000000,2019-11-26 00:00:00+03:00,0,0.000000,0,0.000000,0,0.000000,0,1,0,,
168091,958672.000000,2019-11-27 00:00:00+03:00,0,0.000000,0,0.000000,0,0.000000,0,1,0,,
168091,958672.000000,2019-11-28 00:00:00+03:00,0,0.000000,0,0.000000,0,0.000000,0,1,0,,
168097,935268.000000,2019-11-13 00:00:00+03:00,1,8.000000,0,0.000000,0,0.000000,0,1,1,0.000000,8.000000
168101,935548.000000,2019-11-01 00:00:00+03:00,1,22.000000,0,0.000000,0,0.000000,0,1,1,0.000000,22.000000
168101,935548.000000,2019-11-11 00:00:00+03:00,2,20.000000,0,0.000000,0,0.000000,0,1,2,0.000000,10.000000
168101,935548.000000,2019-11-19 00:00:00+03:00,1,21.000000,0,0.000000,0,0.000000,0,1,1,0.000000,21.000000
168101,935548.000000,2019-11-21 00:00:00+03:00,1,8.000000,0,0.000000,0,0.000000,0,1,1,0.000000,8.000000
168101,935548.000000,2019-11-25 00:00:00+03:00,1,10.000000,0,0.000000,0,0.000000,0,1,1,0.000000,10.000000
168101,935548.000000,2019-11-26 00:00:00+03:00,3,27.000000,0,0.000000,0,0.000000,0,1,3,0.000000,9.000000
168101,935548.000000,2019-11-28 00:00:00+03:00,1,11.000000,0,0.000000,0,0.000000,0,1,1,0.000000,11.000000
168105,936984.000000,2019-11-02 00:00:00+03:00,5,66.000000,0,0.000000,0,0.000000,0,1,5,0.000000,13.200000
168105,936984.000000,2019-11-03 00:00:00+03:00,2,28.000000,0,0.000000,0,0.000000,0,1,2,0.000000,14.000000
168105,936984.000000,2019-11-05 00:00:00+03:00,3,35.000000,0,0.000000,0,0.000000,0,1,3,0.000000,11.666667
168105,936984.000000,2019-11-06 00:00:00+03:00,6,74.000000,0,0.000000,0,0.000000,0,1,6,0.000000,12.333333
168105,936984.000000,2019-11-07 00:00:00+03:00,4,57.000000,0,0.000000,0,0.000000,0,1,4,0.000000,14.250000
168105,936984.000000,2019-11-08 00:00:00+03:00,1,10.000000,0,0.000000,0,0.000000,0,1,1,0.000000,10.000000
168105,936984.000000,2019-11-09 00:00:00+03:00,2,24.000000,0,0.000000,0,0.000000,0,1,2,0.000000,12.000000
168105,936984.000000,2019-11-10 00:00:00+03:00,1,17.000000,0,0.000000,0,0.000000,0,1,1,0.000000,17.000000
168105,936984.000000,2019-11-12 00:00:00+03:00,1,11.000000,0,0.000000,0,0.000000,0,1,1,0.000000,11.000000
168105,936984.000000,2019-11-13 00:00:00+03:00,1,18.000000,0,0.000000,0,0.000000,0,1,1,0.000000,18.000000
168105,936984.000000,2019-11-14 00:00:00+03:00,1,13.000000,0,0.000000,0,0.000000,0,1,1,0.000000,13.000000
168105,936984.000000,2019-11-16 00:00:00+03:00,2,24.000000,0,0.000000,0,0.000000,0,1,2,0.000000,12.000000
168105,936984.000000,2019-11-18 00:00:00+03:00,1,10.000000,0,0.000000,0,0.000000,0,1,1,0.000000,10.000000
168105,936984.000000,2019-11-19 00:00:00+03:00,1,14.000000,0,0.000000,0,0.000000,0,1,1,0.000000,14.000000
168105,936984.000000,2019-11-20 00:00:00+03:00,2,24.000000,0,0.000000,0,0.000000,0,1,2,0.000000,12.000000
168105,936984.000000,2019-11-21 00:00:00+03:00,5,78.000000,0,0.000000,0,0.000000,0,1,5,0.000000,15.600000
168105,936984.000000,2019-11-22 00:00:00+03:00,1,15.000000,0,0.000000,0,0.000000,0,1,1,0.000000,15.000000
168105,936984.000000,2019-11-23 00:00:00+03:00,3,30.000000,0,0.000000,0,0.000000,0,1,3,0.000000,10.000000
168105,936984.000000,2019-11-24 00:00:00+03:00,3,33.000000,0,0.000000,0,0.000000,0,1,3,0.000000,11.000000
168105,936984.000000,2019-11-25 00:00:00+03:00,4,43.000000,0,0.000000,0,0.000000,0,1,4,0.000000,10.750000
168105,936984.000000,2019-11-26 00:00:00+03:00,4,40.000000,0,0.000000,0,0.000000,0,1,4,0.000000,10.000000
168105,936984.000000,2019-11-27 00:00:00+03:00,1,16.000000,0,0.000000,0,0.000000,0,1,1,0.000000,16.000000
168105,936984.000000,2019-11-28 00:00:00+03:00,4,50.000000,0,0.000000,0,0.000000,0,1,4,0.000000,12.500000
168105,951118.000000,2019-11-18 00:00:00+03:00,1,40.000000,0,0.000000,0,0.000000,0,1,1,0.000000,40.000000
168105,951118.000000,2019-11-24 00:00:00+03:00,1,55.000000,0,0.000000,0,0.000000,0,1,1,0.000000,55.000000
168105,951118.000000,2019-11-27 00:00:00+03:00,1,19.000000,0,0.000000,0,0.000000,0,1,1,0.000000,19.000000
168105,970484.000000,2019-11-25 00:00:00+03:00,0,0.000000,0,0.000000,0,0.000000,6,1,0,,
168105,970484.000000,2019-11-26 00:00:00+03:00,0,0.000000,0,0.000000,0,0.000000,1,1,0,,
168105,970486.000000,2019-11-25 00:00:00+03:00,0,0.000000,0,0.000000,0,0.000000,2,1,0,,
168105,970486.000000,2019-11-26 00:00:00+03:00,0,0.000000,0,0.000000,0,0.000000,4,1,0,,
168110,938432.000000,2019-11-07 00:00:00+03:00,4,93.000000,0,0.000000,0,0.000000,0,1,4,0.000000,23.250000
168110,938432.000000,2019-11-08 00:00:00+03:00,2,32.000000,0,0.000000,0,0.000000,0,1,2,0.000000,16.000000
168110,938432.000000,2019-11-11 00:00:00+03:00,1,17.000000,0,0.000000,0,0.000000,0,1,1,0.000000,17.000000
168110,938432.000000,2019-11-12 00:00:00+03:00,1,24.000000,0,0.000000,0,0.000000,0,1,1,0.000000,24.000000
168121,940456.000000,2019-11-08 00:00:00+03:00,3,25.000000,0,0.000000,0,0.000000,0,1,3,0.000000,8.333333
168121,940456.000000,2019-11-09 00:00:00+03:00,0,0.000000,0,0.000000,0,0.000000,2,1,0,,
168121,940456.000000,2019-11-18 00:00:00+03:00,2,30.000000,0,0.000000,0,0.000000,0,1,2,0.000000,15.000000
168121,940456.000000,2019-11-19 00:00:00+03:00,3,30.000000,0,0.000000,0,0.000000,0,1,3,0.000000,10.000000
168121,940456.000000,2019-11-20 00:00:00+03:00,1,3.000000,0,0.000000,0,0.000000,0,1,1,0.000000,3.000000
168121,940456.000000,2019-11-21 00:00:00+03:00,2,18.000000,0,0.000000,0,0.000000,0,1,2,0.000000,9.000000
168121,940456.000000,2019-11-22 00:00:00+03:00,3,18.000000,0,0.000000,0,0.000000,2,1,3,0.000000,6.000000
168121,940456.000000,2019-11-23 00:00:00+03:00,1,3.000000,0,0.000000,0,0.000000,0,1,1,0.000000,3.000000
168121,940456.000000,2019-11-25 00:00:00+03:00,1,11.000000,0,0.000000,0,0.000000,0,1,1,0.000000,11.000000
168121,940456.000000,2019-11-26 00:00:00+03:00,2,8.000000,0,0.000000,0,0.000000,0,1,2,0.000000,4.000000
168121,940456.000000,2019-11-27 00:00:00+03:00,1,5.000000,0,0.000000,0,0.000000,0,1,1,0.000000,5.000000
168121,940456.000000,2019-11-28 00:00:00+03:00,2,9.000000,0,0.000000,0,0.000000,0,1,2,0.000000,4.500000
168121,940458.000000,2019-11-01 00:00:00+03:00,1,6.000000,0,0.000000,0,0.000000,0,1,1,0.000000,6.000000
168121,940458.000000,2019-11-03 00:00:00+03:00,1,49.000000,0,0.000000,0,0.000000,0,1,1,0.000000,49.000000
168121,940458.000000,2019-11-05 00:00:00+03:00,1,34.000000,0,0.000000,0,0.000000,4,1,1,0.000000,34.000000
168121,940458.000000,2019-11-07 00:00:00+03:00,1,34.000000,0,0.000000,0,0.000000,5,1,1,0.000000,34.000000
168121,940458.000000,2019-11-08 00:00:00+03:00,0,0.000000,0,0.000000,0,0.000000,2,1,0,,
168121,940458.000000,2019-11-12 00:00:00+03:00,1,51.000000,0,0.000000,0,0.000000,2,1,1,0.000000,51.000000
168121,940458.000000,2019-11-13 00:00:00+03:00,4,166.000000,0,0.000000,0,0.000000,4,1,4,0.000000,41.500000
168121,940458.000000,2019-11-15 00:00:00+03:00,0,0.000000,0,0.000000,0,0.000000,4,1,0,,
168121,940458.000000,2019-11-16 00:00:00+03:00,1,19.000000,0,0.000000,0,0.000000,0,1,1,0.000000,19.000000
168121,940458.000000,2019-11-17 00:00:00+03:00,2,22.000000,0,0.000000,0,0.000000,0,1,2,0.000000,11.000000
168121,940458.000000,2019-11-18 00:00:00+03:00,0,0.000000,0,0.000000,0,0.000000,2,1,0,,
168121,940458.000000,2019-11-20 00:00:00+03:00,2,70.000000,0,0.000000,0,0.000000,4,1,2,0.000000,35.000000
168121,940458.000000,2019-11-21 00:00:00+03:00,1,37.000000,0,0.000000,0,0.000000,8,1,1,0.000000,37.000000
168121,940458.000000,2019-11-22 00:00:00+03:00,0,0.000000,0,0.000000,0,0.000000,4,1,0,,
168121,940458.000000,2019-11-25 00:00:00+03:00,1,11.000000,0,0.000000,0,0.000000,0,1,1,0.000000,11.000000
168121,940458.000000,2019-11-26 00:00:00+03:00,0,0.000000,0,0.000000,0,0.000000,2,1,0,,
168121,940458.000000,2019-11-27 00:00:00+03:00,2,78.000000,0,0.000000,0,0.000000,0,1,2,0.000000,39.000000
168121,940460.000000,2019-11-05 00:00:00+03:00,0,0.000000,0,0.000000,0,0.000000,8,1,0,,
168121,940460.000000,2019-11-06 00:00:00+03:00,0,0.000000,0,0.000000,0,0.000000,21,1,0,,
168121,940460.000000,2019-11-07 00:00:00+03:00,0,0.000000,0,0.000000,0,0.000000,1,1,0,,
168121,940460.000000,2019-11-08 00:00:00+03:00,0,0.000000,0,0.000000,0,0.000000,2,1,0,,
168121,940460.000000,2019-11-12 00:00:00+03:00,0,0.000000,0,0.000000,0,0.000000,10,1,0,,
168121,940460.000000,2019-11-13 00:00:00+03:00,0,0.000000,0,0.000000,0,0.000000,12,1,0,,
168121,940460.000000,2019-11-14 00:00:00+03:00,0,0.000000,0,0.000000,0,0.000000,2,1,0,,
168121,940460.000000,2019-11-19 00:00:00+03:00,0,0.000000,0,0.000000,0,0.000000,1,1,0,,
168121,940460.000000,2019-11-21 00:00:00+03:00,0,0.000000,0,0.000000,0,0.000000,1,1,0,,
168121,940460.000000,2019-11-22 00:00:00+03:00,0,0.000000,0,0.000000,0,0.000000,1,1,0,,
168121,940460.000000,2019-11-23 00:00:00+03:00,0,0.000000,0,0.000000,0,0.000000,1,1,0,,
168121,940460.000000,2019-11-28 00:00:00+03:00,0,0.000000,0,0.000000,0,0.000000,1,1,0,,
168121,940474.000000,2019-11-04 00:00:00+03:00,0,0.000000,0,0.000000,0,0.000000,0,1,0,,
168121,940474.000000,2019-11-07 00:00:00+03:00,0,0.000000,0,0.000000,0,0.000000,1,1,0,,
168121,940474.000000,2019-11-08 00:00:00+03:00,0,0.000000,0,0.000000,0,0.000000,1,1,0,,
168121,940474.000000,2019-11-11 00:00:00+03:00,0,0.000000,0,0.000000,0,0.000000,1,1,0,,
168121,940474.000000,2019-11-12 00:00:00+03:00,0,0.000000,0,0.000000,0,0.000000,2,1,0,,
168121,940474.000000,2019-11-19 00:00:00+03:00,0,0.000000,0,0.000000,0,0.000000,8,1,0,,
168121,940474.000000,2019-11-20 00:00:00+03:00,0,0.000000,0,0.000000,0,0.000000,1,1,0,,
168121,940474.000000,2019-11-26 00:00:00+03:00,0,0.000000,0,0.000000,0,0.000000,2,1,0,,
168121,940508.000000,2019-11-06 00:00:00+03:00,2,83.000000,0,0.000000,0,0.000000,0,1,2,0.000000,41.500000
168121,940512.000000,2019-11-05 00:00:00+03:00,1,19.000000,0,0.000000,0,0.000000,0,1,1,0.000000,19.000000
168121,940514.000000,2019-11-15 00:00:00+03:00,1,11.000000,0,0.000000,0,0.000000,0,1,1,0.000000,11.000000
168128,937650.000000,2019-11-07 00:00:00+03:00,0,0.000000,0,0.000000,0,0.000000,1,1,0,,
168154,939370.000000,2019-11-01 00:00:00+03:00,10,161.000000,0,0.000000,0,0.000000,0,1,10,0.000000,16.100000
168154,939370.000000,2019-11-02 00:00:00+03:00,2,14.000000,0,0.000000,0,0.000000,0,1,2,0.000000,7.000000
168154,939370.000000,2019-11-03 00:00:00+03:00,2,38.000000,0,0.000000,0,0.000000,0,1,2,0.000000,19.000000
168154,939370.000000,2019-11-04 00:00:00+03:00,9,115.000000,0,0.000000,0,0.000000,0,1,9,0.000000,12.777778
168154,939370.000000,2019-11-05 00:00:00+03:00,15,315.000000,0,0.000000,0,0.000000,0,1,15,0.000000,21.000000
168154,939370.000000,2019-11-06 00:00:00+03:00,8,121.000000,1,31.000000,0,0.000000,0,1,9,0.111111,15.125000
168154,939370.000000,2019-11-07 00:00:00+03:00,10,179.000000,0,0.000000,0,0.000000,0,1,10,0.000000,17.900000
168154,939370.000000,2019-11-08 00:00:00+03:00,12,188.000000,0,0.000000,0,0.000000,0,1,12,0.000000,15.666667
168154,939370.000000,2019-11-09 00:00:00+03:00,5,74.000000,0,0.000000,0,0.000000,0,1,5,0.000000,14.800000
168154,939370.000000,2019-11-10 00:00:00+03:00,1,3.000000,0,0.000000,0,0.000000,0,1,1,0.000000,3.000000
168154,939370.000000,2019-11-11 00:00:00+03:00,15,313.000000,0,0.000000,0,0.000000,0,1,15,0.000000,20.866667
168154,939370.000000,2019-11-12 00:00:00+03:00,18,238.000000,0,0.000000,0,0.000000,74,1,18,0.000000,13.222222
168154,939370.000000,2019-11-13 00:00:00+03:00,20,483.000000,0,0.000000,0,0.000000,27,1,20,0.000000,24.150000
168154,939370.000000,2019-11-14 00:00:00+03:00,28,875.000000,0,0.000000,0,0.000000,20,1,28,0.000000,31.250000
168154,939370.000000,2019-11-15 00:00:00+03:00,8,108.000000,0,0.000000,0,0.000000,30,1,8,0.000000,13.500000
168154,939370.000000,2019-11-18 00:00:00+03:00,22,447.000000,1,4.000000,0,0.000000,39,1,23,0.043478,20.318182
168154,939370.000000,2019-11-19 00:00:00+03:00,21,329.000000,0,0.000000,0,0.000000,53,1,21,0.000000,15.666667
168154,939370.000000,2019-11-20 00:00:00+03:00,16,372.000000,0,0.000000,0,0.000000,15,1,16,0.000000,23.250000
168154,939370.000000,2019-11-21 00:00:00+03:00,23,340.000000,0,0.000000,0,0.000000,80,1,23,0.000000,14.782609
168154,939370.000000,2019-11-22 00:00:00+03:00,23,322.000000,0,0.000000,0,0.000000,0,1,23,0.000000,14.000000
168154,939370.000000,2019-11-24 00:00:00+03:00,1,12.000000,0,0.000000,0,0.000000,0,1,1,0.000000,12.000000
168154,939370.000000,2019-11-25 00:00:00+03:00,20,152.000000,0,0.000000,0,0.000000,84,1,20,0.000000,7.600000
168154,939370.000000,2019-11-26 00:00:00+03:00,20,211.000000,0,0.000000,0,0.000000,48,1,20,0.000000,10.550000
168154,939370.000000,2019-11-27 00:00:00+03:00,18,434.000000,0,0.000000,0,0.000000,0,1,18,0.000000,24.111111
168154,939370.000000,2019-11-28 00:00:00+03:00,9,57.000000,0,0.000000,0,0.000000,24,1,9,0.000000,6.333333
168154,939376.000000,2019-11-01 00:00:00+03:00,2,20.000000,0,0.000000,0,0.000000,33,1,2,0.000000,10.000000
168154,939376.000000,2019-11-05 00:00:00+03:00,15,177.000000,0,0.000000,0,0.000000,19,1,15,0.000000,11.800000
168154,939376.000000,2019-11-06 00:00:00+03:00,14,201.000000,0,0.000000,0,0.000000,22,1,14,0.000000,14.357143
168154,939376.000000,2019-11-07 00:00:00+03:00,12,159.000000,0,0.000000,0,0.000000,5,1,12,0.000000,13.250000
168154,939376.000000,2019-11-08 00:00:00+03:00,1,9.000000,0,0.000000,0,0.000000,4,1,1,0.000000,9.000000
168154,939376.000000,2019-11-11 00:00:00+03:00,7,80.000000,0,0.000000,0,0.000000,34,1,7,0.000000,11.428571
168154,939376.000000,2019-11-12 00:00:00+03:00,9,273.000000,0,0.000000,0,0.000000,51,1,9,0.000000,30.333333
168154,939376.000000,2019-11-13 00:00:00+03:00,13,194.000000,0,0.000000,0,0.000000,77,1,13,0.000000,14.923077
168154,939376.000000,2019-11-14 00:00:00+03:00,4,33.000000,0,0.000000,0,0.000000,70,1,4,0.000000,8.250000
168154,939376.000000,2019-11-15 00:00:00+03:00,0,0.000000,0,0.000000,0,0.000000,51,1,0,,
168154,939376.000000,2019-11-18 00:00:00+03:00,14,199.000000,0,0.000000,0,0.000000,104,1,14,0.000000,14.214286
168154,939376.000000,2019-11-19 00:00:00+03:00,16,194.000000,0,0.000000,0,0.000000,92,1,16,0.000000,12.125000
168154,939376.000000,2019-11-20 00:00:00+03:00,6,230.000000,1,26.000000,0,0.000000,41,1,7,0.142857,38.333333
168154,939376.000000,2019-11-21 00:00:00+03:00,2,29.000000,0,0.000000,0,0.000000,79,1,2,0.000000,14.500000
168154,939376.000000,2019-11-22 00:00:00+03:00,3,33.000000,0,0.000000,0,0.000000,31,1,3,0.000000,11.000000
168154,939376.000000,2019-11-23 00:00:00+03:00,0,0.000000,0,0.000000,0,0.000000,26,1,0,,
168154,939376.000000,2019-11-25 00:00:00+03:00,5,84.000000,0,0.000000,0,0.000000,56,1,5,0.000000,16.800000
168154,939376.000000,2019-11-26 00:00:00+03:00,12,116.000000,0,0.000000,0,0.000000,58,1,12,0.000000,9.666667
168154,939376.000000,2019-11-27 00:00:00+03:00,9,88.000000,0,0.000000,0,0.000000,58,1,9,0.000000,9.777778
168154,939376.000000,2019-11-28 00:00:00+03:00,10,92.000000,0,0.000000,0,0.000000,94,1,10,0.000000,9.200000
168155,938414.000000,2019-11-15 00:00:00+03:00,0,0.000000,0,0.000000,0,0.000000,3,1,0,,
168155,938414.000000,2019-11-18 00:00:00+03:00,0,0.000000,0,0.000000,0,0.000000,2,1,0,,
168155,938414.000000,2019-11-19 00:00:00+03:00,9,252.000000,0,0.000000,0,0.000000,1,1,9,0.000000,28.000000
168155,938414.000000,2019-11-20 00:00:00+03:00,7,170.000000,1,23.000000,0,0.000000,5,1,8,0.125000,24.285714
168155,938414.000000,2019-11-21 00:00:00+03:00,7,167.000000,0,0.000000,0,0.000000,6,1,7,0.000000,23.857143
168155,938414.000000,2019-11-23 00:00:00+03:00,17,324.000000,1,18.000000,0,0.000000,2,1,18,0.055556,19.058824
168155,938414.000000,2019-11-24 00:00:00+03:00,16,322.000000,0,0.000000,0,0.000000,18,1,16,0.000000,20.125000
168155,938414.000000,2019-11-25 00:00:00+03:00,27,672.000000,0,0.000000,0,0.000000,0,1,27,0.000000,24.888889
168155,938414.000000,2019-11-26 00:00:00+03:00,8,199.000000,0,0.000000,0,0.000000,1,1,8,0.000000,24.875000
168155,938414.000000,2019-11-28 00:00:00+03:00,0,0.000000,0,0.000000,0,0.000000,2,1,0,,
168155,969288.000000,2019-11-22 00:00:00+03:00,1,17.000000,0,0.000000,0,0.000000,0,1,1,0.000000,17.000000
168155,969288.000000,2019-11-23 00:00:00+03:00,2,71.000000,0,0.000000,0,0.000000,0,1,2,0.000000,35.500000
168155,969288.000000,2019-11-24 00:00:00+03:00,0,0.000000,0,0.000000,0,0.000000,2,1,0,,
168180,958640.000000,2019-11-12 00:00:00+03:00,1,12.000000,0,0.000000,0,0.000000,0,1,1,0.000000,12.000000
168180,958640.000000,2019-11-15 00:00:00+03:00,1,13.000000,0,0.000000,0,0.000000,0,1,1,0.000000,13.000000
168180,958640.000000,2019-11-17 00:00:00+03:00,0,0.000000,1,9.000000,0,0.000000,0,1,1,1.000000,
168180,958640.000000,2019-11-20 00:00:00+03:00,1,19.000000,0,0.000000,0,0.000000,0,1,1,0.000000,19.000000
168180,958640.000000,2019-11-21 00:00:00+03:00,1,10.000000,0,0.000000,0,0.000000,0,1,1,0.000000,10.000000
168180,958640.000000,2019-11-22 00:00:00+03:00,1,10.000000,0,0.000000,0,0.000000,3,1,1,0.000000,10.000000
168180,958640.000000,2019-11-25 00:00:00+03:00,2,16.000000,0,0.000000,0,0.000000,0,1,2,0.000000,8.000000
168180,958640.000000,2019-11-26 00:00:00+03:00,1,10.000000,0,0.000000,0,0.000000,0,1,1,0.000000,10.000000
168180,958640.000000,2019-11-27 00:00:00+03:00,1,9.000000,0,0.000000,0,0.000000,5,1,1,0.000000,9.000000
168180,958640.000000,2019-11-28 00:00:00+03:00,1,5.000000,0,0.000000,0,0.000000,3,1,1,0.000000,5.000000
168185,939212.000000,2019-11-11 00:00:00+03:00,1,22.000000,0,0.000000,0,0.000000,0,1,1,0.000000,22.000000
168185,939212.000000,2019-11-12 00:00:00+03:00,2,22.000000,0,0.000000,0,0.000000,0,1,2,0.000000,11.000000
168185,939212.000000,2019-11-15 00:00:00+03:00,0,0.000000,0,0.000000,0,0.000000,2,1,0,,
168185,939212.000000,2019-11-16 00:00:00+03:00,0,0.000000,0,0.000000,0,0.000000,2,1,0,,
168185,939212.000000,2019-11-17 00:00:00+03:00,1,22.000000,0,0.000000,0,0.000000,0,1,1,0.000000,22.000000
168185,939212.000000,2019-11-18 00:00:00+03:00,2,39.000000,0,0.000000,0,0.000000,1,1,2,0.000000,19.500000
168185,939212.000000,2019-11-25 00:00:00+03:00,1,27.000000,0,0.000000,0,0.000000,0,1,1,0.000000,27.000000
168185,939212.000000,2019-11-27 00:00:00+03:00,0,0.000000,0,0.000000,0,0.000000,4,1,0,,
168185,939212.000000,2019-11-28 00:00:00+03:00,1,16.000000,0,0.000000,0,0.000000,1,1,1,0.000000,16.000000
168187,937678.000000,2019-11-01 00:00:00+03:00,0,0.000000,0,0.000000,0,0.000000,3,1,0,,
168187,937678.000000,2019-11-05 00:00:00+03:00,0,0.000000,0,0.000000,0,0.000000,12,1,0,,
168187,937678.000000,2019-11-06 00:00:00+03:00,0,0.000000,0,0.000000,0,0.000000,4,1,0,,
168187,937678.000000,2019-11-07 00:00:00+03:00,0,0.000000,0,0.000000,0,0.000000,1,1,0,,
168187,937678.000000,2019-11-08 00:00:00+03:00,1,9.000000,0,0.000000,0,0.000000,5,1,1,0.000000,9.000000
168187,937678.000000,2019-11-11 00:00:00+03:00,0,0.000000,0,0.000000,0,0.000000,6,1,0,,
168187,937678.000000,2019-11-12 00:00:00+03:00,0,0.000000,0,0.000000,0,0.000000,9,1,0,,
168187,937678.000000,2019-11-13 00:00:00+03:00,0,0.000000,0,0.000000,0,0.000000,3,1,0,,
168187,937678.000000,2019-11-14 00:00:00+03:00,0,0.000000,0,0.000000,0,0.000000,4,1,0,,
168187,937678.000000,2019-11-15 00:00:00+03:00,2,14.000000,0,0.000000,0,0.000000,0,1,2,0.000000,7.000000
168187,937678.000000,2019-11-18 00:00:00+03:00,1,8.000000,0,0.000000,0,0.000000,5,1,1,0.000000,8.000000
168187,937678.000000,2019-11-19 00:00:00+03:00,4,32.000000,0,0.000000,0,0.000000,12,1,4,0.000000,8.000000
168187,937678.000000,2019-11-20 00:00:00+03:00,0,0.000000,0,0.000000,0,0.000000,8,1,0,,
168187,937678.000000,2019-11-21 00:00:00+03:00,0,0.000000,0,0.000000,0,0.000000,5,1,0,,
168187,937678.000000,2019-11-22 00:00:00+03:00,1,6.000000,0,0.000000,0,0.000000,3,1,1,0.000000,6.000000
168187,937678.000000,2019-11-25 00:00:00+03:00,0,0.000000,0,0.000000,0,0.000000,6,1,0,,
168187,937678.000000,2019-11-26 00:00:00+03:00,2,25.000000,0,0.000000,0,0.000000,4,1,2,0.000000,12.500000
168187,937678.000000,2019-11-27 00:00:00+03:00,0,0.000000,0,0.000000,0,0.000000,18,1,0,,
168187,937678.000000,2019-11-28 00:00:00+03:00,0,0.000000,0,0.000000,0,0.000000,5,1,0,,
168187,937708.000000,2019-11-01 00:00:00+03:00,5,35.000000,0,0.000000,0,0.000000,18,1,5,0.000000,7.000000
168187,937708.000000,2019-11-02 00:00:00+03:00,1,10.000000,0,0.000000,0,0.000000,0,1,1,0.000000,10.000000
168187,937708.000000,2019-11-05 00:00:00+03:00,4,24.000000,0,0.000000,0,0.000000,26,1,4,0.000000,6.000000
168187,937708.000000,2019-11-06 00:00:00+03:00,7,46.000000,0,0.000000,0,0.000000,20,1,7,0.000000,6.571429
168187,937708.000000,2019-11-07 00:00:00+03:00,3,104.000000,0,0.000000,0,0.000000,18,1,3,0.000000,34.666667
168187,937708.000000,2019-11-08 00:00:00+03:00,6,117.000000,0,0.000000,0,0.000000,15,1,6,0.000000,19.500000
168187,937708.000000,2019-11-11 00:00:00+03:00,9,181.000000,0,0.000000,0,0.000000,13,1,9,0.000000,20.111111
168187,937708.000000,2019-11-12 00:00:00+03:00,8,75.000000,0,0.000000,0,0.000000,39,1,8,0.000000,9.375000
168187,937708.000000,2019-11-13 00:00:00+03:00,3,33.000000,0,0.000000,0,0.000000,30,1,3,0.000000,11.000000
168187,937708.000000,2019-11-14 00:00:00+03:00,5,69.000000,0,0.000000,0,0.000000,26,1,5,0.000000,13.800000
168187,937708.000000,2019-11-15 00:00:00+03:00,10,90.000000,0,0.000000,0,0.000000,19,1,10,0.000000,9.000000
168187,937708.000000,2019-11-18 00:00:00+03:00,10,98.000000,0,0.000000,0,0.000000,24,1,10,0.000000,9.800000
168187,937708.000000,2019-11-19 00:00:00+03:00,7,48.000000,0,0.000000,0,0.000000,23,1,7,0.000000,6.857143
168187,937708.000000,2019-11-20 00:00:00+03:00,3,23.000000,0,0.000000,0,0.000000,59,1,3,0.000000,7.666667
168187,937708.000000,2019-11-21 00:00:00+03:00,6,125.000000,0,0.000000,0,0.000000,42,1,6,0.000000,20.833333
168187,937708.000000,2019-11-22 00:00:00+03:00,4,20.000000,0,0.000000,0,0.000000,17,1,4,0.000000,5.000000
168187,937708.000000,2019-11-25 00:00:00+03:00,10,158.000000,0,0.000000,0,0.000000,8,1,10,0.000000,15.800000
168187,937708.000000,2019-11-26 00:00:00+03:00,12,118.000000,0,0.000000,0,0.000000,37,1,12,0.000000,9.833333
168187,937708.000000,2019-11-27 00:00:00+03:00,2,25.000000,0,0.000000,0,0.000000,26,1,2,0.000000,12.500000
168187,937708.000000,2019-11-28 00:00:00+03:00,12,112.000000,0,0.000000,0,0.000000,22,1,12,0.000000,9.333333
168187,937716.000000,2019-11-22 00:00:00+03:00,0,0.000000,0,0.000000,0,0.000000,1,1,0,,
168187,937732.000000,2019-11-01 00:00:00+03:00,2,28.000000,0,0.000000,0,0.000000,7,1,2,0.000000,14.000000
168187,937732.000000,2019-11-05 00:00:00+03:00,5,103.000000,0,0.000000,0,0.000000,9,1,5,0.000000,20.600000
168187,937732.000000,2019-11-06 00:00:00+03:00,6,72.000000,0,0.000000,0,0.000000,8,1,6,0.000000,12.000000
168187,937732.000000,2019-11-07 00:00:00+03:00,1,12.000000,0,0.000000,0,0.000000,6,1,1,0.000000,12.000000
168187,937732.000000,2019-11-08 00:00:00+03:00,5,90.000000,0,0.000000,0,0.000000,6,1,5,0.000000,18.000000
168187,937732.000000,2019-11-11 00:00:00+03:00,11,294.000000,0,0.000000,0,0.000000,1,1,11,0.000000,26.727273
168187,937732.000000,2019-11-12 00:00:00+03:00,4,75.000000,1,23.000000,0,0.000000,3,1,5,0.200000,18.750000
168187,937732.000000,2019-11-13 00:00:00+03:00,2,29.000000,0,0.000000,0,0.000000,5,1,2,0.000000,14.500000
168187,937732.000000,2019-11-14 00:00:00+03:00,4,61.000000,0,0.000000,0,0.000000,10,1,4,0.000000,15.250000
168187,937732.000000,2019-11-15 00:00:00+03:00,2,28.000000,1,69.000000,0,0.000000,3,1,3,0.333333,14.000000
168187,937732.000000,2019-11-18 00:00:00+03:00,4,49.000000,0,0.000000,0,0.000000,6,1,4,0.000000,12.250000
168187,937732.000000,2019-11-19 00:00:00+03:00,4,64.000000,0,0.000000,0,0.000000,8,1,4,0.000000,16.000000
168187,937732.000000,2019-11-20 00:00:00+03:00,10,114.000000,0,0.000000,0,0.000000,7,1,10,0.000000,11.400000
168187,937732.000000,2019-11-21 00:00:00+03:00,3,43.000000,0,0.000000,0,0.000000,17,1,3,0.000000,14.333333
168187,937732.000000,2019-11-22 00:00:00+03:00,5,76.000000,0,0.000000,0,0.000000,3,1,5,0.000000,15.200000
168187,937732.000000,2019-11-25 00:00:00+03:00,8,86.000000,0,0.000000,0,0.000000,19,1,8,0.000000,10.750000
168187,937732.000000,2019-11-26 00:00:00+03:00,5,68.000000,0,0.000000,0,0.000000,1,1,5,0.000000,13.600000
168187,937732.000000,2019-11-27 00:00:00+03:00,4,68.000000,0,0.000000,0,0.000000,14,1,4,0.000000,17.000000
168187,937732.000000,2019-11-28 00:00:00+03:00,6,113.000000,0,0.000000,0,0.000000,2,1,6,0.000000,18.833333
168187,937736.000000,2019-11-01 00:00:00+03:00,10,90.000000,0,0.000000,0,0.000000,25,1,10,0.000000,9.000000
168187,937736.000000,2019-11-05 00:00:00+03:00,9,111.000000,0,0.000000,0,0.000000,58,1,9,0.000000,12.333333
168187,937736.000000,2019-11-06 00:00:00+03:00,8,106.000000,0,0.000000,0,0.000000,34,1,8,0.000000,13.250000
168187,937736.000000,2019-11-07 00:00:00+03:00,10,151.000000,0,0.000000,0,0.000000,34,1,10,0.000000,15.100000
168187,937736.000000,2019-11-08 00:00:00+03:00,10,235.000000,0,0.000000,0,0.000000,30,1,10,0.000000,23.500000
168187,937736.000000,2019-11-11 00:00:00+03:00,17,210.000000,0,0.000000,0,0.000000,52,1,17,0.000000,12.352941
168187,937736.000000,2019-11-12 00:00:00+03:00,14,248.000000,0,0.000000,0,0.000000,32,1,14,0.000000,17.714286
168187,937736.000000,2019-11-13 00:00:00+03:00,13,197.000000,0,0.000000,0,0.000000,80,1,13,0.000000,15.153846
168187,937736.000000,2019-11-14 00:00:00+03:00,12,211.000000,0,0.000000,0,0.000000,30,1,12,0.000000,17.583333
168187,937736.000000,2019-11-15 00:00:00+03:00,11,150.000000,0,0.000000,0,0.000000,48,1,11,0.000000,13.636364
168187,937736.000000,2019-11-18 00:00:00+03:00,4,38.000000,0,0.000000,0,0.000000,32,1,4,0.000000,9.500000
168187,937736.000000,2019-11-19 00:00:00+03:00,14,141.000000,0,0.000000,0,0.000000,143,1,14,0.000000,10.071429
168187,937736.000000,2019-11-20 00:00:00+03:00,12,146.000000,0,0.000000,0,0.000000,67,1,12,0.000000,12.166667
168187,937736.000000,2019-11-21 00:00:00+03:00,20,245.000000,0,0.000000,0,0.000000,37,1,20,0.000000,12.250000
168187,937736.000000,2019-11-22 00:00:00+03:00,7,74.000000,0,0.000000,0,0.000000,29,1,7,0.000000,10.571429
168187,937736.000000,2019-11-25 00:00:00+03:00,11,172.000000,0,0.000000,0,0.000000,65,1,11,0.000000,15.636364
168187,937736.000000,2019-11-26 00:00:00+03:00,6,82.000000,0,0.000000,0,0.000000,68,1,6,0.000000,13.666667
168187,937736.000000,2019-11-27 00:00:00+03:00,5,42.000000,0,0.000000,0,0.000000,28,1,5,0.000000,8.400000
168187,937736.000000,2019-11-28 00:00:00+03:00,6,48.000000,0,0.000000,0,0.000000,38,1,6,0.000000,8.000000
168187,937742.000000,2019-11-05 00:00:00+03:00,1,21.000000,0,0.000000,0,0.000000,0,1,1,0.000000,21.000000
168187,937742.000000,2019-11-07 00:00:00+03:00,1,12.000000,0,0.000000,0,0.000000,0,1,1,0.000000,12.000000
168187,937742.000000,2019-11-12 00:00:00+03:00,2,53.000000,0,0.000000,0,0.000000,0,1,2,0.000000,26.500000
168187,937742.000000,2019-11-13 00:00:00+03:00,4,62.000000,0,0.000000,0,0.000000,0,1,4,0.000000,15.500000
168187,937742.000000,2019-11-20 00:00:00+03:00,6,82.000000,0,0.000000,0,0.000000,0,1,6,0.000000,13.666667
168187,937742.000000,2019-11-21 00:00:00+03:00,2,37.000000,0,0.000000,0,0.000000,0,1,2,0.000000,18.500000
168187,937742.000000,2019-11-22 00:00:00+03:00,2,22.000000,0,0.000000,0,0.000000,0,1,2,0.000000,11.000000
168187,937742.000000,2019-11-25 00:00:00+03:00,1,26.000000,0,0.000000,0,0.000000,1,1,1,0.000000,26.000000
168187,937742.000000,2019-11-26 00:00:00+03:00,0,0.000000,0,0.000000,0,0.000000,1,1,0,,
168187,937742.000000,2019-11-28 00:00:00+03:00,1,10.000000,0,0.000000,0,0.000000,0,1,1,0.000000,10.000000
168187,937750.000000,2019-11-08 00:00:00+03:00,1,72.000000,0,0.000000,0,0.000000,3,1,1,0.000000,72.000000
168187,937750.000000,2019-11-11 00:00:00+03:00,1,23.000000,0,0.000000,0,0.000000,0,1,1,0.000000,23.000000
168187,937750.000000,2019-11-22 00:00:00+03:00,1,6.000000,0,0.000000,0,0.000000,0,1,1,0.000000,6.000000
168187,937750.000000,2019-11-26 00:00:00+03:00,1,74.000000,0,0.000000,0,0.000000,0,1,1,0.000000,74.000000
168187,937752.000000,2019-11-01 00:00:00+03:00,22,155.000000,0,0.000000,0,0.000000,72,1,22,0.000000,7.045455
168187,937752.000000,2019-11-05 00:00:00+03:00,7,61.000000,0,0.000000,0,0.000000,97,1,7,0.000000,8.714286
168187,937752.000000,2019-11-06 00:00:00+03:00,20,158.000000,0,0.000000,0,0.000000,84,1,20,0.000000,7.900000
168187,937752.000000,2019-11-07 00:00:00+03:00,9,115.000000,0,0.000000,0,0.000000,82,1,9,0.000000,12.777778
168187,937752.000000,2019-11-08 00:00:00+03:00,20,278.000000,0,0.000000,0,0.000000,64,1,20,0.000000,13.900000
168187,937752.000000,2019-11-10 00:00:00+03:00,1,31.000000,0,0.000000,0,0.000000,0,1,1,0.000000,31.000000
168187,937752.000000,2019-11-11 00:00:00+03:00,28,194.000000,0,0.000000,0,0.000000,43,1,28,0.000000,6.928571
168187,937752.000000,2019-11-12 00:00:00+03:00,16,162.000000,0,0.000000,0,0.000000,105,1,16,0.000000,10.125000
168187,937752.000000,2019-11-13 00:00:00+03:00,19,171.000000,0,0.000000,0,0.000000,49,1,19,0.000000,9.000000
168187,937752.000000,2019-11-14 00:00:00+03:00,32,320.000000,0,0.000000,0,0.000000,67,1,32,0.000000,10.000000
168187,937752.000000,2019-11-15 00:00:00+03:00,17,174.000000,0,0.000000,0,0.000000,61,1,17,0.000000,10.235294
168187,937752.000000,2019-11-16 00:00:00+03:00,1,22.000000,0,0.000000,0,0.000000,0,1,1,0.000000,22.000000
168187,937752.000000,2019-11-17 00:00:00+03:00,1,24.000000,0,0.000000,0,0.000000,0,1,1,0.000000,24.000000
168187,937752.000000,2019-11-18 00:00:00+03:00,12,141.000000,0,0.000000,0,0.000000,51,1,12,0.000000,11.750000
168187,937752.000000,2019-11-19 00:00:00+03:00,13,139.000000,0,0.000000,0,0.000000,71,1,13,0.000000,10.692308
168187,937752.000000,2019-11-20 00:00:00+03:00,20,192.000000,0,0.000000,0,0.000000,60,1,20,0.000000,9.600000
168187,937752.000000,2019-11-21 00:00:00+03:00,10,101.000000,0,0.000000,0,0.000000,46,1,10,0.000000,10.100000
168187,937752.000000,2019-11-22 00:00:00+03:00,12,108.000000,0,0.000000,0,0.000000,29,1,12,0.000000,9.000000
168187,937752.000000,2019-11-23 00:00:00+03:00,1,79.000000,0,0.000000,0,0.000000,0,1,1,0.000000,79.000000
168187,937752.000000,2019-11-24 00:00:00+03:00,4,86.000000,0,0.000000,0,0.000000,0,1,4,0.000000,21.500000
168187,937752.000000,2019-11-25 00:00:00+03:00,29,361.000000,0,0.000000,0,0.000000,83,1,29,0.000000,12.448276
168187,937752.000000,2019-11-26 00:00:00+03:00,62,708.000000,0,0.000000,0,0.000000,34,1,62,0.000000,11.419355
168187,937752.000000,2019-11-27 00:00:00+03:00,14,128.000000,0,0.000000,0,0.000000,48,1,14,0.000000,9.142857
168187,937752.000000,2019-11-28 00:00:00+03:00,23,247.000000,0,0.000000,0,0.000000,23,1,23,0.000000,10.739130
168187,937760.000000,2019-11-01 00:00:00+03:00,6,70.000000,0,0.000000,0,0.000000,15,1,6,0.000000,11.666667
168187,937760.000000,2019-11-05 00:00:00+03:00,9,232.000000,0,0.000000,0,0.000000,25,1,9,0.000000,25.777778
168187,937760.000000,2019-11-06 00:00:00+03:00,10,115.000000,0,0.000000,0,0.000000,14,1,10,0.000000,11.500000
168187,937760.000000,2019-11-07 00:00:00+03:00,8,150.000000,0,0.000000,0,0.000000,30,1,8,0.000000,18.750000
168187,937760.000000,2019-11-08 00:00:00+03:00,14,114.000000,0,0.000000,0,0.000000,12,1,14,0.000000,8.142857
168187,937760.000000,2019-11-11 00:00:00+03:00,7,63.000000,0,0.000000,0,0.000000,19,1,7,0.000000,9.000000
168187,937760.000000,2019-11-12 00:00:00+03:00,2,14.000000,0,0.000000,0,0.000000,12,1,2,0.000000,7.000000
168187,937760.000000,2019-11-13 00:00:00+03:00,26,224.000000,0,0.000000,0,0.000000,25,1,26,0.000000,8.615385
168187,937760.000000,2019-11-14 00:00:00+03:00,11,167.000000,0,0.000000,0,0.000000,23,1,11,0.000000,15.181818
168187,937760.000000,2019-11-15 00:00:00+03:00,4,53.000000,0,0.000000,0,0.000000,10,1,4,0.000000,13.250000
168187,937760.000000,2019-11-18 00:00:00+03:00,11,82.000000,0,0.000000,0,0.000000,32,1,11,0.000000,7.454545
168187,937760.000000,2019-11-19 00:00:00+03:00,4,33.000000,0,0.000000,0,0.000000,21,1,4,0.000000,8.250000
168187,937760.000000,2019-11-20 00:00:00+03:00,8,58.000000,0,0.000000,0,0.000000,29,1,8,0.000000,7.250000
168187,937760.000000,2019-11-21 00:00:00+03:00,16,368.000000,0,0.000000,0,0.000000,24,1,16,0.000000,23.000000
168187,937760.000000,2019-11-22 00:00:00+03:00,17,146.000000,0,0.000000,0,0.000000,38,1,17,0.000000,8.588235
168187,937760.000000,2019-11-25 00:00:00+03:00,13,152.000000,0,0.000000,0,0.000000,37,1,13,0.000000,11.692308
168187,937760.000000,2019-11-26 00:00:00+03:00,7,95.000000,0,0.000000,0,0.000000,25,1,7,0.000000,13.571429
168187,937760.000000,2019-11-27 00:00:00+03:00,11,108.000000,0,0.000000,0,0.000000,29,1,11,0.000000,9.818182
168187,937760.000000,2019-11-28 00:00:00+03:00,15,143.000000,0,0.000000,0,0.000000,31,1,15,0.000000,9.533333
168187,937762.000000,2019-11-01 00:00:00+03:00,0,0.000000,0,0.000000,0,0.000000,1,1,0,,
168187,937762.000000,2019-11-03 00:00:00+03:00,1,21.000000,0,0.000000,0,0.000000,0,1,1,0.000000,21.000000
168187,937762.000000,2019-11-05 00:00:00+03:00,3,36.000000,0,0.000000,0,0.000000,1,1,3,0.000000,12.000000
168187,937762.000000,2019-11-06 00:00:00+03:00,4,74.000000,0,0.000000,0,0.000000,16,1,4,0.000000,18.500000
168187,937762.000000,2019-11-07 00:00:00+03:00,4,45.000000,0,0.000000,0,0.000000,23,1,4,0.000000,11.250000
168187,937762.000000,2019-11-08 00:00:00+03:00,4,47.000000,0,0.000000,0,0.000000,12,1,4,0.000000,11.750000
168187,937762.000000,2019-11-09 00:00:00+03:00,2,35.000000,0,0.000000,0,0.000000,0,1,2,0.000000,17.500000
168187,937762.000000,2019-11-10 00:00:00+03:00,0,0.000000,0,0.000000,0,0.000000,3,1,0,,
168187,937762.000000,2019-11-11 00:00:00+03:00,1,11.000000,0,0.000000,0,0.000000,9,1,1,0.000000,11.000000
168187,937762.000000,2019-11-12 00:00:00+03:00,6,71.000000,0,0.000000,0,0.000000,10,1,6,0.000000,11.833333
168187,937762.000000,2019-11-13 00:00:00+03:00,3,32.000000,0,0.000000,0,0.000000,5,1,3,0.000000,10.666667
168187,937762.000000,2019-11-14 00:00:00+03:00,6,69.000000,0,0.000000,0,0.000000,7,1,6,0.000000,11.500000
168187,937762.000000,2019-11-15 00:00:00+03:00,8,118.000000,0,0.000000,0,0.000000,11,1,8,0.000000,14.750000
168187,937762.000000,2019-11-18 00:00:00+03:00,3,25.000000,0,0.000000,0,0.000000,8,1,3,0.000000,8.333333
168187,937762.000000,2019-11-19 00:00:00+03:00,5,51.000000,1,16.000000,0,0.000000,6,1,6,0.166667,10.200000
168187,937762.000000,2019-11-20 00:00:00+03:00,4,51.000000,0,0.000000,0,0.000000,8,1,4,0.000000,12.750000
168187,937762.000000,2019-11-21 00:00:00+03:00,5,48.000000,0,0.000000,0,0.000000,2,1,5,0.000000,9.600000
168187,937762.000000,2019-11-22 00:00:00+03:00,2,13.000000,0,0.000000,0,0.000000,11,1,2,0.000000,6.500000
168187,937762.000000,2019-11-23 00:00:00+03:00,3,53.000000,0,0.000000,0,0.000000,0,1,3,0.000000,17.666667
168187,937762.000000,2019-11-25 00:00:00+03:00,4,36.000000,0,0.000000,0,0.000000,4,1,4,0.000000,9.000000
168187,937762.000000,2019-11-26 00:00:00+03:00,0,0.000000,0,0.000000,0,0.000000,6,1,0,,
168187,937762.000000,2019-11-27 00:00:00+03:00,5,105.000000,0,0.000000,0,0.000000,4,1,5,0.000000,21.000000
168187,937762.000000,2019-11-28 00:00:00+03:00,1,8.000000,0,0.000000,0,0.000000,4,1,1,0.000000,8.000000
168187,937770.000000,2019-11-20 00:00:00+03:00,0,0.000000,0,0.000000,0,0.000000,1,1,0,,
168187,937774.000000,2019-11-07 00:00:00+03:00,0,0.000000,0,0.000000,0,0.000000,1,1,0,,
168187,937774.000000,2019-11-11 00:00:00+03:00,2,28.000000,0,0.000000,0,0.000000,1,1,2,0.000000,14.000000
168187,937774.000000,2019-11-12 00:00:00+03:00,15,107.000000,0,0.000000,0,0.000000,18,1,15,0.000000,7.133333
168187,937774.000000,2019-11-13 00:00:00+03:00,9,65.000000,0,0.000000,0,0.000000,5,1,9,0.000000,7.222222
168187,937774.000000,2019-11-14 00:00:00+03:00,31,203.000000,0,0.000000,0,0.000000,62,1,31,0.000000,6.548387
168187,937774.000000,2019-11-15 00:00:00+03:00,14,102.000000,0,0.000000,0,0.000000,9,1,14,0.000000,7.285714
168187,937774.000000,2019-11-18 00:00:00+03:00,42,238.000000,0,0.000000,0,0.000000,38,1,42,0.000000,5.666667
168187,937774.000000,2019-11-19 00:00:00+03:00,2,20.000000,0,0.000000,0,0.000000,1,1,2,0.000000,10.000000
168187,937774.000000,2019-11-20 00:00:00+03:00,21,158.000000,0,0.000000,0,0.000000,19,1,21,0.000000,7.523810
168187,937774.000000,2019-11-25 00:00:00+03:00,1,10.000000,0,0.000000,0,0.000000,0,1,1,0.000000,10.000000
168187,937774.000000,2019-11-26 00:00:00+03:00,1,8.000000,0,0.000000,0,0.000000,0,1,1,0.000000,8.000000
168187,937774.000000,2019-11-27 00:00:00+03:00,1,10.000000,0,0.000000,0,0.000000,21,1,1,0.000000,10.000000
168187,937774.000000,2019-11-28 00:00:00+03:00,1,10.000000,0,0.000000,0,0.000000,0,1,1,0.000000,10.000000
168187,937778.000000,2019-11-13 00:00:00+03:00,0,0.000000,0,0.000000,0,0.000000,1,1,0,,
168187,937780.000000,2019-11-01 00:00:00+03:00,5,47.000000,0,0.000000,0,0.000000,22,1,5,0.000000,9.400000
168187,937780.000000,2019-11-05 00:00:00+03:00,2,32.000000,0,0.000000,0,0.000000,0,1,2,0.000000,16.000000
168187,937780.000000,2019-11-06 00:00:00+03:00,3,23.000000,0,0.000000,0,0.000000,14,1,3,0.000000,7.666667
168187,937780.000000,2019-11-07 00:00:00+03:00,4,42.000000,0,0.000000,0,0.000000,1,1,4,0.000000,10.500000
168187,937780.000000,2019-11-08 00:00:00+03:00,8,94.000000,0,0.000000,0,0.000000,43,1,8,0.000000,11.750000
168187,937780.000000,2019-11-11 00:00:00+03:00,10,86.000000,0,0.000000,0,0.000000,69,1,10,0.000000,8.600000
168187,937780.000000,2019-11-12 00:00:00+03:00,2,59.000000,0,0.000000,0,0.000000,38,1,2,0.000000,29.500000
168187,937780.000000,2019-11-13 00:00:00+03:00,8,89.000000,0,0.000000,0,0.000000,65,1,8,0.000000,11.125000
168187,937780.000000,2019-11-14 00:00:00+03:00,6,103.000000,0,0.000000,0,0.000000,40,1,6,0.000000,17.166667
168187,937780.000000,2019-11-15 00:00:00+03:00,6,51.000000,0,0.000000,0,0.000000,35,1,6,0.000000,8.500000
168187,937780.000000,2019-11-18 00:00:00+03:00,3,22.000000,0,0.000000,0,0.000000,9,1,3,0.000000,7.333333
168187,937780.000000,2019-11-19 00:00:00+03:00,4,29.000000,1,34.000000,0,0.000000,43,1,5,0.200000,7.250000
168187,937780.000000,2019-11-20 00:00:00+03:00,13,127.000000,0,0.000000,0,0.000000,40,1,13,0.000000,9.769231
168187,937780.000000,2019-11-21 00:00:00+03:00,9,79.000000,0,0.000000,0,0.000000,59,1,9,0.000000,8.777778
168187,937780.000000,2019-11-22 00:00:00+03:00,8,86.000000,0,0.000000,0,0.000000,23,1,8,0.000000,10.750000
168187,937780.000000,2019-11-25 00:00:00+03:00,6,65.000000,0,0.000000,0,0.000000,40,1,6,0.000000,10.833333
168187,937780.000000,2019-11-26 00:00:00+03:00,6,59.000000,0,0.000000,0,0.000000,29,1,6,0.000000,9.833333
168187,937780.000000,2019-11-27 00:00:00+03:00,17,199.000000,1,28.000000,0,0.000000,36,1,18,0.055556,11.705882
168187,937780.000000,2019-11-28 00:00:00+03:00,10,90.000000,0,0.000000,0,0.000000,90,1,10,0.000000,9.000000
168187,937782.000000,2019-11-01 00:00:00+03:00,2,18.000000,0,0.000000,0,0.000000,2,1,2,0.000000,9.000000
168187,937782.000000,2019-11-05 00:00:00+03:00,1,8.000000,0,0.000000,0,0.000000,2,1,1,0.000000,8.000000
168187,937782.000000,2019-11-06 00:00:00+03:00,0,0.000000,0,0.000000,0,0.000000,2,1,0,,
168187,937782.000000,2019-11-08 00:00:00+03:00,1,8.000000,0,0.000000,0,0.000000,0,1,1,0.000000,8.000000
168187,937782.000000,2019-11-11 00:00:00+03:00,1,13.000000,0,0.000000,0,0.000000,3,1,1,0.000000,13.000000
168187,937782.000000,2019-11-12 00:00:00+03:00,1,9.000000,0,0.000000,0,0.000000,1,1,1,0.000000,9.000000
168187,937782.000000,2019-11-13 00:00:00+03:00,1,7.000000,0,0.000000,0,0.000000,2,1,1,0.000000,7.000000
168187,937782.000000,2019-11-14 00:00:00+03:00,1,7.000000,0,0.000000,0,0.000000,0,1,1,0.000000,7.000000
168187,937782.000000,2019-11-15 00:00:00+03:00,0,0.000000,0,0.000000,0,0.000000,1,1,0,,
168187,937782.000000,2019-11-16 00:00:00+03:00,1,8.000000,0,0.000000,0,0.000000,0,1,1,0.000000,8.000000
168187,937782.000000,2019-11-18 00:00:00+03:00,2,21.000000,0,0.000000,0,0.000000,1,1,2,0.000000,10.500000
168187,937782.000000,2019-11-20 00:00:00+03:00,2,102.000000,0,0.000000,0,0.000000,2,1,2,0.000000,51.000000
168187,937782.000000,2019-11-25 00:00:00+03:00,2,28.000000,0,0.000000,0,0.000000,0,1,2,0.000000,14.000000
168187,937786.000000,2019-11-26 00:00:00+03:00,1,8.000000,0,0.000000,0,0.000000,0,1,1,0.000000,8.000000
168187,937786.000000,2019-11-27 00:00:00+03:00,2,19.000000,0,0.000000,0,0.000000,6,1,2,0.000000,9.500000
168187,937786.000000,2019-11-28 00:00:00+03:00,0,0.000000,0,0.000000,0,0.000000,4,1,0,,
168187,937788.000000,2019-11-05 00:00:00+03:00,7,112.000000,0,0.000000,0,0.000000,15,1,7,0.000000,16.000000
168187,937788.000000,2019-11-06 00:00:00+03:00,3,27.000000,0,0.000000,0,0.000000,14,1,3,0.000000,9.000000
168187,937788.000000,2019-11-07 00:00:00+03:00,7,94.000000,0,0.000000,0,0.000000,26,1,7,0.000000,13.428571
168187,937788.000000,2019-11-08 00:00:00+03:00,4,35.000000,0,0.000000,0,0.000000,13,1,4,0.000000,8.750000
168187,937788.000000,2019-11-11 00:00:00+03:00,9,90.000000,0,0.000000,0,0.000000,49,1,9,0.000000,10.000000
168187,937788.000000,2019-11-12 00:00:00+03:00,3,22.000000,0,0.000000,0,0.000000,32,1,3,0.000000,7.333333
168187,937788.000000,2019-11-13 00:00:00+03:00,4,39.000000,0,0.000000,0,0.000000,25,1,4,0.000000,9.750000
168187,937788.000000,2019-11-14 00:00:00+03:00,3,36.000000,0,0.000000,0,0.000000,15,1,3,0.000000,12.000000
168187,937788.000000,2019-11-15 00:00:00+03:00,3,32.000000,0,0.000000,0,0.000000,9,1,3,0.000000,10.666667
168187,937788.000000,2019-11-18 00:00:00+03:00,6,66.000000,0,0.000000,0,0.000000,11,1,6,0.000000,11.000000
168187,937788.000000,2019-11-19 00:00:00+03:00,3,29.000000,0,0.000000,0,0.000000,11,1,3,0.000000,9.666667
168187,937788.000000,2019-11-20 00:00:00+03:00,1,5.000000,0,0.000000,0,0.000000,12,1,1,0.000000,5.000000
168187,937788.000000,2019-11-22 00:00:00+03:00,4,37.000000,0,0.000000,0,0.000000,8,1,4,0.000000,9.250000
168187,937788.000000,2019-11-25 00:00:00+03:00,4,43.000000,0,0.000000,0,0.000000,13,1,4,0.000000,10.750000
168187,937788.000000,2019-11-26 00:00:00+03:00,8,87.000000,0,0.000000,0,0.000000,17,1,8,0.000000,10.875000
168187,937788.000000,2019-11-27 00:00:00+03:00,4,26.000000,0,0.000000,0,0.000000,27,1,4,0.000000,6.500000
168187,937788.000000,2019-11-28 00:00:00+03:00,12,232.000000,0,0.000000,0,0.000000,47,1,12,0.000000,19.333333
168187,937808.000000,2019-11-01 00:00:00+03:00,3,22.000000,0,0.000000,0,0.000000,19,1,3,0.000000,7.333333
168187,937808.000000,2019-11-05 00:00:00+03:00,20,188.000000,0,0.000000,0,0.000000,36,1,20,0.000000,9.400000
168187,937808.000000,2019-11-06 00:00:00+03:00,6,76.000000,0,0.000000,0,0.000000,34,1,6,0.000000,12.666667
168187,937808.000000,2019-11-07 00:00:00+03:00,1,9.000000,0,0.000000,0,0.000000,51,1,1,0.000000,9.000000
168187,937808.000000,2019-11-08 00:00:00+03:00,2,14.000000,0,0.000000,0,0.000000,27,1,2,0.000000,7.000000
168187,937808.000000,2019-11-11 00:00:00+03:00,5,97.000000,0,0.000000,0,0.000000,48,1,5,0.000000,19.400000
168187,937808.000000,2019-11-12 00:00:00+03:00,5,43.000000,0,0.000000,0,0.000000,17,1,5,0.000000,8.600000
168187,937808.000000,2019-11-13 00:00:00+03:00,2,12.000000,0,0.000000,0,0.000000,34,1,2,0.000000,6.000000
168187,937808.000000,2019-11-14 00:00:00+03:00,6,49.000000,0,0.000000,0,0.000000,15,1,6,0.000000,8.166667
168187,937808.000000,2019-11-15 00:00:00+03:00,5,49.000000,0,0.000000,0,0.000000,54,1,5,0.000000,9.800000
168187,937808.000000,2019-11-18 00:00:00+03:00,1,12.000000,0,0.000000,0,0.000000,11,1,1,0.000000,12.000000
168187,937808.000000,2019-11-19 00:00:00+03:00,14,304.000000,1,35.000000,0,0.000000,16,1,15,0.066667,21.714286
168187,937808.000000,2019-11-20 00:00:00+03:00,5,40.000000,0,0.000000,0,0.000000,12,1,5,0.000000,8.000000
168187,937808.000000,2019-11-21 00:00:00+03:00,4,41.000000,0,0.000000,0,0.000000,20,1,4,0.000000,10.250000
168187,937808.000000,2019-11-22 00:00:00+03:00,4,50.000000,0,0.000000,0,0.000000,36,1,4,0.000000,12.500000
168187,937808.000000,2019-11-25 00:00:00+03:00,13,122.000000,0,0.000000,0,0.000000,36,1,13,0.000000,9.384615
168187,937808.000000,2019-11-26 00:00:00+03:00,5,50.000000,0,0.000000,0,0.000000,42,1,5,0.000000,10.000000
168187,937808.000000,2019-11-27 00:00:00+03:00,4,30.000000,0,0.000000,0,0.000000,16,1,4,0.000000,7.500000
168187,937808.000000,2019-11-28 00:00:00+03:00,7,88.000000,0,0.000000,0,0.000000,43,1,7,0.000000,12.571429
168187,937810.000000,2019-11-01 00:00:00+03:00,2,15.000000,0,0.000000,0,0.000000,8,1,2,0.000000,7.500000
168187,937810.000000,2019-11-02 00:00:00+03:00,1,14.000000,0,0.000000,0,0.000000,0,1,1,0.000000,14.000000
168187,937810.000000,2019-11-05 00:00:00+03:00,10,62.000000,0,0.000000,0,0.000000,30,1,10,0.000000,6.200000
168187,937810.000000,2019-11-06 00:00:00+03:00,10,82.000000,0,0.000000,0,0.000000,15,1,10,0.000000,8.200000
168187,937810.000000,2019-11-07 00:00:00+03:00,4,35.000000,0,0.000000,0,0.000000,8,1,4,0.000000,8.750000
168187,937810.000000,2019-11-08 00:00:00+03:00,1,7.000000,0,0.000000,0,0.000000,8,1,1,0.000000,7.000000
168187,937810.000000,2019-11-11 00:00:00+03:00,3,25.000000,0,0.000000,0,0.000000,12,1,3,0.000000,8.333333
168187,937810.000000,2019-11-12 00:00:00+03:00,0,0.000000,0,0.000000,0,0.000000,9,1,0,,
168187,937810.000000,2019-11-13 00:00:00+03:00,3,27.000000,0,0.000000,0,0.000000,5,1,3,0.000000,9.000000
168187,937810.000000,2019-11-14 00:00:00+03:00,3,35.000000,0,0.000000,0,0.000000,3,1,3,0.000000,11.666667
168187,937810.000000,2019-11-15 00:00:00+03:00,3,26.000000,0,0.000000,0,0.000000,9,1,3,0.000000,8.666667
168187,937810.000000,2019-11-16 00:00:00+03:00,1,17.000000,0,0.000000,0,0.000000,0,1,1,0.000000,17.000000
168187,937810.000000,2019-11-18 00:00:00+03:00,6,47.000000,0,0.000000,0,0.000000,2,1,6,0.000000,7.833333
168187,937810.000000,2019-11-19 00:00:00+03:00,7,75.000000,0,0.000000,0,0.000000,10,1,7,0.000000,10.714286
168187,937810.000000,2019-11-20 00:00:00+03:00,1,10.000000,0,0.000000,0,0.000000,7,1,1,0.000000,10.000000
168187,937810.000000,2019-11-21 00:00:00+03:00,3,24.000000,0,0.000000,0,0.000000,7,1,3,0.000000,8.000000
168187,937810.000000,2019-11-22 00:00:00+03:00,3,31.000000,0,0.000000,0,0.000000,0,1,3,0.000000,10.333333
168187,937810.000000,2019-11-25 00:00:00+03:00,10,94.000000,0,0.000000,0,0.000000,10,1,10,0.000000,9.400000
168187,937810.000000,2019-11-26 00:00:00+03:00,2,23.000000,0,0.000000,0,0.000000,12,1,2,0.000000,11.500000
168187,937810.000000,2019-11-27 00:00:00+03:00,4,28.000000,0,0.000000,0,0.000000,11,1,4,0.000000,7.000000
168187,937810.000000,2019-11-28 00:00:00+03:00,1,11.000000,0,0.000000,0,0.000000,11,1,1,0.000000,11.000000
168187,937812.000000,2019-11-01 00:00:00+03:00,3,49.000000,0,0.000000,0,0.000000,1,1,3,0.000000,16.333333
168187,937812.000000,2019-11-05 00:00:00+03:00,3,36.000000,0,0.000000,0,0.000000,2,1,3,0.000000,12.000000
168187,937812.000000,2019-11-06 00:00:00+03:00,5,78.000000,0,0.000000,0,0.000000,6,1,5,0.000000,15.600000
168187,937812.000000,2019-11-08 00:00:00+03:00,2,33.000000,0,0.000000,0,0.000000,3,1,2,0.000000,16.500000
168187,937812.000000,2019-11-11 00:00:00+03:00,7,60.000000,0,0.000000,0,0.000000,20,1,7,0.000000,8.571429
168187,937812.000000,2019-11-12 00:00:00+03:00,5,61.000000,0,0.000000,0,0.000000,14,1,5,0.000000,12.200000
168187,937812.000000,2019-11-13 00:00:00+03:00,4,49.000000,0,0.000000,0,0.000000,3,1,4,0.000000,12.250000
168187,937812.000000,2019-11-14 00:00:00+03:00,8,122.000000,0,0.000000,0,0.000000,4,1,8,0.000000,15.250000
168187,937812.000000,2019-11-15 00:00:00+03:00,5,52.000000,0,0.000000,0,0.000000,3,1,5,0.000000,10.400000
168187,937812.000000,2019-11-18 00:00:00+03:00,10,129.000000,0,0.000000,0,0.000000,13,1,10,0.000000,12.900000
168187,937812.000000,2019-11-19 00:00:00+03:00,12,196.000000,0,0.000000,0,0.000000,8,1,12,0.000000,16.333333
168187,937812.000000,2019-11-20 00:00:00+03:00,16,256.000000,0,0.000000,0,0.000000,11,1,16,0.000000,16.000000
168187,937812.000000,2019-11-21 00:00:00+03:00,7,134.000000,0,0.000000,0,0.000000,3,1,7,0.000000,19.142857
168187,937812.000000,2019-11-22 00:00:00+03:00,11,112.000000,0,0.000000,0,0.000000,10,1,11,0.000000,10.181818
168187,937812.000000,2019-11-25 00:00:00+03:00,14,202.000000,0,0.000000,0,0.000000,4,1,14,0.000000,14.428571
168187,937812.000000,2019-11-26 00:00:00+03:00,8,132.000000,0,0.000000,0,0.000000,4,1,8,0.000000,16.500000
168187,937812.000000,2019-11-27 00:00:00+03:00,8,116.000000,0,0.000000,0,0.000000,1,1,8,0.000000,14.500000
168187,937812.000000,2019-11-28 00:00:00+03:00,13,119.000000,2,138.000000,0,0.000000,20,1,15,0.133333,9.153846
168187,937854.000000,2019-11-01 00:00:00+03:00,3,43.000000,0,0.000000,0,0.000000,20,1,3,0.000000,14.333333
168187,937854.000000,2019-11-05 00:00:00+03:00,5,41.000000,0,0.000000,0,0.000000,16,1,5,0.000000,8.200000
168187,937854.000000,2019-11-06 00:00:00+03:00,10,72.000000,0,0.000000,0,0.000000,13,1,10,0.000000,7.200000
168187,937854.000000,2019-11-07 00:00:00+03:00,10,99.000000,0,0.000000,0,0.000000,15,1,10,0.000000,9.900000
168187,937854.000000,2019-11-08 00:00:00+03:00,4,33.000000,0,0.000000,0,0.000000,18,1,4,0.000000,8.250000
168187,937854.000000,2019-11-11 00:00:00+03:00,6,58.000000,0,0.000000,0,0.000000,16,1,6,0.000000,9.666667
168187,937854.000000,2019-11-12 00:00:00+03:00,5,51.000000,0,0.000000,0,0.000000,16,1,5,0.000000,10.200000
168187,937854.000000,2019-11-13 00:00:00+03:00,2,15.000000,0,0.000000,0,0.000000,12,1,2,0.000000,7.500000
168187,937854.000000,2019-11-14 00:00:00+03:00,8,46.000000,0,0.000000,0,0.000000,8,1,8,0.000000,5.750000
168187,937854.000000,2019-11-15 00:00:00+03:00,4,27.000000,0,0.000000,0,0.000000,15,1,4,0.000000,6.750000
168187,937854.000000,2019-11-18 00:00:00+03:00,5,36.000000,0,0.000000,0,0.000000,16,1,5,0.000000,7.200000
168187,937854.000000,2019-11-19 00:00:00+03:00,34,410.000000,0,0.000000,0,0.000000,23,1,34,0.000000,12.058824
168187,937854.000000,2019-11-20 00:00:00+03:00,5,61.000000,0,0.000000,0,0.000000,18,1,5,0.000000,12.200000
168187,937854.000000,2019-11-21 00:00:00+03:00,4,27.000000,0,0.000000,0,0.000000,11,1,4,0.000000,6.750000
168187,937854.000000,2019-11-22 00:00:00+03:00,6,52.000000,0,0.000000,0,0.000000,28,1,6,0.000000,8.666667
168187,937854.000000,2019-11-25 00:00:00+03:00,3,28.000000,0,0.000000,0,0.000000,26,1,3,0.000000,9.333333
168187,937854.000000,2019-11-26 00:00:00+03:00,4,49.000000,0,0.000000,0,0.000000,18,1,4,0.000000,12.250000
168187,937854.000000,2019-11-27 00:00:00+03:00,5,43.000000,0,0.000000,0,0.000000,14,1,5,0.000000,8.600000
168187,937854.000000,2019-11-28 00:00:00+03:00,3,32.000000,0,0.000000,0,0.000000,33,1,3,0.000000,10.666667
168187,937856.000000,2019-11-01 00:00:00+03:00,0,0.000000,0,0.000000,0,0.000000,1,1,0,,
168187,937856.000000,2019-11-05 00:00:00+03:00,0,0.000000,0,0.000000,0,0.000000,1,1,0,,
168187,937856.000000,2019-11-11 00:00:00+03:00,1,36.000000,0,0.000000,0,0.000000,5,1,1,0.000000,36.000000
168187,937856.000000,2019-11-12 00:00:00+03:00,1,9.000000,0,0.000000,0,0.000000,0,1,1,0.000000,9.000000
168187,937856.000000,2019-11-18 00:00:00+03:00,0,0.000000,0,0.000000,0,0.000000,3,1,0,,
168187,937856.000000,2019-11-20 00:00:00+03:00,1,10.000000,0,0.000000,0,0.000000,0,1,1,0.000000,10.000000
168187,937856.000000,2019-11-21 00:00:00+03:00,2,21.000000,0,0.000000,0,0.000000,0,1,2,0.000000,10.500000
168187,937856.000000,2019-11-25 00:00:00+03:00,0,0.000000,0,0.000000,0,0.000000,2,1,0,,
168187,937856.000000,2019-11-27 00:00:00+03:00,1,7.000000,0,0.000000,0,0.000000,4,1,1,0.000000,7.000000
168187,937856.000000,2019-11-28 00:00:00+03:00,0,0.000000,0,0.000000,0,0.000000,4,1,0,,
168187,937860.000000,2019-11-01 00:00:00+03:00,8,64.000000,0,0.000000,0,0.000000,18,1,8,0.000000,8.000000
168187,937860.000000,2019-11-05 00:00:00+03:00,15,110.000000,0,0.000000,0,0.000000,91,1,15,0.000000,7.333333
168187,937860.000000,2019-11-06 00:00:00+03:00,2,12.000000,1,8.000000,0,0.000000,78,1,3,0.333333,6.000000
168187,937860.000000,2019-11-07 00:00:00+03:00,9,106.000000,0,0.000000,0,0.000000,43,1,9,0.000000,11.777778
168187,937860.000000,2019-11-08 00:00:00+03:00,6,66.000000,0,0.000000,0,0.000000,25,1,6,0.000000,11.000000
168187,937860.000000,2019-11-11 00:00:00+03:00,7,50.000000,0,0.000000,0,0.000000,80,1,7,0.000000,7.142857
168187,937860.000000,2019-11-12 00:00:00+03:00,9,72.000000,0,0.000000,0,0.000000,66,1,9,0.000000,8.000000
168187,937860.000000,2019-11-13 00:00:00+03:00,7,50.000000,0,0.000000,0,0.000000,108,1,7,0.000000,7.142857
168187,937860.000000,2019-11-14 00:00:00+03:00,12,113.000000,0,0.000000,0,0.000000,109,1,12,0.000000,9.416667
168187,937860.000000,2019-11-15 00:00:00+03:00,10,112.000000,0,0.000000,0,0.000000,121,1,10,0.000000,11.200000
168187,937860.000000,2019-11-18 00:00:00+03:00,6,64.000000,0,0.000000,0,0.000000,34,1,6,0.000000,10.666667
168187,937860.000000,2019-11-19 00:00:00+03:00,6,62.000000,0,0.000000,0,0.000000,113,1,6,0.000000,10.333333
168187,937860.000000,2019-11-20 00:00:00+03:00,7,51.000000,0,0.000000,0,0.000000,114,1,7,0.000000,7.285714
168187,937860.000000,2019-11-21 00:00:00+03:00,3,24.000000,0,0.000000,0,0.000000,104,1,3,0.000000,8.000000
168187,937860.000000,2019-11-22 00:00:00+03:00,7,53.000000,0,0.000000,0,0.000000,80,1,7,0.000000,7.571429
168187,937860.000000,2019-11-25 00:00:00+03:00,13,100.000000,0,0.000000,0,0.000000,92,1,13,0.000000,7.692308
168187,937860.000000,2019-11-26 00:00:00+03:00,11,105.000000,0,0.000000,0,0.000000,64,1,11,0.000000,9.545455
168187,937860.000000,2019-11-27 00:00:00+03:00,17,124.000000,1,9.000000,0,0.000000,62,1,18,0.055556,7.294118
168187,937860.000000,2019-11-28 00:00:00+03:00,8,68.000000,6,174.000000,0,0.000000,41,1,14,0.428571,8.500000
168187,937862.000000,2019-11-01 00:00:00+03:00,5,61.000000,0,0.000000,0,0.000000,9,1,5,0.000000,12.200000
168187,937862.000000,2019-11-05 00:00:00+03:00,6,64.000000,0,0.000000,0,0.000000,5,1,6,0.000000,10.666667
168187,937862.000000,2019-11-06 00:00:00+03:00,1,14.000000,0,0.000000,0,0.000000,10,1,1,0.000000,14.000000
168187,937862.000000,2019-11-07 00:00:00+03:00,6,66.000000,0,0.000000,0,0.000000,6,1,6,0.000000,11.000000
168187,937862.000000,2019-11-08 00:00:00+03:00,1,15.000000,0,0.000000,0,0.000000,9,1,1,0.000000,15.000000
168187,937862.000000,2019-11-11 00:00:00+03:00,6,74.000000,0,0.000000,0,0.000000,13,1,6,0.000000,12.333333
168187,937862.000000,2019-11-12 00:00:00+03:00,5,59.000000,0,0.000000,0,0.000000,8,1,5,0.000000,11.800000
168187,937862.000000,2019-11-13 00:00:00+03:00,2,21.000000,0,0.000000,0,0.000000,9,1,2,0.000000,10.500000
168187,937862.000000,2019-11-14 00:00:00+03:00,10,199.000000,0,0.000000,0,0.000000,12,1,10,0.000000,19.900000
168187,937862.000000,2019-11-18 00:00:00+03:00,3,43.000000,0,0.000000,0,0.000000,12,1,3,0.000000,14.333333
168187,937862.000000,2019-11-19 00:00:00+03:00,2,17.000000,0,0.000000,0,0.000000,17,1,2,0.000000,8.500000
168187,937862.000000,2019-11-20 00:00:00+03:00,5,38.000000,0,0.000000,0,0.000000,28,1,5,0.000000,7.600000
168187,937862.000000,2019-11-21 00:00:00+03:00,3,96.000000,0,0.000000,0,0.000000,18,1,3,0.000000,32.000000
168187,937862.000000,2019-11-22 00:00:00+03:00,2,22.000000,0,0.000000,0,0.000000,16,1,2,0.000000,11.000000
168187,937862.000000,2019-11-25 00:00:00+03:00,4,43.000000,0,0.000000,0,0.000000,31,1,4,0.000000,10.750000
168187,937862.000000,2019-11-26 00:00:00+03:00,5,46.000000,0,0.000000,0,0.000000,13,1,5,0.000000,9.200000
168187,937862.000000,2019-11-27 00:00:00+03:00,3,21.000000,0,0.000000,0,0.000000,24,1,3,0.000000,7.000000
168187,937862.000000,2019-11-28 00:00:00+03:00,6,67.000000,0,0.000000,0,0.000000,8,1,6,0.000000,11.166667
168187,937864.000000,2019-11-05 00:00:00+03:00,4,107.000000,0,0.000000,0,0.000000,0,1,4,0.000000,26.750000
168187,937864.000000,2019-11-06 00:00:00+03:00,5,42.000000,0,0.000000,0,0.000000,0,1,5,0.000000,8.400000
168187,937864.000000,2019-11-07 00:00:00+03:00,1,7.000000,0,0.000000,0,0.000000,0,1,1,0.000000,7.000000
168187,937864.000000,2019-11-11 00:00:00+03:00,2,18.000000,0,0.000000,0,0.000000,0,1,2,0.000000,9.000000
168187,937864.000000,2019-11-14 00:00:00+03:00,2,16.000000,0,0.000000,0,0.000000,0,1,2,0.000000,8.000000
168187,937864.000000,2019-11-15 00:00:00+03:00,2,13.000000,0,0.000000,0,0.000000,0,1,2,0.000000,6.500000
168187,937864.000000,2019-11-18 00:00:00+03:00,1,11.000000,0,0.000000,0,0.000000,8,1,1,0.000000,11.000000
168187,937864.000000,2019-11-19 00:00:00+03:00,0,0.000000,0,0.000000,0,0.000000,14,1,0,,
168187,937864.000000,2019-11-20 00:00:00+03:00,4,27.000000,0,0.000000,0,0.000000,21,1,4,0.000000,6.750000
168187,937864.000000,2019-11-21 00:00:00+03:00,0,0.000000,0,0.000000,0,0.000000,6,1,0,,
168187,937864.000000,2019-11-22 00:00:00+03:00,1,6.000000,0,0.000000,0,0.000000,0,1,1,0.000000,6.000000
168187,937864.000000,2019-11-28 00:00:00+03:00,1,5.000000,0,0.000000,0,0.000000,0,1,1,0.000000,5.000000
168187,937868.000000,2019-11-01 00:00:00+03:00,7,57.000000,0,0.000000,0,0.000000,1,1,7,0.000000,8.142857
168187,937868.000000,2019-11-05 00:00:00+03:00,1,8.000000,0,0.000000,0,0.000000,12,1,1,0.000000,8.000000
168187,937868.000000,2019-11-06 00:00:00+03:00,5,48.000000,0,0.000000,0,0.000000,4,1,5,0.000000,9.600000
168187,937868.000000,2019-11-07 00:00:00+03:00,3,31.000000,0,0.000000,0,0.000000,4,1,3,0.000000,10.333333
168187,937868.000000,2019-11-08 00:00:00+03:00,0,0.000000,0,0.000000,0,0.000000,4,1,0,,
168187,937868.000000,2019-11-11 00:00:00+03:00,0,0.000000,0,0.000000,0,0.000000,5,1,0,,
168187,937868.000000,2019-11-12 00:00:00+03:00,0,0.000000,0,0.000000,0,0.000000,4,1,0,,
168187,937868.000000,2019-11-13 00:00:00+03:00,5,127.000000,0,0.000000,0,0.000000,2,1,5,0.000000,25.400000
168187,937868.000000,2019-11-14 00:00:00+03:00,0,0.000000,0,0.000000,0,0.000000,17,1,0,,
168187,937868.000000,2019-11-15 00:00:00+03:00,2,15.000000,0,0.000000,0,0.000000,8,1,2,0.000000,7.500000
168187,937868.000000,2019-11-18 00:00:00+03:00,0,0.000000,0,0.000000,0,0.000000,4,1,0,,
168187,937868.000000,2019-11-19 00:00:00+03:00,1,13.000000,0,0.000000,0,0.000000,10,1,1,0.000000,13.000000
168187,937868.000000,2019-11-20 00:00:00+03:00,1,9.000000,0,0.000000,0,0.000000,3,1,1,0.000000,9.000000
168187,937868.000000,2019-11-21 00:00:00+03:00,2,29.000000,0,0.000000,0,0.000000,11,1,2,0.000000,14.500000
168187,937868.000000,2019-11-22 00:00:00+03:00,0,0.000000,0,0.000000,0,0.000000,13,1,0,,
168187,937868.000000,2019-11-25 00:00:00+03:00,2,12.000000,0,0.000000,0,0.000000,21,1,2,0.000000,6.000000
168187,937868.000000,2019-11-26 00:00:00+03:00,0,0.000000,0,0.000000,0,0.000000,8,1,0,,
168187,937868.000000,2019-11-27 00:00:00+03:00,3,28.000000,0,0.000000,0,0.000000,14,1,3,0.000000,9.333333
168187,937868.000000,2019-11-28 00:00:00+03:00,1,7.000000,0,0.000000,0,0.000000,16,1,1,0.000000,7.000000
168187,937870.000000,2019-11-05 00:00:00+03:00,0,0.000000,0,0.000000,0,0.000000,2,1,0,,
168187,937870.000000,2019-11-19 00:00:00+03:00,0,0.000000,0,0.000000,0,0.000000,1,1,0,,
168187,937870.000000,2019-11-22 00:00:00+03:00,0,0.000000,0,0.000000,0,0.000000,10,1,0,,
168187,937874.000000,2019-11-22 00:00:00+03:00,1,9.000000,0,0.000000,0,0.000000,14,1,1,0.000000,9.000000
168187,937874.000000,2019-11-25 00:00:00+03:00,8,57.000000,1,8.000000,0,0.000000,22,1,9,0.111111,7.125000
168187,937874.000000,2019-11-26 00:00:00+03:00,4,38.000000,0,0.000000,0,0.000000,34,1,4,0.000000,9.500000
168187,937874.000000,2019-11-27 00:00:00+03:00,8,94.000000,0,0.000000,0,0.000000,37,1,8,0.000000,11.750000
168187,937874.000000,2019-11-28 00:00:00+03:00,1,13.000000,0,0.000000,0,0.000000,42,1,1,0.000000,13.000000
168187,937880.000000,2019-11-01 00:00:00+03:00,1,9.000000,0,0.000000,0,0.000000,0,1,1,0.000000,9.000000
168187,937888.000000,2019-11-01 00:00:00+03:00,3,28.000000,0,0.000000,0,0.000000,51,1,3,0.000000,9.333333
168187,937888.000000,2019-11-05 00:00:00+03:00,6,41.000000,0,0.000000,0,0.000000,46,1,6,0.000000,6.833333
168187,937888.000000,2019-11-06 00:00:00+03:00,7,76.000000,0,0.000000,0,0.000000,51,1,7,0.000000,10.857143
168187,937888.000000,2019-11-07 00:00:00+03:00,3,26.000000,0,0.000000,0,0.000000,23,1,3,0.000000,8.666667
168187,937888.000000,2019-11-08 00:00:00+03:00,13,87.000000,0,0.000000,0,0.000000,31,1,13,0.000000,6.692308
168187,937888.000000,2019-11-09 00:00:00+03:00,1,14.000000,0,0.000000,0,0.000000,0,1,1,0.000000,14.000000
168187,937888.000000,2019-11-11 00:00:00+03:00,14,127.000000,0,0.000000,0,0.000000,67,1,14,0.000000,9.071429
168187,937888.000000,2019-11-12 00:00:00+03:00,1,7.000000,0,0.000000,0,0.000000,20,1,1,0.000000,7.000000
168187,937888.000000,2019-11-13 00:00:00+03:00,9,66.000000,0,0.000000,0,0.000000,32,1,9,0.000000,7.333333
168187,937888.000000,2019-11-14 00:00:00+03:00,9,62.000000,0,0.000000,0,0.000000,37,1,9,0.000000,6.888889
168187,937888.000000,2019-11-15 00:00:00+03:00,10,80.000000,0,0.000000,0,0.000000,31,1,10,0.000000,8.000000
168187,937888.000000,2019-11-16 00:00:00+03:00,1,13.000000,0,0.000000,0,0.000000,0,1,1,0.000000,13.000000
168187,937888.000000,2019-11-18 00:00:00+03:00,14,110.000000,0,0.000000,0,0.000000,20,1,14,0.000000,7.857143
168187,937888.000000,2019-11-19 00:00:00+03:00,4,27.000000,0,0.000000,0,0.000000,21,1,4,0.000000,6.750000
168187,937888.000000,2019-11-20 00:00:00+03:00,16,96.000000,0,0.000000,0,0.000000,37,1,16,0.000000,6.000000
168187,937888.000000,2019-11-21 00:00:00+03:00,7,66.000000,0,0.000000,0,0.000000,49,1,7,0.000000,9.428571
168187,937888.000000,2019-11-22 00:00:00+03:00,10,57.000000,0,0.000000,0,0.000000,28,1,10,0.000000,5.700000
168187,937888.000000,2019-11-23 00:00:00+03:00,1,25.000000,0,0.000000,0,0.000000,0,1,1,0.000000,25.000000
168187,937888.000000,2019-11-25 00:00:00+03:00,6,51.000000,0,0.000000,0,0.000000,16,1,6,0.000000,8.500000
168187,937888.000000,2019-11-26 00:00:00+03:00,9,74.000000,0,0.000000,0,0.000000,60,1,9,0.000000,8.222222
168187,937888.000000,2019-11-27 00:00:00+03:00,7,77.000000,0,0.000000,0,0.000000,9,1,7,0.000000,11.000000
168187,937888.000000,2019-11-28 00:00:00+03:00,4,28.000000,0,0.000000,0,0.000000,34,1,4,0.000000,7.000000
168187,937898.000000,2019-11-28 00:00:00+03:00,7,54.000000,2,51.000000,0,0.000000,32,1,9,0.222222,7.714286
168187,937900.000000,2019-11-27 00:00:00+03:00,0,0.000000,0,0.000000,0,0.000000,4,1,0,,
168187,937902.000000,2019-11-01 00:00:00+03:00,5,44.000000,0,0.000000,0,0.000000,36,1,5,0.000000,8.800000
168187,937902.000000,2019-11-05 00:00:00+03:00,5,112.000000,0,0.000000,0,0.000000,27,1,5,0.000000,22.400000
168187,937902.000000,2019-11-06 00:00:00+03:00,14,107.000000,0,0.000000,0,0.000000,30,1,14,0.000000,7.642857
168187,937902.000000,2019-11-07 00:00:00+03:00,17,178.000000,0,0.000000,0,0.000000,27,1,17,0.000000,10.470588
168187,937902.000000,2019-11-08 00:00:00+03:00,6,87.000000,0,0.000000,0,0.000000,16,1,6,0.000000,14.500000
168187,937902.000000,2019-11-11 00:00:00+03:00,11,101.000000,0,0.000000,0,0.000000,24,1,11,0.000000,9.181818
168187,937902.000000,2019-11-12 00:00:00+03:00,10,158.000000,0,0.000000,0,0.000000,26,1,10,0.000000,15.800000
168187,937902.000000,2019-11-13 00:00:00+03:00,7,58.000000,0,0.000000,0,0.000000,25,1,7,0.000000,8.285714
168187,937902.000000,2019-11-14 00:00:00+03:00,13,208.000000,0,0.000000,0,0.000000,29,1,13,0.000000,16.000000
168187,937902.000000,2019-11-15 00:00:00+03:00,13,217.000000,0,0.000000,0,0.000000,34,1,13,0.000000,16.692308
168187,937902.000000,2019-11-18 00:00:00+03:00,5,43.000000,0,0.000000,0,0.000000,10,1,5,0.000000,8.600000
168187,937902.000000,2019-11-19 00:00:00+03:00,9,66.000000,0,0.000000,0,0.000000,49,1,9,0.000000,7.333333
168187,937902.000000,2019-11-20 00:00:00+03:00,3,18.000000,0,0.000000,0,0.000000,49,1,3,0.000000,6.000000
168187,937902.000000,2019-11-21 00:00:00+03:00,6,56.000000,0,0.000000,0,0.000000,38,1,6,0.000000,9.333333
168187,937902.000000,2019-11-22 00:00:00+03:00,5,35.000000,0,0.000000,0,0.000000,18,1,5,0.000000,7.000000
168187,937902.000000,2019-11-25 00:00:00+03:00,4,66.000000,0,0.000000,0,0.000000,17,1,4,0.000000,16.500000
168187,937902.000000,2019-11-26 00:00:00+03:00,7,50.000000,1,28.000000,0,0.000000,69,1,8,0.125000,7.142857
168187,937902.000000,2019-11-27 00:00:00+03:00,8,78.000000,0,0.000000,0,0.000000,39,1,8,0.000000,9.750000
168187,937902.000000,2019-11-28 00:00:00+03:00,7,65.000000,0,0.000000,0,0.000000,60,1,7,0.000000,9.285714
168187,937956.000000,2019-11-01 00:00:00+03:00,19,17.000000,0,0.000000,0,0.000000,0,1,19,0.000000,0.894737
168187,937956.000000,2019-11-02 00:00:00+03:00,15,12.000000,0,0.000000,0,0.000000,0,1,15,0.000000,0.800000
168187,937956.000000,2019-11-03 00:00:00+03:00,8,14.000000,0,0.000000,0,0.000000,0,1,8,0.000000,1.750000
168187,937956.000000,2019-11-04 00:00:00+03:00,7,6.000000,0,0.000000,0,0.000000,0,1,7,0.000000,0.857143
168187,937956.000000,2019-11-05 00:00:00+03:00,14,16.000000,0,0.000000,0,0.000000,0,1,14,0.000000,1.142857
168187,937956.000000,2019-11-06 00:00:00+03:00,18,14.000000,0,0.000000,0,0.000000,0,1,18,0.000000,0.777778
168187,937956.000000,2019-11-07 00:00:00+03:00,14,18.000000,0,0.000000,0,0.000000,0,1,14,0.000000,1.285714
168187,937956.000000,2019-11-08 00:00:00+03:00,6,6.000000,1,1.000000,0,0.000000,0,1,7,0.142857,1.000000
168187,937956.000000,2019-11-09 00:00:00+03:00,22,32.000000,0,0.000000,0,0.000000,1,1,22,0.000000,1.454545
168187,937956.000000,2019-11-10 00:00:00+03:00,12,11.000000,0,0.000000,0,0.000000,0,1,12,0.000000,0.916667
168187,937956.000000,2019-11-11 00:00:00+03:00,46,86.000000,0,0.000000,0,0.000000,0,1,46,0.000000,1.869565
168187,937956.000000,2019-11-12 00:00:00+03:00,20,19.000000,0,0.000000,0,0.000000,0,1,20,0.000000,0.950000
168187,937956.000000,2019-11-13 00:00:00+03:00,42,54.000000,3,3.000000,0,0.000000,0,1,45,0.066667,1.285714
168187,937956.000000,2019-11-14 00:00:00+03:00,21,23.000000,0,0.000000,0,0.000000,0,1,21,0.000000,1.095238
168187,937956.000000,2019-11-15 00:00:00+03:00,27,22.000000,5,5.000000,0,0.000000,0,1,32,0.156250,0.814815
168187,937956.000000,2019-11-16 00:00:00+03:00,58,48.000000,0,0.000000,0,0.000000,0,1,58,0.000000,0.827586
168187,937956.000000,2019-11-17 00:00:00+03:00,15,25.000000,1,1.000000,0,0.000000,0,1,16,0.062500,1.666667
168187,937956.000000,2019-11-18 00:00:00+03:00,27,25.000000,0,0.000000,0,0.000000,0,1,27,0.000000,0.925926
168187,937956.000000,2019-11-19 00:00:00+03:00,64,102.000000,0,0.000000,0,0.000000,0,1,64,0.000000,1.593750
168187,937956.000000,2019-11-20 00:00:00+03:00,25,40.000000,0,0.000000,0,0.000000,0,1,25,0.000000,1.600000
168187,937956.000000,2019-11-21 00:00:00+03:00,33,35.000000,0,0.000000,0,0.000000,0,1,33,0.000000,1.060606
168187,937956.000000,2019-11-22 00:00:00+03:00,16,26.000000,0,0.000000,0,0.000000,0,1,16,0.000000,1.625000
168187,937956.000000,2019-11-23 00:00:00+03:00,25,19.000000,0,0.000000,0,0.000000,0,1,25,0.000000,0.760000
168187,937956.000000,2019-11-24 00:00:00+03:00,50,41.000000,0,0.000000,0,0.000000,0,1,50,0.000000,0.820000
168187,937956.000000,2019-11-25 00:00:00+03:00,32,57.000000,0,0.000000,0,0.000000,0,1,32,0.000000,1.781250
168187,937956.000000,2019-11-26 00:00:00+03:00,17,39.000000,0,0.000000,0,0.000000,0,1,17,0.000000,2.294118
168187,937956.000000,2019-11-27 00:00:00+03:00,12,40.000000,0,0.000000,0,0.000000,0,1,12,0.000000,3.333333
168187,937956.000000,2019-11-28 00:00:00+03:00,14,11.000000,0,0.000000,0,0.000000,0,1,14,0.000000,0.785714
168187,937958.000000,2019-11-01 00:00:00+03:00,7,32.000000,0,0.000000,0,0.000000,0,1,7,0.000000,4.571429
168187,937958.000000,2019-11-02 00:00:00+03:00,2,19.000000,0,0.000000,0,0.000000,0,1,2,0.000000,9.500000
168187,937958.000000,2019-11-03 00:00:00+03:00,4,23.000000,0,0.000000,0,0.000000,0,1,4,0.000000,5.750000
168187,937958.000000,2019-11-04 00:00:00+03:00,1,6.000000,0,0.000000,0,0.000000,0,1,1,0.000000,6.000000
168187,937958.000000,2019-11-05 00:00:00+03:00,2,7.000000,0,0.000000,0,0.000000,0,1,2,0.000000,3.500000
168187,937958.000000,2019-11-06 00:00:00+03:00,8,33.000000,0,0.000000,0,0.000000,0,1,8,0.000000,4.125000
168187,937958.000000,2019-11-07 00:00:00+03:00,3,13.000000,0,0.000000,0,0.000000,0,1,3,0.000000,4.333333
168187,937958.000000,2019-11-08 00:00:00+03:00,6,26.000000,0,0.000000,0,0.000000,0,1,6,0.000000,4.333333
168187,937958.000000,2019-11-09 00:00:00+03:00,12,72.000000,0,0.000000,0,0.000000,0,1,12,0.000000,6.000000
168187,937958.000000,2019-11-10 00:00:00+03:00,3,27.000000,0,0.000000,0,0.000000,0,1,3,0.000000,9.000000
168187,937958.000000,2019-11-11 00:00:00+03:00,2,73.000000,0,0.000000,0,0.000000,0,1,2,0.000000,36.500000
168187,937958.000000,2019-11-12 00:00:00+03:00,10,69.000000,0,0.000000,0,0.000000,0,1,10,0.000000,6.900000
168187,937958.000000,2019-11-13 00:00:00+03:00,6,65.000000,0,0.000000,0,0.000000,0,1,6,0.000000,10.833333
168187,937958.000000,2019-11-14 00:00:00+03:00,3,19.000000,0,0.000000,0,0.000000,0,1,3,0.000000,6.333333
168187,937958.000000,2019-11-15 00:00:00+03:00,10,54.000000,0,0.000000,0,0.000000,0,1,10,0.000000,5.400000
168187,937958.000000,2019-11-16 00:00:00+03:00,9,28.000000,0,0.000000,0,0.000000,0,1,9,0.000000,3.111111
168187,937958.000000,2019-11-17 00:00:00+03:00,10,59.000000,0,0.000000,0,0.000000,0,1,10,0.000000,5.900000
168187,937958.000000,2019-11-18 00:00:00+03:00,13,81.000000,0,0.000000,0,0.000000,0,1,13,0.000000,6.230769
168187,937958.000000,2019-11-19 00:00:00+03:00,4,19.000000,0,0.000000,0,0.000000,0,1,4,0.000000,4.750000
168187,937958.000000,2019-11-20 00:00:00+03:00,18,78.000000,2,38.000000,0,0.000000,0,1,20,0.100000,4.333333
168187,937958.000000,2019-11-21 00:00:00+03:00,9,103.000000,0,0.000000,0,0.000000,0,1,9,0.000000,11.444444
168187,937958.000000,2019-11-22 00:00:00+03:00,9,39.000000,0,0.000000,0,0.000000,0,1,9,0.000000,4.333333
168187,937958.000000,2019-11-23 00:00:00+03:00,7,50.000000,0,0.000000,0,0.000000,0,1,7,0.000000,7.142857
168187,937958.000000,2019-11-24 00:00:00+03:00,11,30.000000,0,0.000000,0,0.000000,0,1,11,0.000000,2.727273
168187,937958.000000,2019-11-25 00:00:00+03:00,7,48.000000,0,0.000000,0,0.000000,0,1,7,0.000000,6.857143
168187,937958.000000,2019-11-26 00:00:00+03:00,14,68.000000,1,1.000000,0,0.000000,0,1,15,0.066667,4.857143
168187,937958.000000,2019-11-27 00:00:00+03:00,11,72.000000,0,0.000000,0,0.000000,0,1,11,0.000000,6.545455
168187,937958.000000,2019-11-28 00:00:00+03:00,13,66.000000,0,0.000000,0,0.000000,0,1,13,0.000000,5.076923
168187,937960.000000,2019-11-01 00:00:00+03:00,3,3.000000,0,0.000000,0,0.000000,0,1,3,0.000000,1.000000
168187,937960.000000,2019-11-02 00:00:00+03:00,3,32.000000,0,0.000000,0,0.000000,0,1,3,0.000000,10.666667
168187,937960.000000,2019-11-03 00:00:00+03:00,3,32.000000,0,0.000000,0,0.000000,0,1,3,0.000000,10.666667
168187,937960.000000,2019-11-05 00:00:00+03:00,1,1.000000,0,0.000000,0,0.000000,0,1,1,0.000000,1.000000
168187,937960.000000,2019-11-06 00:00:00+03:00,3,23.000000,0,0.000000,0,0.000000,0,1,3,0.000000,7.666667
168187,937960.000000,2019-11-07 00:00:00+03:00,5,64.000000,0,0.000000,0,0.000000,0,1,5,0.000000,12.800000
168187,937960.000000,2019-11-08 00:00:00+03:00,3,28.000000,0,0.000000,0,0.000000,0,1,3,0.000000,9.333333
168187,937960.000000,2019-11-09 00:00:00+03:00,10,104.000000,0,0.000000,0,0.000000,0,1,10,0.000000,10.400000
168187,937960.000000,2019-11-10 00:00:00+03:00,2,22.000000,0,0.000000,0,0.000000,0,1,2,0.000000,11.000000
168187,937960.000000,2019-11-11 00:00:00+03:00,6,60.000000,0,0.000000,0,0.000000,0,1,6,0.000000,10.000000
168187,937960.000000,2019-11-12 00:00:00+03:00,5,45.000000,0,0.000000,0,0.000000,0,1,5,0.000000,9.000000
168187,937960.000000,2019-11-13 00:00:00+03:00,9,51.000000,0,0.000000,0,0.000000,0,1,9,0.000000,5.666667
168187,937960.000000,2019-11-14 00:00:00+03:00,5,49.000000,0,0.000000,0,0.000000,0,1,5,0.000000,9.800000
168187,937960.000000,2019-11-15 00:00:00+03:00,5,40.000000,0,0.000000,0,0.000000,0,1,5,0.000000,8.000000
168187,937960.000000,2019-11-16 00:00:00+03:00,5,40.000000,0,0.000000,0,0.000000,0,1,5,0.000000,8.000000
168187,937960.000000,2019-11-17 00:00:00+03:00,5,53.000000,0,0.000000,0,0.000000,0,1,5,0.000000,10.600000
168187,937960.000000,2019-11-18 00:00:00+03:00,8,68.000000,0,0.000000,0,0.000000,0,1,8,0.000000,8.500000
168187,937960.000000,2019-11-19 00:00:00+03:00,7,57.000000,0,0.000000,0,0.000000,0,1,7,0.000000,8.142857
168187,937960.000000,2019-11-20 00:00:00+03:00,10,96.000000,0,0.000000,0,0.000000,0,1,10,0.000000,9.600000
168187,937960.000000,2019-11-21 00:00:00+03:00,5,50.000000,0,0.000000,0,0.000000,0,1,5,0.000000,10.000000
168187,937960.000000,2019-11-22 00:00:00+03:00,23,220.000000,0,0.000000,0,0.000000,0,1,23,0.000000,9.565217
168187,937960.000000,2019-11-23 00:00:00+03:00,2,21.000000,0,0.000000,0,0.000000,0,1,2,0.000000,10.500000
168187,937960.000000,2019-11-25 00:00:00+03:00,6,58.000000,0,0.000000,0,0.000000,0,1,6,0.000000,9.666667
168187,937960.000000,2019-11-26 00:00:00+03:00,10,94.000000,0,0.000000,0,0.000000,0,1,10,0.000000,9.400000
168187,937960.000000,2019-11-27 00:00:00+03:00,12,122.000000,0,0.000000,0,0.000000,0,1,12,0.000000,10.166667
168187,937960.000000,2019-11-28 00:00:00+03:00,24,214.000000,0,0.000000,0,0.000000,0,1,24,0.000000,8.916667
168187,937962.000000,2019-11-02 00:00:00+03:00,7,112.000000,0,0.000000,0,0.000000,0,1,7,0.000000,16.000000
168187,937962.000000,2019-11-05 00:00:00+03:00,7,112.000000,0,0.000000,0,0.000000,0,1,7,0.000000,16.000000
168187,937962.000000,2019-11-08 00:00:00+03:00,2,32.000000,0,0.000000,0,0.000000,0,1,2,0.000000,16.000000
168187,937962.000000,2019-11-09 00:00:00+03:00,3,48.000000,0,0.000000,0,0.000000,0,1,3,0.000000,16.000000
168187,937962.000000,2019-11-12 00:00:00+03:00,5,74.000000,0,0.000000,0,0.000000,0,1,5,0.000000,14.800000
168187,937962.000000,2019-11-13 00:00:00+03:00,3,49.000000,0,0.000000,0,0.000000,0,1,3,0.000000,16.333333
168187,937962.000000,2019-11-14 00:00:00+03:00,4,44.000000,0,0.000000,0,0.000000,0,1,4,0.000000,11.000000
168187,937962.000000,2019-11-15 00:00:00+03:00,1,16.000000,0,0.000000,0,0.000000,0,1,1,0.000000,16.000000
168187,937962.000000,2019-11-16 00:00:00+03:00,2,32.000000,0,0.000000,0,0.000000,0,1,2,0.000000,16.000000
168187,937962.000000,2019-11-17 00:00:00+03:00,5,75.000000,0,0.000000,0,0.000000,0,1,5,0.000000,15.000000
168187,937962.000000,2019-11-18 00:00:00+03:00,5,70.000000,0,0.000000,0,0.000000,0,1,5,0.000000,14.000000
168187,937962.000000,2019-11-19 00:00:00+03:00,6,80.000000,0,0.000000,0,0.000000,0,1,6,0.000000,13.333333
168187,937962.000000,2019-11-20 00:00:00+03:00,4,53.000000,0,0.000000,0,0.000000,0,1,4,0.000000,13.250000
168187,937962.000000,2019-11-21 00:00:00+03:00,3,11.000000,0,0.000000,0,0.000000,0,1,3,0.000000,3.666667
168187,937962.000000,2019-11-22 00:00:00+03:00,2,17.000000,0,0.000000,0,0.000000,0,1,2,0.000000,8.500000
168187,937962.000000,2019-11-23 00:00:00+03:00,1,16.000000,0,0.000000,0,0.000000,0,1,1,0.000000,16.000000
168187,937962.000000,2019-11-25 00:00:00+03:00,16,202.000000,1,16.000000,0,0.000000,0,1,17,0.058824,12.625000
168187,937962.000000,2019-11-26 00:00:00+03:00,6,71.000000,0,0.000000,0,0.000000,0,1,6,0.000000,11.833333
168187,937962.000000,2019-11-27 00:00:00+03:00,8,103.000000,0,0.000000,0,0.000000,0,1,8,0.000000,12.875000
168187,937962.000000,2019-11-28 00:00:00+03:00,1,16.000000,1,16.000000,0,0.000000,0,1,2,0.500000,16.000000
168187,937966.000000,2019-11-01 00:00:00+03:00,5,71.000000,2,26.000000,0,0.000000,16,1,7,0.285714,14.200000
168187,937966.000000,2019-11-05 00:00:00+03:00,13,119.000000,0,0.000000,0,0.000000,10,1,13,0.000000,9.153846
168187,937966.000000,2019-11-06 00:00:00+03:00,13,96.000000,0,0.000000,0,0.000000,42,1,13,0.000000,7.384615
168187,937966.000000,2019-11-07 00:00:00+03:00,22,202.000000,0,0.000000,0,0.000000,28,1,22,0.000000,9.181818
168187,937966.000000,2019-11-08 00:00:00+03:00,14,112.000000,0,0.000000,0,0.000000,12,1,14,0.000000,8.000000
168187,937966.000000,2019-11-11 00:00:00+03:00,8,46.000000,0,0.000000,0,0.000000,23,1,8,0.000000,5.750000
168187,937966.000000,2019-11-12 00:00:00+03:00,9,80.000000,0,0.000000,0,0.000000,21,1,9,0.000000,8.888889
168187,937966.000000,2019-11-13 00:00:00+03:00,4,31.000000,0,0.000000,0,0.000000,15,1,4,0.000000,7.750000
168187,937966.000000,2019-11-14 00:00:00+03:00,15,129.000000,0,0.000000,0,0.000000,60,1,15,0.000000,8.600000
168187,937966.000000,2019-11-15 00:00:00+03:00,1,8.000000,0,0.000000,0,0.000000,1,1,1,0.000000,8.000000
168187,937966.000000,2019-11-18 00:00:00+03:00,14,100.000000,0,0.000000,0,0.000000,53,1,14,0.000000,7.142857
168187,937966.000000,2019-11-19 00:00:00+03:00,4,37.000000,0,0.000000,0,0.000000,28,1,4,0.000000,9.250000
168187,937966.000000,2019-11-20 00:00:00+03:00,10,60.000000,0,0.000000,0,0.000000,35,1,10,0.000000,6.000000
168187,937966.000000,2019-11-21 00:00:00+03:00,14,115.000000,0,0.000000,0,0.000000,12,1,14,0.000000,8.214286
168187,937966.000000,2019-11-22 00:00:00+03:00,9,67.000000,0,0.000000,0,0.000000,16,1,9,0.000000,7.444444
168187,937966.000000,2019-11-25 00:00:00+03:00,3,22.000000,0,0.000000,0,0.000000,24,1,3,0.000000,7.333333
168187,937966.000000,2019-11-26 00:00:00+03:00,10,93.000000,0,0.000000,0,0.000000,20,1,10,0.000000,9.300000
168187,937966.000000,2019-11-27 00:00:00+03:00,10,188.000000,0,0.000000,0,0.000000,17,1,10,0.000000,18.800000
168187,937966.000000,2019-11-28 00:00:00+03:00,2,10.000000,1,8.000000,0,0.000000,37,1,3,0.333333,5.000000
168187,937980.000000,2019-11-01 00:00:00+03:00,8,92.000000,0,0.000000,0,0.000000,7,1,8,0.000000,11.500000
168187,937980.000000,2019-11-05 00:00:00+03:00,6,53.000000,0,0.000000,0,0.000000,12,1,6,0.000000,8.833333
168187,937980.000000,2019-11-06 00:00:00+03:00,7,97.000000,0,0.000000,0,0.000000,0,1,7,0.000000,13.857143
168187,937980.000000,2019-11-07 00:00:00+03:00,2,31.000000,0,0.000000,0,0.000000,0,1,2,0.000000,15.500000
168187,937980.000000,2019-11-08 00:00:00+03:00,4,45.000000,0,0.000000,0,0.000000,9,1,4,0.000000,11.250000
168187,937980.000000,2019-11-11 00:00:00+03:00,7,52.000000,0,0.000000,0,0.000000,0,1,7,0.000000,7.428571
168187,937980.000000,2019-11-12 00:00:00+03:00,10,86.000000,0,0.000000,0,0.000000,0,1,10,0.000000,8.600000
168187,937980.000000,2019-11-13 00:00:00+03:00,3,20.000000,0,0.000000,0,0.000000,13,1,3,0.000000,6.666667
168187,937984.000000,2019-11-01 00:00:00+03:00,6,48.000000,0,0.000000,0,0.000000,0,1,6,0.000000,8.000000
168187,937984.000000,2019-11-18 00:00:00+03:00,0,0.000000,0,0.000000,0,0.000000,2,1,0,,
168187,937984.000000,2019-11-25 00:00:00+03:00,0,0.000000,0,0.000000,0,0.000000,1,1,0,,
168187,937984.000000,2019-11-26 00:00:00+03:00,0,0.000000,0,0.000000,0,0.000000,0,1,0,,
168187,937984.000000,2019-11-27 00:00:00+03:00,0,0.000000,0,0.000000,0,0.000000,0,1,0,,
168187,937984.000000,2019-11-28 00:00:00+03:00,0,0.000000,0,0.000000,0,0.000000,2,1,0,,
168187,937988.000000,2019-11-01 00:00:00+03:00,4,26.000000,0,0.000000,0,0.000000,6,1,4,0.000000,6.500000
168187,937988.000000,2019-11-05 00:00:00+03:00,2,18.000000,0,0.000000,0,0.000000,10,1,2,0.000000,9.000000
168187,937988.000000,2019-11-06 00:00:00+03:00,2,14.000000,0,0.000000,0,0.000000,5,1,2,0.000000,7.000000
168187,937988.000000,2019-11-07 00:00:00+03:00,0,0.000000,0,0.000000,0,0.000000,8,1,0,,
168187,937988.000000,2019-11-08 00:00:00+03:00,3,32.000000,0,0.000000,0,0.000000,15,1,3,0.000000,10.666667
168187,937988.000000,2019-11-11 00:00:00+03:00,6,62.000000,0,0.000000,0,0.000000,20,1,6,0.000000,10.333333
168187,937988.000000,2019-11-12 00:00:00+03:00,2,31.000000,0,0.000000,0,0.000000,14,1,2,0.000000,15.500000
168187,937988.000000,2019-11-13 00:00:00+03:00,1,8.000000,0,0.000000,0,0.000000,18,1,1,0.000000,8.000000
168187,937988.000000,2019-11-14 00:00:00+03:00,3,53.000000,0,0.000000,0,0.000000,12,1,3,0.000000,17.666667
168187,937988.000000,2019-11-15 00:00:00+03:00,4,70.000000,0,0.000000,0,0.000000,33,1,4,0.000000,17.500000
168187,937988.000000,2019-11-18 00:00:00+03:00,4,42.000000,0,0.000000,0,0.000000,15,1,4,0.000000,10.500000
168187,937988.000000,2019-11-19 00:00:00+03:00,3,25.000000,0,0.000000,0,0.000000,29,1,3,0.000000,8.333333
168187,937988.000000,2019-11-20 00:00:00+03:00,8,128.000000,0,0.000000,0,0.000000,22,1,8,0.000000,16.000000
168187,937988.000000,2019-11-21 00:00:00+03:00,1,23.000000,0,0.000000,0,0.000000,5,1,1,0.000000,23.000000
168187,946072.000000,2019-11-28 00:00:00+03:00,1,6.000000,0,0.000000,0,0.000000,1,1,1,0.000000,6.000000
168187,948282.000000,2019-11-27 00:00:00+03:00,1,1.000000,0,0.000000,0,0.000000,0,1,1,0.000000,1.000000
168187,948284.000000,2019-11-11 00:00:00+03:00,1,1.000000,0,0.000000,0,0.000000,0,1,1,0.000000,1.000000
168187,948284.000000,2019-11-25 00:00:00+03:00,1,74.000000,0,0.000000,0,0.000000,0,1,1,0.000000,74.000000
168187,948284.000000,2019-11-26 00:00:00+03:00,1,16.000000,0,0.000000,0,0.000000,0,1,1,0.000000,16.000000
168187,948284.000000,2019-11-27 00:00:00+03:00,1,16.000000,0,0.000000,0,0.000000,0,1,1,0.000000,16.000000
168187,948286.000000,2019-11-01 00:00:00+03:00,4,84.000000,0,0.000000,0,0.000000,0,1,4,0.000000,21.000000
168187,948286.000000,2019-11-02 00:00:00+03:00,9,188.000000,0,0.000000,0,0.000000,0,1,9,0.000000,20.888889
168187,948286.000000,2019-11-03 00:00:00+03:00,4,83.000000,0,0.000000,0,0.000000,0,1,4,0.000000,20.750000
168187,948286.000000,2019-11-05 00:00:00+03:00,5,84.000000,0,0.000000,0,0.000000,0,1,5,0.000000,16.800000
168187,948286.000000,2019-11-06 00:00:00+03:00,2,41.000000,0,0.000000,0,0.000000,0,1,2,0.000000,20.500000
168187,948286.000000,2019-11-07 00:00:00+03:00,7,97.000000,0,0.000000,0,0.000000,0,1,7,0.000000,13.857143
168187,948286.000000,2019-11-08 00:00:00+03:00,8,106.000000,0,0.000000,0,0.000000,0,1,8,0.000000,13.250000
168187,948286.000000,2019-11-09 00:00:00+03:00,0,0.000000,1,17.000000,0,0.000000,0,1,1,1.000000,
168187,948286.000000,2019-11-10 00:00:00+03:00,8,152.000000,0,0.000000,0,0.000000,0,1,8,0.000000,19.000000
168187,948286.000000,2019-11-11 00:00:00+03:00,14,267.000000,0,0.000000,0,0.000000,0,1,14,0.000000,19.071429
168187,948286.000000,2019-11-12 00:00:00+03:00,13,201.000000,0,0.000000,0,0.000000,0,1,13,0.000000,15.461538
168187,948286.000000,2019-11-13 00:00:00+03:00,15,110.000000,0,0.000000,0,0.000000,0,1,15,0.000000,7.333333
168187,948286.000000,2019-11-14 00:00:00+03:00,5,99.000000,0,0.000000,0,0.000000,0,1,5,0.000000,19.800000
168187,948286.000000,2019-11-15 00:00:00+03:00,1,21.000000,0,0.000000,0,0.000000,0,1,1,0.000000,21.000000
168187,948286.000000,2019-11-16 00:00:00+03:00,2,36.000000,0,0.000000,0,0.000000,0,1,2,0.000000,18.000000
168187,948286.000000,2019-11-17 00:00:00+03:00,4,74.000000,0,0.000000,0,0.000000,0,1,4,0.000000,18.500000
168187,948286.000000,2019-11-18 00:00:00+03:00,18,340.000000,0,0.000000,0,0.000000,0,1,18,0.000000,18.888889
168187,948286.000000,2019-11-19 00:00:00+03:00,7,118.000000,5,19.000000,0,0.000000,0,1,12,0.416667,16.857143
168187,948286.000000,2019-11-20 00:00:00+03:00,33,585.000000,2,7.000000,0,0.000000,0,1,35,0.057143,17.727273
168187,948286.000000,2019-11-21 00:00:00+03:00,8,128.000000,0,0.000000,0,0.000000,0,1,8,0.000000,16.000000
168187,948286.000000,2019-11-22 00:00:00+03:00,64,1101.000000,4,12.000000,0,0.000000,0,1,68,0.058824,17.203125
168187,948286.000000,2019-11-23 00:00:00+03:00,52,946.000000,0,0.000000,0,0.000000,0,1,52,0.000000,18.192308
168187,948286.000000,2019-11-24 00:00:00+03:00,11,205.000000,0,0.000000,0,0.000000,0,1,11,0.000000,18.636364
168187,948286.000000,2019-11-25 00:00:00+03:00,26,362.000000,6,24.000000,0,0.000000,0,1,32,0.187500,13.923077
168187,948286.000000,2019-11-26 00:00:00+03:00,20,218.000000,0,0.000000,0,0.000000,0,1,20,0.000000,10.900000
168187,948286.000000,2019-11-27 00:00:00+03:00,10,169.000000,0,0.000000,0,0.000000,0,1,10,0.000000,16.900000
168187,948286.000000,2019-11-28 00:00:00+03:00,4,4.000000,0,0.000000,0,0.000000,0,1,4,0.000000,1.000000
168187,948288.000000,2019-11-18 00:00:00+03:00,4,26.000000,0,0.000000,0,0.000000,0,1,4,0.000000,6.500000
168187,948288.000000,2019-11-20 00:00:00+03:00,3,24.000000,0,0.000000,0,0.000000,0,1,3,0.000000,8.000000
168187,948288.000000,2019-11-22 00:00:00+03:00,2,11.000000,0,0.000000,0,0.000000,0,1,2,0.000000,5.500000
168187,948288.000000,2019-11-23 00:00:00+03:00,2,27.000000,0,0.000000,0,0.000000,0,1,2,0.000000,13.500000
168187,948288.000000,2019-11-24 00:00:00+03:00,2,12.000000,0,0.000000,0,0.000000,0,1,2,0.000000,6.000000
168187,948288.000000,2019-11-25 00:00:00+03:00,2,32.000000,1,4.000000,0,0.000000,0,1,3,0.333333,16.000000
168187,948288.000000,2019-11-26 00:00:00+03:00,2,22.000000,0,0.000000,0,0.000000,0,1,2,0.000000,11.000000
168187,948288.000000,2019-11-27 00:00:00+03:00,4,28.000000,0,0.000000,0,0.000000,0,1,4,0.000000,7.000000
168187,948288.000000,2019-11-28 00:00:00+03:00,2,123.000000,0,0.000000,0,0.000000,0,1,2,0.000000,61.500000
168190,952982.000000,2019-11-01 00:00:00+03:00,2,2.000000,0,0.000000,0,0.000000,0,1,2,0.000000,1.000000
168190,952982.000000,2019-11-13 00:00:00+03:00,1,0.000000,0,0.000000,0,0.000000,0,1,1,0.000000,0.000000
168190,952982.000000,2019-11-15 00:00:00+03:00,1,1.000000,0,0.000000,0,0.000000,0,1,1,0.000000,1.000000
168190,952982.000000,2019-11-18 00:00:00+03:00,2,2.000000,0,0.000000,0,0.000000,0,1,2,0.000000,1.000000
168190,952982.000000,2019-11-21 00:00:00+03:00,2,2.000000,0,0.000000,0,0.000000,0,1,2,0.000000,1.000000
168190,952982.000000,2019-11-23 00:00:00+03:00,1,1.000000,0,0.000000,0,0.000000,0,1,1,0.000000,1.000000
168193,947816.000000,2019-11-01 00:00:00+03:00,1,51.000000,0,0.000000,0,0.000000,8,1,1,0.000000,51.000000
168193,947816.000000,2019-11-02 00:00:00+03:00,2,36.000000,0,0.000000,0,0.000000,1,1,2,0.000000,18.000000
168193,947816.000000,2019-11-08 00:00:00+03:00,4,48.000000,0,0.000000,0,0.000000,1,1,4,0.000000,12.000000
168193,947816.000000,2019-11-11 00:00:00+03:00,3,15.000000,0,0.000000,0,0.000000,6,1,3,0.000000,5.000000
168193,947816.000000,2019-11-12 00:00:00+03:00,0,0.000000,0,0.000000,0,0.000000,3,1,0,,
168193,947816.000000,2019-11-28 00:00:00+03:00,2,85.000000,0,0.000000,0,0.000000,5,1,2,0.000000,42.500000
168193,947818.000000,2019-11-01 00:00:00+03:00,2,16.000000,0,0.000000,0,0.000000,4,1,2,0.000000,8.000000
168193,947818.000000,2019-11-02 00:00:00+03:00,1,7.000000,0,0.000000,0,0.000000,0,1,1,0.000000,7.000000
168193,947818.000000,2019-11-11 00:00:00+03:00,6,32.000000,0,0.000000,0,0.000000,14,1,6,0.000000,5.333333
168193,947818.000000,2019-11-12 00:00:00+03:00,0,0.000000,0,0.000000,0,0.000000,6,1,0,,
168193,947818.000000,2019-11-13 00:00:00+03:00,0,0.000000,0,0.000000,0,0.000000,1,1,0,,
168193,947818.000000,2019-11-27 00:00:00+03:00,0,0.000000,0,0.000000,0,0.000000,4,1,0,,
168193,947818.000000,2019-11-28 00:00:00+03:00,6,98.000000,0,0.000000,0,0.000000,7,1,6,0.000000,16.333333
168193,947820.000000,2019-11-14 00:00:00+03:00,0,0.000000,0,0.000000,0,0.000000,17,1,0,,
168193,948150.000000,2019-11-02 00:00:00+03:00,14,158.000000,0,0.000000,0,0.000000,4,1,14,0.000000,11.285714
168193,948150.000000,2019-11-08 00:00:00+03:00,2,31.000000,0,0.000000,0,0.000000,0,1,2,0.000000,15.500000
168193,948150.000000,2019-11-14 00:00:00+03:00,16,130.000000,0,0.000000,0,0.000000,1,1,16,0.000000,8.125000
168193,948170.000000,2019-11-07 00:00:00+03:00,1,26.000000,0,0.000000,0,0.000000,0,1,1,0.000000,26.000000
168193,948170.000000,2019-11-12 00:00:00+03:00,1,4.000000,0,0.000000,0,0.000000,0,1,1,0.000000,4.000000
168193,948170.000000,2019-11-13 00:00:00+03:00,0,0.000000,0,0.000000,0,0.000000,3,1,0,,
168193,951046.000000,2019-11-11 00:00:00+03:00,0,0.000000,0,0.000000,0,0.000000,2,1,0,,
168193,951046.000000,2019-11-12 00:00:00+03:00,1,22.000000,0,0.000000,0,0.000000,8,1,1,0.000000,22.000000
168193,951046.000000,2019-11-13 00:00:00+03:00,0,0.000000,0,0.000000,0,0.000000,14,1,0,,
168193,951046.000000,2019-11-20 00:00:00+03:00,1,15.000000,0,0.000000,0,0.000000,0,1,1,0.000000,15.000000
168193,951046.000000,2019-11-28 00:00:00+03:00,1,5.000000,0,0.000000,0,0.000000,30,1,1,0.000000,5.000000
168202,944564.000000,2019-11-05 00:00:00+03:00,1,15.000000,0,0.000000,0,0.000000,0,1,1,0.000000,15.000000
168221,944474.000000,2019-11-05 00:00:00+03:00,3,112.000000,0,0.000000,0,0.000000,0,1,3,0.000000,37.333333
168221,944476.000000,2019-11-01 00:00:00+03:00,3,20.000000,0,0.000000,0,0.000000,0,1,3,0.000000,6.666667
168221,944476.000000,2019-11-05 00:00:00+03:00,1,8.000000,0,0.000000,0,0.000000,0,1,1,0.000000,8.000000
168221,944476.000000,2019-11-06 00:00:00+03:00,9,56.000000,0,0.000000,0,0.000000,0,1,9,0.000000,6.222222
168221,944476.000000,2019-11-07 00:00:00+03:00,7,53.000000,0,0.000000,0,0.000000,0,1,7,0.000000,7.571429
168221,944476.000000,2019-11-08 00:00:00+03:00,10,81.000000,0,0.000000,0,0.000000,0,1,10,0.000000,8.100000
168221,944476.000000,2019-11-09 00:00:00+03:00,16,172.000000,0,0.000000,0,0.000000,0,1,16,0.000000,10.750000
168221,944476.000000,2019-11-10 00:00:00+03:00,6,64.000000,0,0.000000,0,0.000000,0,1,6,0.000000,10.666667
168221,944476.000000,2019-11-11 00:00:00+03:00,11,62.000000,0,0.000000,0,0.000000,0,1,11,0.000000,5.636364
168221,944476.000000,2019-11-12 00:00:00+03:00,14,136.000000,0,0.000000,0,0.000000,0,1,14,0.000000,9.714286
168221,944476.000000,2019-11-13 00:00:00+03:00,10,180.000000,0,0.000000,0,0.000000,0,1,10,0.000000,18.000000
168221,944476.000000,2019-11-14 00:00:00+03:00,8,139.000000,0,0.000000,0,0.000000,0,1,8,0.000000,17.375000
168221,944476.000000,2019-11-15 00:00:00+03:00,12,238.000000,0,0.000000,0,0.000000,0,1,12,0.000000,19.833333
168221,944476.000000,2019-11-16 00:00:00+03:00,8,131.000000,0,0.000000,0,0.000000,2,1,8,0.000000,16.375000
168221,944476.000000,2019-11-17 00:00:00+03:00,5,71.000000,0,0.000000,0,0.000000,0,1,5,0.000000,14.200000
168221,944476.000000,2019-11-18 00:00:00+03:00,6,88.000000,0,0.000000,0,0.000000,0,1,6,0.000000,14.666667
168221,944476.000000,2019-11-19 00:00:00+03:00,3,73.000000,0,0.000000,0,0.000000,0,1,3,0.000000,24.333333
168221,944476.000000,2019-11-20 00:00:00+03:00,10,175.000000,0,0.000000,0,0.000000,0,1,10,0.000000,17.500000
168221,944476.000000,2019-11-21 00:00:00+03:00,12,172.000000,0,0.000000,0,0.000000,0,1,12,0.000000,14.333333
168221,944476.000000,2019-11-22 00:00:00+03:00,10,184.000000,0,0.000000,0,0.000000,0,1,10,0.000000,18.400000
168221,944476.000000,2019-11-23 00:00:00+03:00,7,109.000000,0,0.000000,0,0.000000,0,1,7,0.000000,15.571429
168221,944476.000000,2019-11-24 00:00:00+03:00,6,91.000000,0,0.000000,0,0.000000,0,1,6,0.000000,15.166667
168221,944476.000000,2019-11-25 00:00:00+03:00,2,29.000000,0,0.000000,0,0.000000,0,1,2,0.000000,14.500000
168221,944476.000000,2019-11-26 00:00:00+03:00,12,208.000000,0,0.000000,0,0.000000,1,1,12,0.000000,17.333333
168221,944476.000000,2019-11-27 00:00:00+03:00,4,67.000000,0,0.000000,0,0.000000,0,1,4,0.000000,16.750000
168221,944476.000000,2019-11-28 00:00:00+03:00,8,122.000000,0,0.000000,0,0.000000,0,1,8,0.000000,15.250000
168221,952292.000000,2019-11-17 00:00:00+03:00,2,81.000000,0,0.000000,0,0.000000,0,1,2,0.000000,40.500000
168225,970240.000000,2019-11-28 00:00:00+03:00,1,44.000000,0,0.000000,0,0.000000,1,1,1,0.000000,44.000000
168225,970242.000000,2019-11-28 00:00:00+03:00,0,0.000000,0,0.000000,0,0.000000,8,1,0,,
168225,970244.000000,2019-11-28 00:00:00+03:00,2,81.000000,0,0.000000,0,0.000000,1,1,2,0.000000,40.500000
168225,970250.000000,2019-11-28 00:00:00+03:00,0,0.000000,0,0.000000,0,0.000000,1,1,0,,
168225,970252.000000,2019-11-28 00:00:00+03:00,1,25.000000,0,0.000000,0,0.000000,7,1,1,0.000000,25.000000
168225,970254.000000,2019-11-28 00:00:00+03:00,3,121.000000,0,0.000000,0,0.000000,6,1,3,0.000000,40.333333
168225,970258.000000,2019-11-28 00:00:00+03:00,0,0.000000,0,0.000000,0,0.000000,1,1,0,,
168228,939684.000000,2019-11-01 00:00:00+03:00,0,0.000000,0,0.000000,0,0.000000,12,1,0,,
168228,939684.000000,2019-11-05 00:00:00+03:00,1,19.000000,0,0.000000,0,0.000000,13,1,1,0.000000,19.000000
168228,939684.000000,2019-11-06 00:00:00+03:00,4,106.000000,0,0.000000,0,0.000000,15,1,4,0.000000,26.500000
168228,939684.000000,2019-11-07 00:00:00+03:00,0,0.000000,0,0.000000,0,0.000000,16,1,0,,
168228,939684.000000,2019-11-08 00:00:00+03:00,1,19.000000,0,0.000000,0,0.000000,0,1,1,0.000000,19.000000
168228,939684.000000,2019-11-11 00:00:00+03:00,0,0.000000,0,0.000000,0,0.000000,0,1,0,,
168228,939684.000000,2019-11-12 00:00:00+03:00,0,0.000000,0,0.000000,0,0.000000,2,1,0,,
168228,939684.000000,2019-11-13 00:00:00+03:00,1,20.000000,0,0.000000,0,0.000000,0,1,1,0.000000,20.000000
168228,939684.000000,2019-11-14 00:00:00+03:00,1,19.000000,0,0.000000,0,0.000000,0,1,1,0.000000,19.000000
168228,939684.000000,2019-11-18 00:00:00+03:00,1,21.000000,0,0.000000,0,0.000000,0,1,1,0.000000,21.000000
168228,939684.000000,2019-11-22 00:00:00+03:00,2,13.000000,0,0.000000,0,0.000000,0,1,2,0.000000,6.500000
168228,939684.000000,2019-11-25 00:00:00+03:00,4,27.000000,0,0.000000,0,0.000000,0,1,4,0.000000,6.750000
168228,939684.000000,2019-11-26 00:00:00+03:00,0,0.000000,0,0.000000,0,0.000000,2,1,0,,
168228,939684.000000,2019-11-27 00:00:00+03:00,0,0.000000,0,0.000000,0,0.000000,0,1,0,,
168228,939684.000000,2019-11-28 00:00:00+03:00,2,14.000000,0,0.000000,0,0.000000,0,1,2,0.000000,7.000000
168228,939736.000000,2019-11-01 00:00:00+03:00,0,0.000000,0,0.000000,0,0.000000,4,1,0,,
168228,939738.000000,2019-11-01 00:00:00+03:00,0,0.000000,0,0.000000,0,0.000000,14,1,0,,
168228,939738.000000,2019-11-05 00:00:00+03:00,0,0.000000,0,0.000000,0,0.000000,24,1,0,,
168228,939738.000000,2019-11-06 00:00:00+03:00,0,0.000000,0,0.000000,0,0.000000,60,1,0,,
168228,939738.000000,2019-11-07 00:00:00+03:00,0,0.000000,0,0.000000,0,0.000000,46,1,0,,
168228,939738.000000,2019-11-08 00:00:00+03:00,0,0.000000,0,0.000000,0,0.000000,28,1,0,,
168228,939738.000000,2019-11-11 00:00:00+03:00,0,0.000000,0,0.000000,0,0.000000,25,1,0,,
168228,939738.000000,2019-11-12 00:00:00+03:00,0,0.000000,0,0.000000,0,0.000000,41,1,0,,
168228,939738.000000,2019-11-13 00:00:00+03:00,0,0.000000,0,0.000000,0,0.000000,21,1,0,,
168228,939738.000000,2019-11-14 00:00:00+03:00,0,0.000000,0,0.000000,0,0.000000,14,1,0,,
168228,939738.000000,2019-11-15 00:00:00+03:00,0,0.000000,0,0.000000,0,0.000000,6,1,0,,
168228,939738.000000,2019-11-18 00:00:00+03:00,0,0.000000,0,0.000000,0,0.000000,55,1,0,,
168228,939738.000000,2019-11-19 00:00:00+03:00,0,0.000000,0,0.000000,0,0.000000,33,1,0,,
168228,939738.000000,2019-11-20 00:00:00+03:00,0,0.000000,0,0.000000,0,0.000000,29,1,0,,
168228,939738.000000,2019-11-21 00:00:00+03:00,0,0.000000,0,0.000000,0,0.000000,36,1,0,,
168228,939738.000000,2019-11-22 00:00:00+03:00,0,0.000000,0,0.000000,0,0.000000,28,1,0,,
168228,939738.000000,2019-11-25 00:00:00+03:00,0,0.000000,0,0.000000,0,0.000000,30,1,0,,
168228,939738.000000,2019-11-26 00:00:00+03:00,0,0.000000,0,0.000000,0,0.000000,38,1,0,,
168228,939738.000000,2019-11-27 00:00:00+03:00,0,0.000000,0,0.000000,0,0.000000,40,1,0,,
168228,939738.000000,2019-11-28 00:00:00+03:00,0,0.000000,0,0.000000,0,0.000000,35,1,0,,
168252,939716.000000,2019-11-08 00:00:00+03:00,0,0.000000,0,0.000000,0,0.000000,1,1,0,,
168252,939716.000000,2019-11-14 00:00:00+03:00,0,0.000000,0,0.000000,0,0.000000,0,1,0,,
168252,939716.000000,2019-11-21 00:00:00+03:00,0,0.000000,0,0.000000,0,0.000000,1,1,0,,
168252,940568.000000,2019-11-25 00:00:00+03:00,0,0.000000,0,0.000000,0,0.000000,5,1,0,,
168252,940588.000000,2019-11-01 00:00:00+03:00,73,226.000000,1,234.000000,0,0.000000,3,1,74,0.013514,3.095890
168252,940588.000000,2019-11-04 00:00:00+03:00,100,260.000000,0,0.000000,0,0.000000,0,1,100,0.000000,2.600000
168252,940588.000000,2019-11-05 00:00:00+03:00,72,222.000000,0,0.000000,0,0.000000,0,1,72,0.000000,3.083333
168252,940588.000000,2019-11-06 00:00:00+03:00,148,522.000000,0,0.000000,0,0.000000,0,1,148,0.000000,3.527027
168252,940588.000000,2019-11-07 00:00:00+03:00,39,156.000000,0,0.000000,0,0.000000,0,1,39,0.000000,4.000000
168252,940588.000000,2019-11-08 00:00:00+03:00,80,240.000000,1,92.000000,0,0.000000,0,1,81,0.012346,3.000000
168252,940588.000000,2019-11-09 00:00:00+03:00,80,177.000000,0,0.000000,0,0.000000,15,1,80,0.000000,2.212500
168252,940588.000000,2019-11-11 00:00:00+03:00,68,162.000000,0,0.000000,0,0.000000,0,1,68,0.000000,2.382353
168252,940588.000000,2019-11-12 00:00:00+03:00,66,239.000000,3,651.000000,0,0.000000,6,1,69,0.043478,3.621212
168252,940588.000000,2019-11-13 00:00:00+03:00,77,178.000000,1,164.000000,0,0.000000,0,1,78,0.012821,2.311688
168252,940588.000000,2019-11-14 00:00:00+03:00,90,357.000000,4,624.000000,0,0.000000,0,1,94,0.042553,3.966667
168252,940588.000000,2019-11-15 00:00:00+03:00,74,173.000000,0,0.000000,0,0.000000,0,1,74,0.000000,2.337838
168252,940588.000000,2019-11-18 00:00:00+03:00,134,298.000000,0,0.000000,0,0.000000,0,1,134,0.000000,2.223881
168252,940588.000000,2019-11-19 00:00:00+03:00,74,157.000000,1,144.000000,0,0.000000,18,1,75,0.013333,2.121622
168252,940588.000000,2019-11-20 00:00:00+03:00,142,430.000000,2,529.000000,0,0.000000,0,1,144,0.013889,3.028169
168252,940588.000000,2019-11-21 00:00:00+03:00,89,195.000000,6,544.000000,0,0.000000,0,1,95,0.063158,2.191011
168252,940588.000000,2019-11-22 00:00:00+03:00,157,389.000000,2,225.000000,0,0.000000,0,1,159,0.012579,2.477707
168252,940588.000000,2019-11-25 00:00:00+03:00,110,430.000000,4,472.000000,0,0.000000,0,1,114,0.035088,3.909091
168252,940588.000000,2019-11-26 00:00:00+03:00,147,615.000000,1,111.000000,0,0.000000,0,1,148,0.006757,4.183673
168252,940588.000000,2019-11-27 00:00:00+03:00,106,264.000000,0,0.000000,0,0.000000,0,1,106,0.000000,2.490566
168252,940588.000000,2019-11-28 00:00:00+03:00,113,395.000000,1,148.000000,0,0.000000,0,1,114,0.008772,3.495575
168252,940596.000000,2019-11-18 00:00:00+03:00,0,0.000000,0,0.000000,0,0.000000,4,1,0,,
168252,940596.000000,2019-11-21 00:00:00+03:00,0,0.000000,0,0.000000,0,0.000000,93,1,0,,
168252,940596.000000,2019-11-22 00:00:00+03:00,0,0.000000,0,0.000000,0,0.000000,162,1,0,,
168252,940596.000000,2019-11-25 00:00:00+03:00,0,0.000000,0,0.000000,0,0.000000,136,1,0,,
168252,940596.000000,2019-11-26 00:00:00+03:00,0,0.000000,0,0.000000,0,0.000000,80,1,0,,
168252,940614.000000,2019-11-07 00:00:00+03:00,0,0.000000,0,0.000000,0,0.000000,0,1,0,,
168252,940614.000000,2019-11-08 00:00:00+03:00,0,0.000000,0,0.000000,0,0.000000,10,1,0,,
168252,940614.000000,2019-11-09 00:00:00+03:00,4,20.000000,0,0.000000,0,0.000000,1,1,4,0.000000,5.000000
168252,940614.000000,2019-11-12 00:00:00+03:00,31,101.000000,1,219.000000,0,0.000000,16,1,32,0.031250,3.258065
168252,940614.000000,2019-11-13 00:00:00+03:00,40,120.000000,0,0.000000,0,0.000000,0,1,40,0.000000,3.000000
168252,940614.000000,2019-11-16 00:00:00+03:00,27,66.000000,0,0.000000,0,0.000000,5,1,27,0.000000,2.444444
168252,940614.000000,2019-11-17 00:00:00+03:00,29,65.000000,0,0.000000,0,0.000000,0,1,29,0.000000,2.241379
168252,940614.000000,2019-11-18 00:00:00+03:00,0,0.000000,0,0.000000,0,0.000000,76,1,0,,
168252,940614.000000,2019-11-21 00:00:00+03:00,0,0.000000,0,0.000000,0,0.000000,72,1,0,,
168252,940614.000000,2019-11-22 00:00:00+03:00,4,33.000000,1,79.000000,0,0.000000,190,1,5,0.200000,8.250000
168252,940614.000000,2019-11-25 00:00:00+03:00,7,52.000000,1,97.000000,0,0.000000,200,1,8,0.125000,7.428571
168252,940616.000000,2019-11-01 00:00:00+03:00,20,149.000000,0,0.000000,0,0.000000,95,1,20,0.000000,7.450000
168252,940616.000000,2019-11-04 00:00:00+03:00,13,71.000000,0,0.000000,0,0.000000,97,1,13,0.000000,5.461538
168252,940616.000000,2019-11-05 00:00:00+03:00,19,109.000000,0,0.000000,0,0.000000,146,1,19,0.000000,5.736842
168252,940616.000000,2019-11-06 00:00:00+03:00,25,212.000000,0,0.000000,0,0.000000,128,1,25,0.000000,8.480000
168252,940616.000000,2019-11-08 00:00:00+03:00,7,54.000000,0,0.000000,0,0.000000,93,1,7,0.000000,7.714286
168252,940616.000000,2019-11-11 00:00:00+03:00,22,107.000000,0,0.000000,0,0.000000,154,1,22,0.000000,4.863636
168252,940616.000000,2019-11-12 00:00:00+03:00,58,247.000000,0,0.000000,0,0.000000,156,1,58,0.000000,4.258621
168252,940616.000000,2019-11-13 00:00:00+03:00,18,86.000000,1,3.000000,0,0.000000,106,1,19,0.052632,4.777778
168252,940616.000000,2019-11-15 00:00:00+03:00,27,125.000000,0,0.000000,0,0.000000,250,1,27,0.000000,4.629630
168252,940616.000000,2019-11-16 00:00:00+03:00,18,75.000000,0,0.000000,0,0.000000,53,1,18,0.000000,4.166667
168252,940616.000000,2019-11-18 00:00:00+03:00,31,155.000000,0,0.000000,0,0.000000,277,1,31,0.000000,5.000000
168252,940616.000000,2019-11-19 00:00:00+03:00,28,194.000000,0,0.000000,0,0.000000,194,1,28,0.000000,6.928571
168252,940616.000000,2019-11-20 00:00:00+03:00,50,257.000000,1,3.000000,0,0.000000,166,1,51,0.019608,5.140000
168252,940616.000000,2019-11-21 00:00:00+03:00,23,134.000000,0,0.000000,0,0.000000,69,1,23,0.000000,5.826087
168252,940616.000000,2019-11-22 00:00:00+03:00,30,173.000000,2,16.000000,0,0.000000,158,1,32,0.062500,5.766667
168252,940616.000000,2019-11-26 00:00:00+03:00,80,580.000000,0,0.000000,0,0.000000,177,1,80,0.000000,7.250000
168252,940622.000000,2019-11-07 00:00:00+03:00,3,23.000000,2,290.000000,0,0.000000,0,1,5,0.400000,7.666667
168252,940622.000000,2019-11-10 00:00:00+03:00,78,363.000000,1,236.000000,0,0.000000,0,1,79,0.012658,4.653846
168252,940622.000000,2019-11-11 00:00:00+03:00,57,237.000000,3,582.000000,0,0.000000,0,1,60,0.050000,4.157895
168252,940622.000000,2019-11-12 00:00:00+03:00,0,0.000000,0,0.000000,0,0.000000,250,1,0,,
168252,940622.000000,2019-11-13 00:00:00+03:00,0,0.000000,0,0.000000,0,0.000000,97,1,0,,
168252,940622.000000,2019-11-14 00:00:00+03:00,75,328.000000,2,327.000000,0,0.000000,8,1,77,0.025974,4.373333
168252,940622.000000,2019-11-15 00:00:00+03:00,1,3.000000,0,0.000000,0,0.000000,2,1,1,0.000000,3.000000
168252,940622.000000,2019-11-17 00:00:00+03:00,30,109.000000,0,0.000000,0,0.000000,1,1,30,0.000000,3.633333
168252,940622.000000,2019-11-18 00:00:00+03:00,56,244.000000,0,0.000000,0,0.000000,19,1,56,0.000000,4.357143
168252,940622.000000,2019-11-19 00:00:00+03:00,92,350.000000,2,354.000000,0,0.000000,22,1,94,0.021277,3.804348
168252,940622.000000,2019-11-20 00:00:00+03:00,8,42.000000,0,0.000000,0,0.000000,3,1,8,0.000000,5.250000
168252,940622.000000,2019-11-22 00:00:00+03:00,45,243.000000,2,388.000000,0,0.000000,75,1,47,0.042553,5.400000
168252,940622.000000,2019-11-23 00:00:00+03:00,40,186.000000,1,274.000000,0,0.000000,72,1,41,0.024390,4.650000
168252,940622.000000,2019-11-25 00:00:00+03:00,79,386.000000,0,0.000000,0,0.000000,4,1,79,0.000000,4.886076
168252,940622.000000,2019-11-26 00:00:00+03:00,63,278.000000,1,83.000000,0,0.000000,95,1,64,0.015625,4.412698
168252,940622.000000,2019-11-27 00:00:00+03:00,36,163.000000,3,278.000000,0,0.000000,72,1,39,0.076923,4.527778
168252,940622.000000,2019-11-28 00:00:00+03:00,48,213.000000,1,12.000000,0,0.000000,86,1,49,0.020408,4.437500
168252,940624.000000,2019-11-01 00:00:00+03:00,40,256.000000,0,0.000000,0,0.000000,111,1,40,0.000000,6.400000
168252,940624.000000,2019-11-02 00:00:00+03:00,2,20.000000,0,0.000000,0,0.000000,0,1,2,0.000000,10.000000
168252,940624.000000,2019-11-03 00:00:00+03:00,16,120.000000,0,0.000000,0,0.000000,39,1,16,0.000000,7.500000
168252,940624.000000,2019-11-04 00:00:00+03:00,26,132.000000,0,0.000000,0,0.000000,71,1,26,0.000000,5.076923
168252,940624.000000,2019-11-05 00:00:00+03:00,32,223.000000,0,0.000000,0,0.000000,76,1,32,0.000000,6.968750
168252,940624.000000,2019-11-06 00:00:00+03:00,13,73.000000,0,0.000000,0,0.000000,27,1,13,0.000000,5.615385
168252,940624.000000,2019-11-09 00:00:00+03:00,19,93.000000,0,0.000000,0,0.000000,47,1,19,0.000000,4.894737
168252,940624.000000,2019-11-11 00:00:00+03:00,4,18.000000,0,0.000000,0,0.000000,4,1,4,0.000000,4.500000
168252,940624.000000,2019-11-12 00:00:00+03:00,18,93.000000,0,0.000000,0,0.000000,90,1,18,0.000000,5.166667
168252,940624.000000,2019-11-13 00:00:00+03:00,16,41.000000,0,0.000000,0,0.000000,74,1,16,0.000000,2.562500
168252,940624.000000,2019-11-14 00:00:00+03:00,27,236.000000,0,0.000000,0,0.000000,55,1,27,0.000000,8.740741
168252,940624.000000,2019-11-15 00:00:00+03:00,12,54.000000,0,0.000000,0,0.000000,50,1,12,0.000000,4.500000
168252,940624.000000,2019-11-16 00:00:00+03:00,14,59.000000,0,0.000000,0,0.000000,82,1,14,0.000000,4.214286
168252,940624.000000,2019-11-19 00:00:00+03:00,10,38.000000,0,0.000000,0,0.000000,69,1,10,0.000000,3.800000
168252,940624.000000,2019-11-20 00:00:00+03:00,11,44.000000,0,0.000000,0,0.000000,14,1,11,0.000000,4.000000
168252,940624.000000,2019-11-21 00:00:00+03:00,21,71.000000,0,0.000000,0,0.000000,52,1,21,0.000000,3.380952
168252,940624.000000,2019-11-22 00:00:00+03:00,19,92.000000,0,0.000000,0,0.000000,89,1,19,0.000000,4.842105
168252,940624.000000,2019-11-25 00:00:00+03:00,23,142.000000,0,0.000000,0,0.000000,31,1,23,0.000000,6.173913
168252,940624.000000,2019-11-26 00:00:00+03:00,41,210.000000,0,0.000000,0,0.000000,79,1,41,0.000000,5.121951
168252,940624.000000,2019-11-27 00:00:00+03:00,22,174.000000,0,0.000000,0,0.000000,68,1,22,0.000000,7.909091
168252,940624.000000,2019-11-28 00:00:00+03:00,27,166.000000,0,0.000000,0,0.000000,82,1,27,0.000000,6.148148
168252,940630.000000,2019-11-01 00:00:00+03:00,86,405.000000,1,30.000000,0,0.000000,0,1,87,0.011494,4.709302
168252,940630.000000,2019-11-03 00:00:00+03:00,75,327.000000,0,0.000000,0,0.000000,0,1,75,0.000000,4.360000
168252,940630.000000,2019-11-05 00:00:00+03:00,111,481.000000,1,135.000000,0,0.000000,1,1,112,0.008929,4.333333
168252,940630.000000,2019-11-06 00:00:00+03:00,119,658.000000,0,0.000000,0,0.000000,0,1,119,0.000000,5.529412
168252,940630.000000,2019-11-07 00:00:00+03:00,71,266.000000,0,0.000000,0,0.000000,0,1,71,0.000000,3.746479
168252,940630.000000,2019-11-10 00:00:00+03:00,56,181.000000,0,0.000000,0,0.000000,0,1,56,0.000000,3.232143
168252,940630.000000,2019-11-11 00:00:00+03:00,85,254.000000,0,0.000000,0,0.000000,0,1,85,0.000000,2.988235
168252,940630.000000,2019-11-12 00:00:00+03:00,78,261.000000,0,0.000000,0,0.000000,0,1,78,0.000000,3.346154
168252,940630.000000,2019-11-13 00:00:00+03:00,92,272.000000,2,227.000000,0,0.000000,0,1,94,0.021277,2.956522
168252,940630.000000,2019-11-14 00:00:00+03:00,85,295.000000,0,0.000000,0,0.000000,0,1,85,0.000000,3.470588
168252,940630.000000,2019-11-17 00:00:00+03:00,61,249.000000,1,452.000000,0,0.000000,0,1,62,0.016129,4.081967
168252,940630.000000,2019-11-18 00:00:00+03:00,87,298.000000,0,0.000000,0,0.000000,0,1,87,0.000000,3.425287
168252,940630.000000,2019-11-19 00:00:00+03:00,73,263.000000,0,0.000000,0,0.000000,0,1,73,0.000000,3.602740
168252,940630.000000,2019-11-20 00:00:00+03:00,95,354.000000,0,0.000000,0,0.000000,0,1,95,0.000000,3.726316
168252,940630.000000,2019-11-21 00:00:00+03:00,56,176.000000,1,58.000000,0,0.000000,0,1,57,0.017544,3.142857
168252,940630.000000,2019-11-24 00:00:00+03:00,11,63.000000,1,12.000000,0,0.000000,142,1,12,0.083333,5.727273
168252,940630.000000,2019-11-25 00:00:00+03:00,95,384.000000,2,747.000000,0,0.000000,9,1,97,0.020619,4.042105
168252,940630.000000,2019-11-26 00:00:00+03:00,154,567.000000,1,384.000000,0,0.000000,0,1,155,0.006452,3.681818
168252,940630.000000,2019-11-27 00:00:00+03:00,68,232.000000,0,0.000000,0,0.000000,0,1,68,0.000000,3.411765
168252,940634.000000,2019-11-02 00:00:00+03:00,8,44.000000,0,0.000000,0,0.000000,74,1,8,0.000000,5.500000
168252,940634.000000,2019-11-04 00:00:00+03:00,20,232.000000,0,0.000000,0,0.000000,95,1,20,0.000000,11.600000
168252,940634.000000,2019-11-05 00:00:00+03:00,26,218.000000,0,0.000000,0,0.000000,94,1,26,0.000000,8.384615
168252,940634.000000,2019-11-07 00:00:00+03:00,21,151.000000,1,4.000000,0,0.000000,105,1,22,0.045455,7.190476
168252,940634.000000,2019-11-08 00:00:00+03:00,16,70.000000,0,0.000000,0,0.000000,96,1,16,0.000000,4.375000
168252,940634.000000,2019-11-09 00:00:00+03:00,3,10.000000,0,0.000000,0,0.000000,76,1,3,0.000000,3.333333
168252,940634.000000,2019-11-10 00:00:00+03:00,12,52.000000,0,0.000000,0,0.000000,88,1,12,0.000000,4.333333
168252,940634.000000,2019-11-11 00:00:00+03:00,15,360.000000,0,0.000000,0,0.000000,132,1,15,0.000000,24.000000
168252,940634.000000,2019-11-21 00:00:00+03:00,16,86.000000,1,476.000000,0,0.000000,107,1,17,0.058824,5.375000
168252,940634.000000,2019-11-22 00:00:00+03:00,19,249.000000,0,0.000000,0,0.000000,92,1,19,0.000000,13.105263
168252,940634.000000,2019-11-23 00:00:00+03:00,10,114.000000,0,0.000000,0,0.000000,62,1,10,0.000000,11.400000
168252,940634.000000,2019-11-24 00:00:00+03:00,15,105.000000,0,0.000000,0,0.000000,86,1,15,0.000000,7.000000
168252,940634.000000,2019-11-27 00:00:00+03:00,33,271.000000,1,8.000000,0,0.000000,104,1,34,0.029412,8.212121
168252,940634.000000,2019-11-28 00:00:00+03:00,42,468.000000,0,0.000000,0,0.000000,129,1,42,0.000000,11.142857
168252,940652.000000,2019-11-07 00:00:00+03:00,2,13.000000,0,0.000000,0,0.000000,0,1,2,0.000000,6.500000
168252,940652.000000,2019-11-08 00:00:00+03:00,4,37.000000,0,0.000000,0,0.000000,0,1,4,0.000000,9.250000
168252,940652.000000,2019-11-09 00:00:00+03:00,53,228.000000,0,0.000000,0,0.000000,3,1,53,0.000000,4.301887
168252,940652.000000,2019-11-11 00:00:00+03:00,8,32.000000,0,0.000000,0,0.000000,0,1,8,0.000000,4.000000
168252,940652.000000,2019-11-12 00:00:00+03:00,2,6.000000,0,0.000000,0,0.000000,0,1,2,0.000000,3.000000
168252,940652.000000,2019-11-13 00:00:00+03:00,5,14.000000,1,96.000000,0,0.000000,4,1,6,0.166667,2.800000
168252,940652.000000,2019-11-14 00:00:00+03:00,5,21.000000,1,105.000000,0,0.000000,29,1,6,0.166667,4.200000
168252,940652.000000,2019-11-15 00:00:00+03:00,4,10.000000,0,0.000000,0,0.000000,0,1,4,0.000000,2.500000
168252,940652.000000,2019-11-16 00:00:00+03:00,4,14.000000,1,101.000000,0,0.000000,0,1,5,0.200000,3.500000
168252,940652.000000,2019-11-18 00:00:00+03:00,3,21.000000,0,0.000000,0,0.000000,27,1,3,0.000000,7.000000
168252,940652.000000,2019-11-19 00:00:00+03:00,48,158.000000,3,322.000000,0,0.000000,0,1,51,0.058824,3.291667
168252,940652.000000,2019-11-20 00:00:00+03:00,41,153.000000,0,0.000000,0,0.000000,0,1,41,0.000000,3.731707
168252,940652.000000,2019-11-21 00:00:00+03:00,43,148.000000,0,0.000000,0,0.000000,165,1,43,0.000000,3.441860
168252,940652.000000,2019-11-22 00:00:00+03:00,33,170.000000,0,0.000000,0,0.000000,135,1,33,0.000000,5.151515
168252,940652.000000,2019-11-23 00:00:00+03:00,19,115.000000,0,0.000000,0,0.000000,144,1,19,0.000000,6.052632
168252,940652.000000,2019-11-24 00:00:00+03:00,3,15.000000,0,0.000000,0,0.000000,0,1,3,0.000000,5.000000
168252,940652.000000,2019-11-25 00:00:00+03:00,52,201.000000,2,331.000000,0,0.000000,156,1,54,0.037037,3.865385
168252,940652.000000,2019-11-26 00:00:00+03:00,22,120.000000,0,0.000000,0,0.000000,98,1,22,0.000000,5.454545
168252,940652.000000,2019-11-27 00:00:00+03:00,25,123.000000,0,0.000000,0,0.000000,123,1,25,0.000000,4.920000
168252,940652.000000,2019-11-28 00:00:00+03:00,29,87.000000,1,87.000000,0,0.000000,78,1,30,0.033333,3.000000
168252,940658.000000,2019-11-02 00:00:00+03:00,15,141.000000,0,0.000000,0,0.000000,23,1,15,0.000000,9.400000
168252,940658.000000,2019-11-04 00:00:00+03:00,15,68.000000,0,0.000000,0,0.000000,49,1,15,0.000000,4.533333
168252,940658.000000,2019-11-05 00:00:00+03:00,30,118.000000,0,0.000000,0,0.000000,45,1,30,0.000000,3.933333
168252,940658.000000,2019-11-07 00:00:00+03:00,31,214.000000,0,0.000000,0,0.000000,87,1,31,0.000000,6.903226
168252,940658.000000,2019-11-08 00:00:00+03:00,22,104.000000,0,0.000000,0,0.000000,46,1,22,0.000000,4.727273
168252,940658.000000,2019-11-11 00:00:00+03:00,32,110.000000,0,0.000000,0,0.000000,97,1,32,0.000000,3.437500
168252,940658.000000,2019-11-12 00:00:00+03:00,67,371.000000,0,0.000000,0,0.000000,61,1,67,0.000000,5.537313
168252,940658.000000,2019-11-13 00:00:00+03:00,20,149.000000,0,0.000000,0,0.000000,115,1,20,0.000000,7.450000
168252,940658.000000,2019-11-15 00:00:00+03:00,26,95.000000,1,3.000000,0,0.000000,100,1,27,0.037037,3.653846
168252,940658.000000,2019-11-17 00:00:00+03:00,4,34.000000,0,0.000000,0,0.000000,19,1,4,0.000000,8.500000
168252,940658.000000,2019-11-18 00:00:00+03:00,28,110.000000,1,235.000000,0,0.000000,149,1,29,0.034483,3.928571
168252,940658.000000,2019-11-19 00:00:00+03:00,22,68.000000,0,0.000000,0,0.000000,142,1,22,0.000000,3.090909
168252,940658.000000,2019-11-22 00:00:00+03:00,44,183.000000,0,0.000000,0,0.000000,94,1,44,0.000000,4.159091
168252,940658.000000,2019-11-23 00:00:00+03:00,26,154.000000,1,4.000000,0,0.000000,94,1,27,0.037037,5.923077
168252,940658.000000,2019-11-25 00:00:00+03:00,44,209.000000,0,0.000000,0,0.000000,96,1,44,0.000000,4.750000
168252,940658.000000,2019-11-26 00:00:00+03:00,77,458.000000,6,78.000000,0,0.000000,123,1,83,0.072289,5.948052
168252,940658.000000,2019-11-27 00:00:00+03:00,56,314.000000,0,0.000000,0,0.000000,84,1,56,0.000000,5.607143
168252,940658.000000,2019-11-28 00:00:00+03:00,48,146.000000,0,0.000000,0,0.000000,71,1,48,0.000000,3.041667
168252,940782.000000,2019-11-01 00:00:00+03:00,0,0.000000,0,0.000000,0,0.000000,2,1,0,,
168252,940788.000000,2019-11-14 00:00:00+03:00,0,0.000000,0,0.000000,0,0.000000,0,1,0,,
168252,940788.000000,2019-11-15 00:00:00+03:00,0,0.000000,0,0.000000,0,0.000000,0,1,0,,
168252,940788.000000,2019-11-18 00:00:00+03:00,0,0.000000,0,0.000000,0,0.000000,0,1,0,,
168252,940788.000000,2019-11-19 00:00:00+03:00,0,0.000000,0,0.000000,0,0.000000,0,1,0,,
168252,940788.000000,2019-11-26 00:00:00+03:00,0,0.000000,0,0.000000,0,0.000000,0,1,0,,
168252,940802.000000,2019-11-07 00:00:00+03:00,0,0.000000,0,0.000000,0,0.000000,2,1,0,,
168252,940802.000000,2019-11-08 00:00:00+03:00,0,0.000000,0,0.000000,0,0.000000,2,1,0,,
168252,940814.000000,2019-11-08 00:00:00+03:00,0,0.000000,0,0.000000,0,0.000000,2,1,0,,
168252,940828.000000,2019-11-09 00:00:00+03:00,2,4.000000,0,0.000000,0,0.000000,0,1,2,0.000000,2.000000
168252,940828.000000,2019-11-26 00:00:00+03:00,0,0.000000,0,0.000000,0,0.000000,12,1,0,,
168252,940842.000000,2019-11-06 00:00:00+03:00,0,0.000000,0,0.000000,0,0.000000,0,1,0,,
168252,940848.000000,2019-11-07 00:00:00+03:00,0,0.000000,0,0.000000,0,0.000000,2,1,0,,
168252,944310.000000,2019-11-07 00:00:00+03:00,2,12.000000,0,0.000000,0,0.000000,0,1,2,0.000000,6.000000
168252,944310.000000,2019-11-09 00:00:00+03:00,1,3.000000,0,0.000000,0,0.000000,0,1,1,0.000000,3.000000
168252,950972.000000,2019-11-18 00:00:00+03:00,0,0.000000,0,0.000000,0,0.000000,7,1,0,,
168252,950972.000000,2019-11-19 00:00:00+03:00,1,96.000000,0,0.000000,0,0.000000,169,1,1,0.000000,96.000000
168252,950972.000000,2019-11-20 00:00:00+03:00,0,0.000000,0,0.000000,0,0.000000,208,1,0,,
168252,950972.000000,2019-11-21 00:00:00+03:00,1,7.000000,0,0.000000,0,0.000000,84,1,1,0.000000,7.000000
168252,950972.000000,2019-11-22 00:00:00+03:00,1,11.000000,0,0.000000,0,0.000000,88,1,1,0.000000,11.000000
168252,950972.000000,2019-11-25 00:00:00+03:00,0,0.000000,0,0.000000,0,0.000000,116,1,0,,
168252,950972.000000,2019-11-26 00:00:00+03:00,0,0.000000,0,0.000000,0,0.000000,67,1,0,,
168252,950972.000000,2019-11-27 00:00:00+03:00,1,3.000000,0,0.000000,0,0.000000,101,1,1,0.000000,3.000000
168252,950972.000000,2019-11-28 00:00:00+03:00,0,0.000000,0,0.000000,0,0.000000,53,1,0,,
168252,956080.000000,2019-11-07 00:00:00+03:00,1,40.000000,0,0.000000,0,0.000000,0,1,1,0.000000,40.000000
168252,956080.000000,2019-11-25 00:00:00+03:00,2,124.000000,0,0.000000,0,0.000000,0,1,2,0.000000,62.000000
168252,956080.000000,2019-11-26 00:00:00+03:00,2,88.000000,0,0.000000,0,0.000000,0,1,2,0.000000,44.000000
168252,961064.000000,2019-11-19 00:00:00+03:00,2,18.000000,0,0.000000,0,0.000000,124,1,2,0.000000,9.000000
168252,961064.000000,2019-11-20 00:00:00+03:00,1,4.000000,0,0.000000,0,0.000000,109,1,1,0.000000,4.000000
168252,961064.000000,2019-11-21 00:00:00+03:00,3,62.000000,0,0.000000,0,0.000000,84,1,3,0.000000,20.666667
168252,961064.000000,2019-11-22 00:00:00+03:00,7,22.000000,0,0.000000,0,0.000000,139,1,7,0.000000,3.142857
168252,961064.000000,2019-11-25 00:00:00+03:00,6,63.000000,0,0.000000,0,0.000000,133,1,6,0.000000,10.500000
168252,961064.000000,2019-11-26 00:00:00+03:00,0,0.000000,0,0.000000,0,0.000000,74,1,0,,
168252,961064.000000,2019-11-27 00:00:00+03:00,5,13.000000,0,0.000000,0,0.000000,164,1,5,0.000000,2.600000
168252,961064.000000,2019-11-28 00:00:00+03:00,0,0.000000,0,0.000000,0,0.000000,77,1,0,,
168252,964666.000000,2019-11-19 00:00:00+03:00,4,62.000000,0,0.000000,0,0.000000,103,1,4,0.000000,15.500000
168252,964666.000000,2019-11-20 00:00:00+03:00,2,16.000000,0,0.000000,0,0.000000,181,1,2,0.000000,8.000000
168252,964666.000000,2019-11-21 00:00:00+03:00,5,18.000000,2,211.000000,0,0.000000,115,1,7,0.285714,3.600000
168252,964666.000000,2019-11-22 00:00:00+03:00,10,401.000000,0,0.000000,0,0.000000,110,1,10,0.000000,40.100000
168252,964666.000000,2019-11-25 00:00:00+03:00,16,73.000000,0,0.000000,0,0.000000,222,1,16,0.000000,4.562500
168252,964666.000000,2019-11-26 00:00:00+03:00,5,22.000000,1,94.000000,0,0.000000,143,1,6,0.166667,4.400000
168252,966686.000000,2019-11-21 00:00:00+03:00,2,33.000000,0,0.000000,0,0.000000,0,1,2,0.000000,16.500000
168253,952948.000000,2019-11-01 00:00:00+03:00,6,24.000000,0,0.000000,0,0.000000,1,1,6,0.000000,4.000000
168253,952948.000000,2019-11-03 00:00:00+03:00,0,0.000000,0,0.000000,0,0.000000,0,1,0,,
168253,952948.000000,2019-11-05 00:00:00+03:00,118,133.000000,0,0.000000,0,0.000000,37,1,118,0.000000,1.127119
168253,952948.000000,2019-11-06 00:00:00+03:00,132,180.000000,0,0.000000,0,0.000000,52,1,132,0.000000,1.363636
168253,952948.000000,2019-11-07 00:00:00+03:00,165,232.000000,1,1.000000,0,0.000000,59,1,166,0.006024,1.406061
168253,952948.000000,2019-11-08 00:00:00+03:00,170,252.000000,0,0.000000,0,0.000000,56,1,170,0.000000,1.482353
168253,952948.000000,2019-11-09 00:00:00+03:00,45,53.000000,0,0.000000,0,0.000000,14,1,45,0.000000,1.177778
168253,952948.000000,2019-11-10 00:00:00+03:00,28,300.000000,0,0.000000,0,0.000000,9,1,28,0.000000,10.714286
168253,952948.000000,2019-11-11 00:00:00+03:00,350,464.000000,0,0.000000,0,0.000000,29,1,350,0.000000,1.325714
168253,952948.000000,2019-11-12 00:00:00+03:00,384,660.000000,0,0.000000,0,0.000000,125,1,384,0.000000,1.718750
168253,952948.000000,2019-11-13 00:00:00+03:00,187,299.000000,1,2.000000,0,0.000000,67,1,188,0.005319,1.598930
168253,952948.000000,2019-11-14 00:00:00+03:00,148,183.000000,0,0.000000,0,0.000000,39,1,148,0.000000,1.236486
168253,952948.000000,2019-11-15 00:00:00+03:00,178,203.000000,0,0.000000,0,0.000000,36,1,178,0.000000,1.140449
168253,952948.000000,2019-11-16 00:00:00+03:00,59,72.000000,0,0.000000,0,0.000000,12,1,59,0.000000,1.220339
168253,952948.000000,2019-11-17 00:00:00+03:00,27,346.000000,0,0.000000,0,0.000000,12,1,27,0.000000,12.814815
168253,952948.000000,2019-11-18 00:00:00+03:00,223,297.000000,0,0.000000,0,0.000000,21,1,223,0.000000,1.331839
168253,952948.000000,2019-11-19 00:00:00+03:00,190,413.000000,0,0.000000,0,0.000000,41,1,190,0.000000,2.173684
168253,952948.000000,2019-11-20 00:00:00+03:00,165,206.000000,1,1.000000,0,0.000000,31,1,166,0.006024,1.248485
168253,952948.000000,2019-11-21 00:00:00+03:00,378,550.000000,1,1.000000,0,0.000000,114,1,379,0.002639,1.455026
168253,952948.000000,2019-11-22 00:00:00+03:00,203,318.000000,0,0.000000,0,0.000000,122,1,203,0.000000,1.566502
168253,952948.000000,2019-11-23 00:00:00+03:00,62,83.000000,0,0.000000,0,0.000000,18,1,62,0.000000,1.338710
168253,952948.000000,2019-11-24 00:00:00+03:00,13,128.000000,0,0.000000,0,0.000000,9,1,13,0.000000,9.846154
168253,952948.000000,2019-11-25 00:00:00+03:00,273,383.000000,0,0.000000,0,0.000000,122,1,273,0.000000,1.402930
168253,952948.000000,2019-11-26 00:00:00+03:00,234,350.000000,1,1.000000,0,0.000000,108,1,235,0.004255,1.495726
168253,952948.000000,2019-11-27 00:00:00+03:00,175,235.000000,1,1.000000,0,0.000000,74,1,176,0.005682,1.342857
168253,952948.000000,2019-11-28 00:00:00+03:00,191,252.000000,2,2.000000,0,0.000000,64,1,193,0.010363,1.319372
168253,952954.000000,2019-11-01 00:00:00+03:00,1,1.000000,0,0.000000,0,0.000000,0,1,1,0.000000,1.000000
168253,952954.000000,2019-11-22 00:00:00+03:00,2,2.000000,0,0.000000,0,0.000000,0,1,2,0.000000,1.000000
168264,951490.000000,2019-11-02 00:00:00+03:00,1,14.000000,0,0.000000,0,0.000000,0,1,1,0.000000,14.000000
168264,951490.000000,2019-11-05 00:00:00+03:00,1,10.000000,0,0.000000,0,0.000000,0,1,1,0.000000,10.000000
168264,951490.000000,2019-11-06 00:00:00+03:00,1,15.000000,0,0.000000,0,0.000000,0,1,1,0.000000,15.000000
168264,951490.000000,2019-11-08 00:00:00+03:00,1,8.000000,0,0.000000,0,0.000000,0,1,1,0.000000,8.000000
168264,951490.000000,2019-11-09 00:00:00+03:00,2,30.000000,0,0.000000,0,0.000000,0,1,2,0.000000,15.000000
168264,951490.000000,2019-11-12 00:00:00+03:00,4,40.000000,0,0.000000,0,0.000000,0,1,4,0.000000,10.000000
168264,951490.000000,2019-11-15 00:00:00+03:00,2,24.000000,0,0.000000,0,0.000000,0,1,2,0.000000,12.000000
168264,951490.000000,2019-11-18 00:00:00+03:00,1,11.000000,0,0.000000,0,0.000000,0,1,1,0.000000,11.000000
168264,951490.000000,2019-11-19 00:00:00+03:00,1,9.000000,0,0.000000,0,0.000000,0,1,1,0.000000,9.000000
168264,951490.000000,2019-11-20 00:00:00+03:00,3,120.000000,0,0.000000,0,0.000000,0,1,3,0.000000,40.000000
168264,951490.000000,2019-11-21 00:00:00+03:00,1,16.000000,0,0.000000,0,0.000000,0,1,1,0.000000,16.000000
168264,951490.000000,2019-11-22 00:00:00+03:00,4,46.000000,0,0.000000,0,0.000000,0,1,4,0.000000,11.500000
168264,951490.000000,2019-11-25 00:00:00+03:00,3,32.000000,0,0.000000,0,0.000000,0,1,3,0.000000,10.666667
168264,951490.000000,2019-11-27 00:00:00+03:00,6,54.000000,0,0.000000,0,0.000000,0,1,6,0.000000,9.000000
168271,944764.000000,2019-11-01 00:00:00+03:00,5,78.000000,0,0.000000,0,0.000000,2,1,5,0.000000,15.600000
168271,944764.000000,2019-11-07 00:00:00+03:00,3,13.000000,0,0.000000,0,0.000000,1,1,3,0.000000,4.333333
168271,944764.000000,2019-11-08 00:00:00+03:00,2,20.000000,0,0.000000,0,0.000000,0,1,2,0.000000,10.000000
168271,944764.000000,2019-11-09 00:00:00+03:00,4,30.000000,0,0.000000,0,0.000000,2,1,4,0.000000,7.500000
168271,944764.000000,2019-11-12 00:00:00+03:00,1,28.000000,0,0.000000,0,0.000000,0,1,1,0.000000,28.000000
168271,944764.000000,2019-11-13 00:00:00+03:00,1,18.000000,0,0.000000,0,0.000000,0,1,1,0.000000,18.000000
168271,944764.000000,2019-11-14 00:00:00+03:00,2,11.000000,0,0.000000,0,0.000000,2,1,2,0.000000,5.500000
168271,944764.000000,2019-11-15 00:00:00+03:00,3,34.000000,0,0.000000,0,0.000000,1,1,3,0.000000,11.333333
168271,944764.000000,2019-11-18 00:00:00+03:00,1,7.000000,0,0.000000,0,0.000000,0,1,1,0.000000,7.000000
168271,944764.000000,2019-11-19 00:00:00+03:00,9,55.000000,0,0.000000,0,0.000000,4,1,9,0.000000,6.111111
168271,944764.000000,2019-11-20 00:00:00+03:00,42,263.000000,1,5.000000,0,0.000000,19,1,43,0.023256,6.261905
168271,944764.000000,2019-11-21 00:00:00+03:00,38,251.000000,0,0.000000,0,0.000000,32,1,38,0.000000,6.605263
168271,944764.000000,2019-11-22 00:00:00+03:00,36,261.000000,0,0.000000,0,0.000000,28,1,36,0.000000,7.250000
168271,944764.000000,2019-11-23 00:00:00+03:00,25,146.000000,0,0.000000,0,0.000000,4,1,25,0.000000,5.840000
168271,944764.000000,2019-11-25 00:00:00+03:00,55,392.000000,1,5.000000,0,0.000000,64,1,56,0.017857,7.127273
168271,944764.000000,2019-11-26 00:00:00+03:00,48,341.000000,0,0.000000,0,0.000000,9,1,48,0.000000,7.104167
168271,944764.000000,2019-11-27 00:00:00+03:00,37,223.000000,0,0.000000,0,0.000000,82,1,37,0.000000,6.027027
168271,944764.000000,2019-11-28 00:00:00+03:00,38,247.000000,0,0.000000,0,0.000000,36,1,38,0.000000,6.500000
168271,944766.000000,2019-11-01 00:00:00+03:00,1,3.000000,0,0.000000,0,0.000000,6,1,1,0.000000,3.000000
168271,944766.000000,2019-11-07 00:00:00+03:00,1,11.000000,0,0.000000,0,0.000000,1,1,1,0.000000,11.000000
168271,944766.000000,2019-11-08 00:00:00+03:00,20,162.000000,0,0.000000,0,0.000000,18,1,20,0.000000,8.100000
168271,944766.000000,2019-11-09 00:00:00+03:00,18,126.000000,1,10.000000,0,0.000000,71,1,19,0.052632,7.000000
168271,944766.000000,2019-11-11 00:00:00+03:00,33,275.000000,0,0.000000,0,0.000000,12,1,33,0.000000,8.333333
168271,944766.000000,2019-11-12 00:00:00+03:00,12,92.000000,0,0.000000,0,0.000000,0,1,12,0.000000,7.666667
168271,944766.000000,2019-11-14 00:00:00+03:00,11,129.000000,0,0.000000,0,0.000000,14,1,11,0.000000,11.727273
168271,944766.000000,2019-11-15 00:00:00+03:00,17,151.000000,0,0.000000,0,0.000000,13,1,17,0.000000,8.882353
168271,944766.000000,2019-11-16 00:00:00+03:00,16,172.000000,0,0.000000,0,0.000000,0,1,16,0.000000,10.750000
168271,944766.000000,2019-11-18 00:00:00+03:00,21,228.000000,0,0.000000,0,0.000000,7,1,21,0.000000,10.857143
168271,944766.000000,2019-11-19 00:00:00+03:00,1,16.000000,0,0.000000,0,0.000000,0,1,1,0.000000,16.000000
168271,954650.000000,2019-11-05 00:00:00+03:00,0,0.000000,0,0.000000,0,0.000000,2,1,0,,
168271,954650.000000,2019-11-07 00:00:00+03:00,1,8.000000,0,0.000000,0,0.000000,1,1,1,0.000000,8.000000
168271,954650.000000,2019-11-08 00:00:00+03:00,37,463.000000,0,0.000000,0,0.000000,43,1,37,0.000000,12.513514
168271,954650.000000,2019-11-09 00:00:00+03:00,14,134.000000,0,0.000000,0,0.000000,82,1,14,0.000000,9.571429
168271,954650.000000,2019-11-11 00:00:00+03:00,60,694.000000,1,11.000000,0,0.000000,82,1,61,0.016393,11.566667
168271,954650.000000,2019-11-12 00:00:00+03:00,54,532.000000,0,0.000000,0,0.000000,65,1,54,0.000000,9.851852
168271,954650.000000,2019-11-13 00:00:00+03:00,40,408.000000,0,0.000000,0,0.000000,37,1,40,0.000000,10.200000
168271,954650.000000,2019-11-14 00:00:00+03:00,42,399.000000,2,17.000000,0,0.000000,64,1,44,0.045455,9.500000
168271,954650.000000,2019-11-15 00:00:00+03:00,39,370.000000,0,0.000000,0,0.000000,9,1,39,0.000000,9.487179
168271,954650.000000,2019-11-16 00:00:00+03:00,9,83.000000,0,0.000000,0,0.000000,54,1,9,0.000000,9.222222
168271,954650.000000,2019-11-18 00:00:00+03:00,48,520.000000,0,0.000000,0,0.000000,70,1,48,0.000000,10.833333
168271,954650.000000,2019-11-19 00:00:00+03:00,48,478.000000,0,0.000000,0,0.000000,48,1,48,0.000000,9.958333
168271,954650.000000,2019-11-20 00:00:00+03:00,9,89.000000,0,0.000000,0,0.000000,53,1,9,0.000000,9.888889
168271,954650.000000,2019-11-21 00:00:00+03:00,11,105.000000,0,0.000000,0,0.000000,48,1,11,0.000000,9.545455
168271,954650.000000,2019-11-22 00:00:00+03:00,5,54.000000,0,0.000000,0,0.000000,32,1,5,0.000000,10.800000
168271,954650.000000,2019-11-23 00:00:00+03:00,1,20.000000,0,0.000000,0,0.000000,63,1,1,0.000000,20.000000
168271,954650.000000,2019-11-25 00:00:00+03:00,18,217.000000,0,0.000000,0,0.000000,22,1,18,0.000000,12.055556
168271,954650.000000,2019-11-26 00:00:00+03:00,7,84.000000,0,0.000000,0,0.000000,48,1,7,0.000000,12.000000
168271,954650.000000,2019-11-27 00:00:00+03:00,8,52.000000,0,0.000000,0,0.000000,86,1,8,0.000000,6.500000
168271,954650.000000,2019-11-28 00:00:00+03:00,8,73.000000,0,0.000000,0,0.000000,78,1,8,0.000000,9.125000
168275,940952.000000,2019-11-05 00:00:00+03:00,5,4.000000,0,0.000000,0,0.000000,0,1,5,0.000000,0.800000
168275,940952.000000,2019-11-06 00:00:00+03:00,15,23.000000,0,0.000000,0,0.000000,3,1,15,0.000000,1.533333
168275,940952.000000,2019-11-07 00:00:00+03:00,1,5.000000,0,0.000000,0,0.000000,0,1,1,0.000000,5.000000
168275,940952.000000,2019-11-08 00:00:00+03:00,0,0.000000,0,0.000000,0,0.000000,1,1,0,,
168275,940952.000000,2019-11-11 00:00:00+03:00,2,12.000000,0,0.000000,0,0.000000,4,1,2,0.000000,6.000000
168275,940952.000000,2019-11-13 00:00:00+03:00,20,266.000000,0,0.000000,0,0.000000,15,1,20,0.000000,13.300000
168275,940952.000000,2019-11-14 00:00:00+03:00,2,56.000000,0,0.000000,0,0.000000,0,1,2,0.000000,28.000000
168275,940952.000000,2019-11-15 00:00:00+03:00,26,286.000000,0,0.000000,0,0.000000,33,1,26,0.000000,11.000000
168275,940952.000000,2019-11-16 00:00:00+03:00,25,289.000000,0,0.000000,0,0.000000,25,1,25,0.000000,11.560000
168275,940952.000000,2019-11-17 00:00:00+03:00,18,288.000000,0,0.000000,0,0.000000,3,1,18,0.000000,16.000000
168275,940952.000000,2019-11-18 00:00:00+03:00,0,0.000000,0,0.000000,0,0.000000,1,1,0,,
168275,940952.000000,2019-11-19 00:00:00+03:00,0,0.000000,0,0.000000,0,0.000000,1,1,0,,
168275,940952.000000,2019-11-22 00:00:00+03:00,1,2.000000,0,0.000000,0,0.000000,0,1,1,0.000000,2.000000
168275,940952.000000,2019-11-23 00:00:00+03:00,5,110.000000,0,0.000000,0,0.000000,2,1,5,0.000000,22.000000
168275,940952.000000,2019-11-24 00:00:00+03:00,15,254.000000,0,0.000000,0,0.000000,11,1,15,0.000000,16.933333
168275,940952.000000,2019-11-25 00:00:00+03:00,29,495.000000,0,0.000000,0,0.000000,10,1,29,0.000000,17.068966
168275,940952.000000,2019-11-26 00:00:00+03:00,0,0.000000,0,0.000000,0,0.000000,1,1,0,,
168291,946454.000000,2019-11-22 00:00:00+03:00,0,0.000000,0,0.000000,0,0.000000,8,1,0,,
168291,946454.000000,2019-11-28 00:00:00+03:00,0,0.000000,0,0.000000,0,0.000000,5,1,0,,
168295,960620.000000,2019-11-13 00:00:00+03:00,1,10.000000,0,0.000000,0,0.000000,3,1,1,0.000000,10.000000
168295,960620.000000,2019-11-18 00:00:00+03:00,2,29.000000,0,0.000000,0,0.000000,10,1,2,0.000000,14.500000
168295,960620.000000,2019-11-19 00:00:00+03:00,2,34.000000,0,0.000000,0,0.000000,5,1,2,0.000000,17.000000
168295,960620.000000,2019-11-20 00:00:00+03:00,7,121.000000,0,0.000000,0,0.000000,5,1,7,0.000000,17.285714
168295,960620.000000,2019-11-21 00:00:00+03:00,20,248.000000,0,0.000000,0,0.000000,8,1,20,0.000000,12.400000
168295,960620.000000,2019-11-22 00:00:00+03:00,26,316.000000,0,0.000000,0,0.000000,11,1,26,0.000000,12.153846
168295,960620.000000,2019-11-25 00:00:00+03:00,6,84.000000,0,0.000000,0,0.000000,5,1,6,0.000000,14.000000
168295,960620.000000,2019-11-26 00:00:00+03:00,0,0.000000,0,0.000000,0,0.000000,2,1,0,,
168295,960620.000000,2019-11-27 00:00:00+03:00,12,206.000000,0,0.000000,0,0.000000,12,1,12,0.000000,17.166667
168295,960620.000000,2019-11-28 00:00:00+03:00,2,71.000000,1,14.000000,0,0.000000,3,1,3,0.333333,35.500000
168295,960648.000000,2019-11-13 00:00:00+03:00,0,0.000000,0,0.000000,0,0.000000,1,1,0,,
168295,960648.000000,2019-11-18 00:00:00+03:00,1,8.000000,0,0.000000,0,0.000000,5,1,1,0.000000,8.000000
168295,960648.000000,2019-11-19 00:00:00+03:00,8,136.000000,0,0.000000,0,0.000000,3,1,8,0.000000,17.000000
168295,960648.000000,2019-11-20 00:00:00+03:00,3,49.000000,0,0.000000,0,0.000000,3,1,3,0.000000,16.333333
168295,960648.000000,2019-11-21 00:00:00+03:00,6,181.000000,0,0.000000,0,0.000000,12,1,6,0.000000,30.166667
168295,960648.000000,2019-11-22 00:00:00+03:00,1,18.000000,0,0.000000,0,0.000000,0,1,1,0.000000,18.000000
168295,960648.000000,2019-11-25 00:00:00+03:00,4,43.000000,0,0.000000,0,0.000000,11,1,4,0.000000,10.750000
168295,960648.000000,2019-11-26 00:00:00+03:00,7,103.000000,0,0.000000,0,0.000000,23,1,7,0.000000,14.714286
168295,960648.000000,2019-11-27 00:00:00+03:00,0,0.000000,0,0.000000,0,0.000000,5,1,0,,
168295,960648.000000,2019-11-28 00:00:00+03:00,3,41.000000,0,0.000000,0,0.000000,15,1,3,0.000000,13.666667
168303,949252.000000,2019-11-25 00:00:00+03:00,2,28.000000,0,0.000000,0,0.000000,0,1,2,0.000000,14.000000
168307,945046.000000,2019-11-01 00:00:00+03:00,1,3.000000,0,0.000000,0,0.000000,6,1,1,0.000000,3.000000
168307,945052.000000,2019-11-01 00:00:00+03:00,2,13.000000,0,0.000000,0,0.000000,0,1,2,0.000000,6.500000
168315,952734.000000,2019-11-01 00:00:00+03:00,8,8.000000,0,0.000000,0,0.000000,0,1,8,0.000000,1.000000
168315,952734.000000,2019-11-03 00:00:00+03:00,2,1.000000,0,0.000000,0,0.000000,0,1,2,0.000000,0.500000
168315,952734.000000,2019-11-04 00:00:00+03:00,1,1.000000,0,0.000000,0,0.000000,0,1,1,0.000000,1.000000
168315,952734.000000,2019-11-05 00:00:00+03:00,17,20.000000,0,0.000000,0,0.000000,0,1,17,0.000000,1.176471
168315,952734.000000,2019-11-06 00:00:00+03:00,63,66.000000,0,0.000000,0,0.000000,0,1,63,0.000000,1.047619
168315,952734.000000,2019-11-07 00:00:00+03:00,35,38.000000,0,0.000000,0,0.000000,0,1,35,0.000000,1.085714
168315,952734.000000,2019-11-08 00:00:00+03:00,25,28.000000,0,0.000000,0,0.000000,0,1,25,0.000000,1.120000
168315,952734.000000,2019-11-11 00:00:00+03:00,55,57.000000,0,0.000000,0,0.000000,0,1,55,0.000000,1.036364
168315,952734.000000,2019-11-12 00:00:00+03:00,35,56.000000,0,0.000000,0,0.000000,0,1,35,0.000000,1.600000
168315,952734.000000,2019-11-13 00:00:00+03:00,62,63.000000,0,0.000000,0,0.000000,0,1,62,0.000000,1.016129
168315,952734.000000,2019-11-14 00:00:00+03:00,35,35.000000,0,0.000000,0,0.000000,0,1,35,0.000000,1.000000
168315,952734.000000,2019-11-15 00:00:00+03:00,86,94.000000,0,0.000000,0,0.000000,0,1,86,0.000000,1.093023
168315,952734.000000,2019-11-16 00:00:00+03:00,1,1.000000,0,0.000000,0,0.000000,0,1,1,0.000000,1.000000
168315,952734.000000,2019-11-18 00:00:00+03:00,12,15.000000,0,0.000000,0,0.000000,0,1,12,0.000000,1.250000
168315,952734.000000,2019-11-19 00:00:00+03:00,7,7.000000,0,0.000000,0,0.000000,0,1,7,0.000000,1.000000
168315,952734.000000,2019-11-20 00:00:00+03:00,5,6.000000,0,0.000000,0,0.000000,0,1,5,0.000000,1.200000
168315,952734.000000,2019-11-21 00:00:00+03:00,1,1.000000,0,0.000000,0,0.000000,0,1,1,0.000000,1.000000
168315,952734.000000,2019-11-22 00:00:00+03:00,1,1.000000,0,0.000000,0,0.000000,0,1,1,0.000000,1.000000
168315,952734.000000,2019-11-27 00:00:00+03:00,1,1.000000,0,0.000000,0,0.000000,0,1,1,0.000000,1.000000
168336,947304.000000,2019-11-01 00:00:00+03:00,2,27.000000,1,20.000000,0,0.000000,25,1,3,0.333333,13.500000
168336,947304.000000,2019-11-05 00:00:00+03:00,4,8.000000,0,0.000000,0,0.000000,88,1,4,0.000000,2.000000
168336,947304.000000,2019-11-06 00:00:00+03:00,2,4.000000,0,0.000000,0,0.000000,11,1,2,0.000000,2.000000
168336,947304.000000,2019-11-07 00:00:00+03:00,2,7.000000,0,0.000000,0,0.000000,54,1,2,0.000000,3.500000
168336,947304.000000,2019-11-08 00:00:00+03:00,3,17.000000,0,0.000000,0,0.000000,52,1,3,0.000000,5.666667
168336,947304.000000,2019-11-11 00:00:00+03:00,4,22.000000,0,0.000000,0,0.000000,53,1,4,0.000000,5.500000
168336,947304.000000,2019-11-12 00:00:00+03:00,2,16.000000,1,72.000000,0,0.000000,46,1,3,0.333333,8.000000
168336,947304.000000,2019-11-13 00:00:00+03:00,0,0.000000,0,0.000000,0,0.000000,59,1,0,,
168336,947304.000000,2019-11-14 00:00:00+03:00,4,14.000000,0,0.000000,0,0.000000,52,1,4,0.000000,3.500000
168336,947304.000000,2019-11-15 00:00:00+03:00,3,18.000000,2,98.000000,0,0.000000,33,1,5,0.400000,6.000000
168336,947304.000000,2019-11-18 00:00:00+03:00,1,3.000000,0,0.000000,0,0.000000,35,1,1,0.000000,3.000000
168336,947304.000000,2019-11-19 00:00:00+03:00,3,14.000000,0,0.000000,0,0.000000,70,1,3,0.000000,4.666667
168336,948756.000000,2019-11-01 00:00:00+03:00,0,0.000000,0,0.000000,0,0.000000,1,1,0,,
168336,948756.000000,2019-11-05 00:00:00+03:00,0,0.000000,0,0.000000,0,0.000000,1,1,0,,
168336,948756.000000,2019-11-06 00:00:00+03:00,0,0.000000,0,0.000000,0,0.000000,36,1,0,,
168336,948756.000000,2019-11-07 00:00:00+03:00,0,0.000000,0,0.000000,0,0.000000,63,1,0,,
168336,948756.000000,2019-11-08 00:00:00+03:00,0,0.000000,0,0.000000,0,0.000000,20,1,0,,
168336,948756.000000,2019-11-18 00:00:00+03:00,0,0.000000,0,0.000000,0,0.000000,1,1,0,,
168336,948756.000000,2019-11-19 00:00:00+03:00,0,0.000000,0,0.000000,0,0.000000,2,1,0,,
168336,948756.000000,2019-11-21 00:00:00+03:00,0,0.000000,0,0.000000,0,0.000000,1,1,0,,
168336,948756.000000,2019-11-25 00:00:00+03:00,0,0.000000,0,0.000000,0,0.000000,2,1,0,,
168336,948756.000000,2019-11-26 00:00:00+03:00,0,0.000000,0,0.000000,0,0.000000,0,1,0,,
168336,948756.000000,2019-11-27 00:00:00+03:00,0,0.000000,0,0.000000,0,0.000000,6,1,0,,
168336,948758.000000,2019-11-01 00:00:00+03:00,0,0.000000,0,0.000000,0,0.000000,16,1,0,,
168336,948758.000000,2019-11-05 00:00:00+03:00,0,0.000000,0,0.000000,0,0.000000,25,1,0,,
168336,948758.000000,2019-11-06 00:00:00+03:00,0,0.000000,0,0.000000,0,0.000000,14,1,0,,
168336,948758.000000,2019-11-07 00:00:00+03:00,1,5.000000,0,0.000000,0,0.000000,18,1,1,0.000000,5.000000
168336,948758.000000,2019-11-08 00:00:00+03:00,1,12.000000,0,0.000000,0,0.000000,12,1,1,0.000000,12.000000
168336,948758.000000,2019-11-19 00:00:00+03:00,0,0.000000,0,0.000000,0,0.000000,0,1,0,,
168336,948758.000000,2019-11-20 00:00:00+03:00,0,0.000000,0,0.000000,0,0.000000,121,1,0,,
168336,948758.000000,2019-11-21 00:00:00+03:00,0,0.000000,0,0.000000,0,0.000000,56,1,0,,
168336,948758.000000,2019-11-22 00:00:00+03:00,1,21.000000,0,0.000000,0,0.000000,20,1,1,0.000000,21.000000
168336,948758.000000,2019-11-25 00:00:00+03:00,2,46.000000,0,0.000000,0,0.000000,133,1,2,0.000000,23.000000
168336,948758.000000,2019-11-26 00:00:00+03:00,0,0.000000,0,0.000000,0,0.000000,55,1,0,,
168336,948758.000000,2019-11-27 00:00:00+03:00,7,264.000000,1,41.000000,0,0.000000,56,1,8,0.125000,37.714286
168336,948758.000000,2019-11-28 00:00:00+03:00,5,89.000000,0,0.000000,0,0.000000,46,1,5,0.000000,17.800000
168336,958416.000000,2019-11-11 00:00:00+03:00,0,0.000000,0,0.000000,0,0.000000,2,1,0,,
168336,958416.000000,2019-11-14 00:00:00+03:00,1,5.000000,0,0.000000,0,0.000000,1,1,1,0.000000,5.000000
168336,958416.000000,2019-11-15 00:00:00+03:00,0,0.000000,0,0.000000,0,0.000000,7,1,0,,
168336,958416.000000,2019-11-18 00:00:00+03:00,1,6.000000,0,0.000000,0,0.000000,60,1,1,0.000000,6.000000
168336,958416.000000,2019-11-19 00:00:00+03:00,1,14.000000,0,0.000000,0,0.000000,31,1,1,0.000000,14.000000
168336,958416.000000,2019-11-20 00:00:00+03:00,1,4.000000,0,0.000000,0,0.000000,43,1,1,0.000000,4.000000
168336,958416.000000,2019-11-21 00:00:00+03:00,2,26.000000,0,0.000000,0,0.000000,16,1,2,0.000000,13.000000
168336,958416.000000,2019-11-22 00:00:00+03:00,0,0.000000,0,0.000000,0,0.000000,29,1,0,,
168336,958416.000000,2019-11-25 00:00:00+03:00,1,16.000000,0,0.000000,0,0.000000,52,1,1,0.000000,16.000000
168336,958416.000000,2019-11-26 00:00:00+03:00,0,0.000000,0,0.000000,0,0.000000,27,1,0,,
168336,958416.000000,2019-11-27 00:00:00+03:00,3,95.000000,1,65.000000,0,0.000000,29,1,4,0.250000,31.666667
168336,958416.000000,2019-11-28 00:00:00+03:00,4,94.000000,0,0.000000,0,0.000000,1,1,4,0.000000,23.500000
168336,958418.000000,2019-11-11 00:00:00+03:00,0,0.000000,0,0.000000,0,0.000000,12,1,0,,
168336,958418.000000,2019-11-12 00:00:00+03:00,0,0.000000,0,0.000000,0,0.000000,64,1,0,,
168336,958418.000000,2019-11-13 00:00:00+03:00,0,0.000000,0,0.000000,0,0.000000,38,1,0,,
168336,958418.000000,2019-11-14 00:00:00+03:00,0,0.000000,0,0.000000,0,0.000000,41,1,0,,
168336,958418.000000,2019-11-15 00:00:00+03:00,0,0.000000,0,0.000000,0,0.000000,29,1,0,,
168336,958418.000000,2019-11-18 00:00:00+03:00,6,44.000000,0,0.000000,0,0.000000,38,1,6,0.000000,7.333333
168336,958418.000000,2019-11-19 00:00:00+03:00,2,30.000000,0,0.000000,0,0.000000,40,1,2,0.000000,15.000000
168336,958418.000000,2019-11-20 00:00:00+03:00,3,18.000000,0,0.000000,0,0.000000,24,1,3,0.000000,6.000000
168336,958418.000000,2019-11-21 00:00:00+03:00,0,0.000000,0,0.000000,0,0.000000,42,1,0,,
168336,958418.000000,2019-11-22 00:00:00+03:00,0,0.000000,0,0.000000,0,0.000000,28,1,0,,
168336,958418.000000,2019-11-25 00:00:00+03:00,1,15.000000,0,0.000000,0,0.000000,39,1,1,0.000000,15.000000
168336,958418.000000,2019-11-26 00:00:00+03:00,0,0.000000,0,0.000000,0,0.000000,41,1,0,,
168336,958418.000000,2019-11-27 00:00:00+03:00,0,0.000000,0,0.000000,0,0.000000,33,1,0,,
168336,966158.000000,2019-11-19 00:00:00+03:00,0,0.000000,0,0.000000,0,0.000000,0,1,0,,
168336,966158.000000,2019-11-20 00:00:00+03:00,0,0.000000,0,0.000000,0,0.000000,0,1,0,,
168336,966158.000000,2019-11-21 00:00:00+03:00,2,30.000000,0,0.000000,0,0.000000,9,1,2,0.000000,15.000000
168336,966158.000000,2019-11-22 00:00:00+03:00,0,0.000000,0,0.000000,0,0.000000,6,1,0,,
168336,966158.000000,2019-11-25 00:00:00+03:00,0,0.000000,0,0.000000,0,0.000000,1,1,0,,
168336,966158.000000,2019-11-26 00:00:00+03:00,0,0.000000,0,0.000000,0,0.000000,7,1,0,,
168336,966158.000000,2019-11-27 00:00:00+03:00,1,15.000000,0,0.000000,0,0.000000,1,1,1,0.000000,15.000000
168336,966158.000000,2019-11-28 00:00:00+03:00,0,0.000000,0,0.000000,0,0.000000,0,1,0,,
168336,967204.000000,2019-11-20 00:00:00+03:00,0,0.000000,0,0.000000,0,0.000000,0,1,0,,
168336,967204.000000,2019-11-21 00:00:00+03:00,0,0.000000,0,0.000000,0,0.000000,0,1,0,,
168336,967204.000000,2019-11-27 00:00:00+03:00,0,0.000000,0,0.000000,0,0.000000,0,1,0,,
168336,969262.000000,2019-11-22 00:00:00+03:00,0,0.000000,0,0.000000,0,0.000000,0,1,0,,
168336,969268.000000,2019-11-26 00:00:00+03:00,0,0.000000,0,0.000000,0,0.000000,0,1,0,,
168336,969268.000000,2019-11-27 00:00:00+03:00,0,0.000000,0,0.000000,0,0.000000,3,1,0,,
168336,969284.000000,2019-11-25 00:00:00+03:00,0,0.000000,0,0.000000,0,0.000000,0,1,0,,
168336,969286.000000,2019-11-26 00:00:00+03:00,0,0.000000,0,0.000000,0,0.000000,2,1,0,,
168336,969286.000000,2019-11-27 00:00:00+03:00,0,0.000000,0,0.000000,0,0.000000,2,1,0,,
168336,969286.000000,2019-11-28 00:00:00+03:00,0,0.000000,0,0.000000,0,0.000000,2,1,0,,
168336,969380.000000,2019-11-22 00:00:00+03:00,0,0.000000,0,0.000000,0,0.000000,0,1,0,,
168336,969380.000000,2019-11-28 00:00:00+03:00,1,21.000000,0,0.000000,0,0.000000,0,1,1,0.000000,21.000000
168336,969386.000000,2019-11-22 00:00:00+03:00,0,0.000000,0,0.000000,0,0.000000,0,1,0,,
168336,969386.000000,2019-11-25 00:00:00+03:00,0,0.000000,0,0.000000,0,0.000000,23,1,0,,
168336,969386.000000,2019-11-26 00:00:00+03:00,0,0.000000,0,0.000000,0,0.000000,23,1,0,,
168336,969386.000000,2019-11-27 00:00:00+03:00,0,0.000000,0,0.000000,0,0.000000,1,1,0,,
168336,969386.000000,2019-11-28 00:00:00+03:00,0,0.000000,0,0.000000,0,0.000000,6,1,0,,
168361,945278.000000,2019-11-02 00:00:00+03:00,0,0.000000,0,0.000000,0,0.000000,119,1,0,,
168361,945278.000000,2019-11-04 00:00:00+03:00,0,0.000000,0,0.000000,0,0.000000,227,1,0,,
168361,945278.000000,2019-11-05 00:00:00+03:00,0,0.000000,0,0.000000,0,0.000000,266,1,0,,
168361,945278.000000,2019-11-06 00:00:00+03:00,0,0.000000,0,0.000000,0,0.000000,240,1,0,,
168361,945278.000000,2019-11-09 00:00:00+03:00,0,0.000000,0,0.000000,0,0.000000,253,1,0,,
168361,945278.000000,2019-11-10 00:00:00+03:00,0,0.000000,0,0.000000,0,0.000000,289,1,0,,
168361,945278.000000,2019-11-13 00:00:00+03:00,0,0.000000,0,0.000000,0,0.000000,227,1,0,,
168361,945278.000000,2019-11-14 00:00:00+03:00,0,0.000000,0,0.000000,0,0.000000,145,1,0,,
168361,945278.000000,2019-11-17 00:00:00+03:00,0,0.000000,0,0.000000,0,0.000000,219,1,0,,
168361,945278.000000,2019-11-18 00:00:00+03:00,0,0.000000,0,0.000000,0,0.000000,157,1,0,,
168361,945278.000000,2019-11-21 00:00:00+03:00,0,0.000000,0,0.000000,0,0.000000,224,1,0,,
168361,945278.000000,2019-11-22 00:00:00+03:00,0,0.000000,0,0.000000,0,0.000000,173,1,0,,
168361,945278.000000,2019-11-24 00:00:00+03:00,0,0.000000,0,0.000000,0,0.000000,247,1,0,,
168361,945278.000000,2019-11-25 00:00:00+03:00,0,0.000000,0,0.000000,0,0.000000,239,1,0,,
168361,945278.000000,2019-11-26 00:00:00+03:00,0,0.000000,0,0.000000,0,0.000000,125,1,0,,
168361,945278.000000,2019-11-28 00:00:00+03:00,0,0.000000,0,0.000000,0,0.000000,152,1,0,,
168361,945280.000000,2019-11-03 00:00:00+03:00,0,0.000000,0,0.000000,0,0.000000,84,1,0,,
168361,945280.000000,2019-11-04 00:00:00+03:00,0,0.000000,0,0.000000,0,0.000000,58,1,0,,
168361,945280.000000,2019-11-05 00:00:00+03:00,0,0.000000,0,0.000000,0,0.000000,50,1,0,,
168361,945280.000000,2019-11-08 00:00:00+03:00,0,0.000000,0,0.000000,0,0.000000,87,1,0,,
168361,945280.000000,2019-11-09 00:00:00+03:00,0,0.000000,0,0.000000,0,0.000000,105,1,0,,
168361,945280.000000,2019-11-11 00:00:00+03:00,0,0.000000,0,0.000000,0,0.000000,82,1,0,,
168361,945280.000000,2019-11-12 00:00:00+03:00,0,0.000000,0,0.000000,0,0.000000,181,1,0,,
168361,945280.000000,2019-11-15 00:00:00+03:00,0,0.000000,0,0.000000,0,0.000000,222,1,0,,
168361,945280.000000,2019-11-16 00:00:00+03:00,0,0.000000,0,0.000000,0,0.000000,88,1,0,,
168361,945280.000000,2019-11-19 00:00:00+03:00,0,0.000000,0,0.000000,0,0.000000,101,1,0,,
168361,945280.000000,2019-11-20 00:00:00+03:00,0,0.000000,0,0.000000,0,0.000000,262,1,0,,
168361,945280.000000,2019-11-22 00:00:00+03:00,0,0.000000,0,0.000000,0,0.000000,170,1,0,,
168361,945280.000000,2019-11-23 00:00:00+03:00,0,0.000000,0,0.000000,0,0.000000,96,1,0,,
168361,945280.000000,2019-11-24 00:00:00+03:00,0,0.000000,0,0.000000,0,0.000000,135,1,0,,
168361,945280.000000,2019-11-27 00:00:00+03:00,0,0.000000,0,0.000000,0,0.000000,144,1,0,,
168361,945280.000000,2019-11-28 00:00:00+03:00,0,0.000000,0,0.000000,0,0.000000,125,1,0,,
168361,945282.000000,2019-11-03 00:00:00+03:00,0,0.000000,0,0.000000,0,0.000000,71,1,0,,
168361,945282.000000,2019-11-04 00:00:00+03:00,0,0.000000,0,0.000000,0,0.000000,62,1,0,,
168361,945282.000000,2019-11-05 00:00:00+03:00,0,0.000000,0,0.000000,0,0.000000,90,1,0,,
168361,945282.000000,2019-11-06 00:00:00+03:00,0,0.000000,0,0.000000,0,0.000000,21,1,0,,
168361,945282.000000,2019-11-07 00:00:00+03:00,0,0.000000,0,0.000000,0,0.000000,275,1,0,,
168361,945282.000000,2019-11-08 00:00:00+03:00,0,0.000000,0,0.000000,0,0.000000,110,1,0,,
168361,945282.000000,2019-11-09 00:00:00+03:00,0,0.000000,0,0.000000,0,0.000000,30,1,0,,
168361,945282.000000,2019-11-11 00:00:00+03:00,0,0.000000,0,0.000000,0,0.000000,87,1,0,,
168361,945282.000000,2019-11-12 00:00:00+03:00,0,0.000000,0,0.000000,0,0.000000,116,1,0,,
168361,945282.000000,2019-11-15 00:00:00+03:00,0,0.000000,0,0.000000,0,0.000000,98,1,0,,
168361,945282.000000,2019-11-16 00:00:00+03:00,0,0.000000,0,0.000000,0,0.000000,104,1,0,,
168361,945282.000000,2019-11-17 00:00:00+03:00,0,0.000000,0,0.000000,0,0.000000,49,1,0,,
168361,945282.000000,2019-11-18 00:00:00+03:00,0,0.000000,0,0.000000,0,0.000000,65,1,0,,
168361,945282.000000,2019-11-19 00:00:00+03:00,0,0.000000,0,0.000000,0,0.000000,97,1,0,,
168361,945282.000000,2019-11-20 00:00:00+03:00,0,0.000000,0,0.000000,0,0.000000,149,1,0,,
168361,945282.000000,2019-11-21 00:00:00+03:00,0,0.000000,0,0.000000,0,0.000000,127,1,0,,
168361,945282.000000,2019-11-22 00:00:00+03:00,0,0.000000,0,0.000000,0,0.000000,54,1,0,,
168361,945282.000000,2019-11-23 00:00:00+03:00,0,0.000000,0,0.000000,0,0.000000,109,1,0,,
168361,945282.000000,2019-11-24 00:00:00+03:00,0,0.000000,0,0.000000,0,0.000000,187,1,0,,
168361,945282.000000,2019-11-27 00:00:00+03:00,0,0.000000,0,0.000000,0,0.000000,102,1,0,,
168361,945282.000000,2019-11-28 00:00:00+03:00,0,0.000000,0,0.000000,0,0.000000,78,1,0,,
168361,945284.000000,2019-11-02 00:00:00+03:00,0,0.000000,0,0.000000,0,0.000000,113,1,0,,
168361,945284.000000,2019-11-03 00:00:00+03:00,0,0.000000,0,0.000000,0,0.000000,102,1,0,,
168361,945284.000000,2019-11-04 00:00:00+03:00,0,0.000000,0,0.000000,0,0.000000,98,1,0,,
168361,945284.000000,2019-11-07 00:00:00+03:00,0,0.000000,0,0.000000,0,0.000000,128,1,0,,
168361,945284.000000,2019-11-08 00:00:00+03:00,0,0.000000,0,0.000000,0,0.000000,190,1,0,,
168361,945284.000000,2019-11-11 00:00:00+03:00,0,0.000000,0,0.000000,0,0.000000,86,1,0,,
168361,945284.000000,2019-11-12 00:00:00+03:00,0,0.000000,0,0.000000,0,0.000000,80,1,0,,
168361,945284.000000,2019-11-15 00:00:00+03:00,0,0.000000,0,0.000000,0,0.000000,92,1,0,,
168361,945284.000000,2019-11-16 00:00:00+03:00,0,0.000000,0,0.000000,0,0.000000,96,1,0,,
168361,945284.000000,2019-11-19 00:00:00+03:00,0,0.000000,0,0.000000,0,0.000000,136,1,0,,
168361,945284.000000,2019-11-20 00:00:00+03:00,0,0.000000,0,0.000000,0,0.000000,139,1,0,,
168361,945284.000000,2019-11-23 00:00:00+03:00,0,0.000000,0,0.000000,0,0.000000,116,1,0,,
168361,945284.000000,2019-11-24 00:00:00+03:00,0,0.000000,0,0.000000,0,0.000000,113,1,0,,
168361,945284.000000,2019-11-27 00:00:00+03:00,0,0.000000,0,0.000000,0,0.000000,125,1,0,,
168361,945284.000000,2019-11-28 00:00:00+03:00,0,0.000000,0,0.000000,0,0.000000,89,1,0,,
168361,945286.000000,2019-11-02 00:00:00+03:00,0,0.000000,0,0.000000,0,0.000000,452,1,0,,
168361,945286.000000,2019-11-03 00:00:00+03:00,0,0.000000,0,0.000000,0,0.000000,166,1,0,,
168361,945286.000000,2019-11-04 00:00:00+03:00,0,0.000000,0,0.000000,0,0.000000,203,1,0,,
168361,945286.000000,2019-11-06 00:00:00+03:00,0,0.000000,0,0.000000,0,0.000000,231,1,0,,
168361,945286.000000,2019-11-07 00:00:00+03:00,0,0.000000,0,0.000000,0,0.000000,320,1,0,,
168361,945286.000000,2019-11-08 00:00:00+03:00,0,0.000000,0,0.000000,0,0.000000,275,1,0,,
168361,945286.000000,2019-11-10 00:00:00+03:00,0,0.000000,0,0.000000,0,0.000000,212,1,0,,
168361,945286.000000,2019-11-11 00:00:00+03:00,0,0.000000,0,0.000000,0,0.000000,306,1,0,,
168361,945286.000000,2019-11-12 00:00:00+03:00,0,0.000000,0,0.000000,0,0.000000,245,1,0,,
168361,945286.000000,2019-11-14 00:00:00+03:00,0,0.000000,0,0.000000,0,0.000000,190,1,0,,
168361,945286.000000,2019-11-15 00:00:00+03:00,0,0.000000,0,0.000000,0,0.000000,211,1,0,,
168361,945286.000000,2019-11-16 00:00:00+03:00,0,0.000000,0,0.000000,0,0.000000,196,1,0,,
168361,945286.000000,2019-11-18 00:00:00+03:00,0,0.000000,0,0.000000,0,0.000000,393,1,0,,
168361,945286.000000,2019-11-19 00:00:00+03:00,0,0.000000,0,0.000000,0,0.000000,411,1,0,,
168361,945286.000000,2019-11-20 00:00:00+03:00,0,0.000000,0,0.000000,0,0.000000,302,1,0,,
168361,945286.000000,2019-11-22 00:00:00+03:00,0,0.000000,0,0.000000,0,0.000000,410,1,0,,
168361,945286.000000,2019-11-23 00:00:00+03:00,0,0.000000,0,0.000000,0,0.000000,347,1,0,,
168361,945286.000000,2019-11-24 00:00:00+03:00,0,0.000000,0,0.000000,0,0.000000,246,1,0,,
168361,945286.000000,2019-11-26 00:00:00+03:00,0,0.000000,0,0.000000,0,0.000000,267,1,0,,
168361,945286.000000,2019-11-27 00:00:00+03:00,0,0.000000,0,0.000000,0,0.000000,631,1,0,,
168361,945286.000000,2019-11-28 00:00:00+03:00,0,0.000000,0,0.000000,0,0.000000,429,1,0,,
168361,945288.000000,2019-11-01 00:00:00+03:00,0,0.000000,0,0.000000,0,0.000000,122,1,0,,
168361,945288.000000,2019-11-02 00:00:00+03:00,0,0.000000,0,0.000000,0,0.000000,120,1,0,,
168361,945288.000000,2019-11-05 00:00:00+03:00,0,0.000000,0,0.000000,0,0.000000,112,1,0,,
168361,945288.000000,2019-11-06 00:00:00+03:00,0,0.000000,0,0.000000,0,0.000000,96,1,0,,
168361,945288.000000,2019-11-09 00:00:00+03:00,0,0.000000,0,0.000000,0,0.000000,101,1,0,,
168361,945288.000000,2019-11-10 00:00:00+03:00,0,0.000000,0,0.000000,0,0.000000,156,1,0,,
168361,945288.000000,2019-11-13 00:00:00+03:00,0,0.000000,0,0.000000,0,0.000000,124,1,0,,
168361,945288.000000,2019-11-14 00:00:00+03:00,0,0.000000,0,0.000000,0,0.000000,117,1,0,,
168361,945288.000000,2019-11-17 00:00:00+03:00,0,0.000000,0,0.000000,0,0.000000,110,1,0,,
168361,945288.000000,2019-11-18 00:00:00+03:00,0,0.000000,0,0.000000,0,0.000000,126,1,0,,
168361,945288.000000,2019-11-21 00:00:00+03:00,0,0.000000,0,0.000000,0,0.000000,160,1,0,,
168361,945288.000000,2019-11-22 00:00:00+03:00,0,0.000000,0,0.000000,0,0.000000,171,1,0,,
168361,945288.000000,2019-11-25 00:00:00+03:00,0,0.000000,0,0.000000,0,0.000000,145,1,0,,
168361,945288.000000,2019-11-26 00:00:00+03:00,0,0.000000,0,0.000000,0,0.000000,76,1,0,,
168361,945290.000000,2019-11-01 00:00:00+03:00,0,0.000000,0,0.000000,0,0.000000,140,1,0,,
168361,945290.000000,2019-11-02 00:00:00+03:00,0,0.000000,0,0.000000,0,0.000000,89,1,0,,
168361,945290.000000,2019-11-04 00:00:00+03:00,0,0.000000,0,0.000000,0,0.000000,191,1,0,,
168361,945290.000000,2019-11-05 00:00:00+03:00,0,0.000000,0,0.000000,0,0.000000,137,1,0,,
168361,945290.000000,2019-11-06 00:00:00+03:00,0,0.000000,0,0.000000,0,0.000000,99,1,0,,
168361,945290.000000,2019-11-07 00:00:00+03:00,0,0.000000,0,0.000000,0,0.000000,202,1,0,,
168361,945290.000000,2019-11-08 00:00:00+03:00,0,0.000000,0,0.000000,0,0.000000,165,1,0,,
168361,945290.000000,2019-11-09 00:00:00+03:00,0,0.000000,0,0.000000,0,0.000000,84,1,0,,
168361,945290.000000,2019-11-11 00:00:00+03:00,0,0.000000,0,0.000000,0,0.000000,193,1,0,,
168361,945290.000000,2019-11-12 00:00:00+03:00,0,0.000000,0,0.000000,0,0.000000,203,1,0,,
168361,945290.000000,2019-11-13 00:00:00+03:00,0,0.000000,0,0.000000,0,0.000000,97,1,0,,
168361,945290.000000,2019-11-14 00:00:00+03:00,0,0.000000,0,0.000000,0,0.000000,114,1,0,,
168361,945290.000000,2019-11-15 00:00:00+03:00,0,0.000000,0,0.000000,0,0.000000,79,1,0,,
168361,945290.000000,2019-11-16 00:00:00+03:00,0,0.000000,0,0.000000,0,0.000000,96,1,0,,
168361,945290.000000,2019-11-18 00:00:00+03:00,0,0.000000,0,0.000000,0,0.000000,111,1,0,,
168361,945290.000000,2019-11-19 00:00:00+03:00,0,0.000000,0,0.000000,0,0.000000,148,1,0,,
168361,945290.000000,2019-11-20 00:00:00+03:00,0,0.000000,0,0.000000,0,0.000000,167,1,0,,
168361,945290.000000,2019-11-21 00:00:00+03:00,0,0.000000,0,0.000000,0,0.000000,107,1,0,,
168361,945290.000000,2019-11-22 00:00:00+03:00,0,0.000000,0,0.000000,0,0.000000,153,1,0,,
168361,945290.000000,2019-11-23 00:00:00+03:00,0,0.000000,0,0.000000,0,0.000000,70,1,0,,
168361,945290.000000,2019-11-25 00:00:00+03:00,0,0.000000,0,0.000000,0,0.000000,48,1,0,,
168361,945290.000000,2019-11-26 00:00:00+03:00,0,0.000000,0,0.000000,0,0.000000,58,1,0,,
168361,945290.000000,2019-11-27 00:00:00+03:00,0,0.000000,0,0.000000,0,0.000000,83,1,0,,
168361,945290.000000,2019-11-28 00:00:00+03:00,0,0.000000,0,0.000000,0,0.000000,91,1,0,,
168361,945294.000000,2019-11-02 00:00:00+03:00,0,0.000000,0,0.000000,0,0.000000,175,1,0,,
168361,945294.000000,2019-11-03 00:00:00+03:00,0,0.000000,0,0.000000,0,0.000000,196,1,0,,
168361,945294.000000,2019-11-04 00:00:00+03:00,0,0.000000,0,0.000000,0,0.000000,134,1,0,,
168361,945294.000000,2019-11-07 00:00:00+03:00,0,0.000000,0,0.000000,0,0.000000,187,1,0,,
168361,945294.000000,2019-11-08 00:00:00+03:00,0,0.000000,0,0.000000,0,0.000000,152,1,0,,
168361,945294.000000,2019-11-11 00:00:00+03:00,0,0.000000,0,0.000000,0,0.000000,114,1,0,,
168361,945294.000000,2019-11-12 00:00:00+03:00,0,0.000000,0,0.000000,0,0.000000,133,1,0,,
168361,945294.000000,2019-11-15 00:00:00+03:00,0,0.000000,0,0.000000,0,0.000000,152,1,0,,
168361,945294.000000,2019-11-16 00:00:00+03:00,0,0.000000,0,0.000000,0,0.000000,131,1,0,,
168361,945294.000000,2019-11-19 00:00:00+03:00,0,0.000000,0,0.000000,0,0.000000,147,1,0,,
168361,945294.000000,2019-11-20 00:00:00+03:00,0,0.000000,0,0.000000,0,0.000000,189,1,0,,
168361,945294.000000,2019-11-23 00:00:00+03:00,0,0.000000,0,0.000000,0,0.000000,191,1,0,,
168361,945294.000000,2019-11-24 00:00:00+03:00,0,0.000000,0,0.000000,0,0.000000,120,1,0,,
168361,945294.000000,2019-11-27 00:00:00+03:00,0,0.000000,0,0.000000,0,0.000000,191,1,0,,
168361,945294.000000,2019-11-28 00:00:00+03:00,0,0.000000,0,0.000000,0,0.000000,137,1,0,,
168361,945296.000000,2019-11-01 00:00:00+03:00,0,0.000000,0,0.000000,0,0.000000,43,1,0,,
168361,945296.000000,2019-11-02 00:00:00+03:00,0,0.000000,0,0.000000,0,0.000000,104,1,0,,
168361,945296.000000,2019-11-03 00:00:00+03:00,0,0.000000,0,0.000000,0,0.000000,43,1,0,,
168361,945296.000000,2019-11-04 00:00:00+03:00,0,0.000000,0,0.000000,0,0.000000,80,1,0,,
168361,945296.000000,2019-11-05 00:00:00+03:00,0,0.000000,0,0.000000,0,0.000000,43,1,0,,
168361,945296.000000,2019-11-06 00:00:00+03:00,0,0.000000,0,0.000000,0,0.000000,42,1,0,,
168361,945296.000000,2019-11-07 00:00:00+03:00,0,0.000000,0,0.000000,0,0.000000,58,1,0,,
168361,945296.000000,2019-11-08 00:00:00+03:00,0,0.000000,0,0.000000,0,0.000000,138,1,0,,
168361,945296.000000,2019-11-09 00:00:00+03:00,0,0.000000,0,0.000000,0,0.000000,75,1,0,,
168361,945296.000000,2019-11-11 00:00:00+03:00,0,0.000000,0,0.000000,0,0.000000,56,1,0,,
168361,945296.000000,2019-11-12 00:00:00+03:00,0,0.000000,0,0.000000,0,0.000000,98,1,0,,
168361,945296.000000,2019-11-13 00:00:00+03:00,0,0.000000,0,0.000000,0,0.000000,132,1,0,,
168361,945296.000000,2019-11-14 00:00:00+03:00,0,0.000000,0,0.000000,0,0.000000,40,1,0,,
168361,945296.000000,2019-11-15 00:00:00+03:00,0,0.000000,0,0.000000,0,0.000000,83,1,0,,
168361,945296.000000,2019-11-16 00:00:00+03:00,0,0.000000,0,0.000000,0,0.000000,83,1,0,,
168361,945296.000000,2019-11-17 00:00:00+03:00,0,0.000000,0,0.000000,0,0.000000,174,1,0,,
168361,945296.000000,2019-11-18 00:00:00+03:00,0,0.000000,0,0.000000,0,0.000000,49,1,0,,
168361,945296.000000,2019-11-19 00:00:00+03:00,0,0.000000,0,0.000000,0,0.000000,64,1,0,,
168361,945296.000000,2019-11-20 00:00:00+03:00,0,0.000000,0,0.000000,0,0.000000,99,1,0,,
168361,945296.000000,2019-11-21 00:00:00+03:00,0,0.000000,0,0.000000,0,0.000000,127,1,0,,
168361,945296.000000,2019-11-22 00:00:00+03:00,0,0.000000,0,0.000000,0,0.000000,50,1,0,,
168361,945296.000000,2019-11-23 00:00:00+03:00,0,0.000000,0,0.000000,0,0.000000,66,1,0,,
168361,945296.000000,2019-11-24 00:00:00+03:00,0,0.000000,0,0.000000,0,0.000000,102,1,0,,
168361,945296.000000,2019-11-25 00:00:00+03:00,0,0.000000,0,0.000000,0,0.000000,105,1,0,,
168361,945296.000000,2019-11-27 00:00:00+03:00,0,0.000000,0,0.000000,0,0.000000,52,1,0,,
168361,945296.000000,2019-11-28 00:00:00+03:00,0,0.000000,0,0.000000,0,0.000000,98,1,0,,
168361,945298.000000,2019-11-03 00:00:00+03:00,0,0.000000,0,0.000000,0,0.000000,43,1,0,,
168361,945298.000000,2019-11-04 00:00:00+03:00,0,0.000000,0,0.000000,0,0.000000,17,1,0,,
168361,945298.000000,2019-11-07 00:00:00+03:00,0,0.000000,0,0.000000,0,0.000000,191,1,0,,
168361,945298.000000,2019-11-08 00:00:00+03:00,0,0.000000,0,0.000000,0,0.000000,86,1,0,,
168361,945298.000000,2019-11-11 00:00:00+03:00,0,0.000000,0,0.000000,0,0.000000,124,1,0,,
168361,945298.000000,2019-11-12 00:00:00+03:00,0,0.000000,0,0.000000,0,0.000000,87,1,0,,
168361,945298.000000,2019-11-15 00:00:00+03:00,0,0.000000,0,0.000000,0,0.000000,85,1,0,,
168361,945298.000000,2019-11-16 00:00:00+03:00,0,0.000000,0,0.000000,0,0.000000,84,1,0,,
168361,945298.000000,2019-11-19 00:00:00+03:00,0,0.000000,0,0.000000,0,0.000000,68,1,0,,
168361,945298.000000,2019-11-20 00:00:00+03:00,0,0.000000,0,0.000000,0,0.000000,205,1,0,,
168361,945298.000000,2019-11-23 00:00:00+03:00,0,0.000000,0,0.000000,0,0.000000,77,1,0,,
168361,945298.000000,2019-11-24 00:00:00+03:00,0,0.000000,0,0.000000,0,0.000000,87,1,0,,
168361,945298.000000,2019-11-27 00:00:00+03:00,0,0.000000,0,0.000000,0,0.000000,77,1,0,,
168361,945298.000000,2019-11-28 00:00:00+03:00,0,0.000000,0,0.000000,0,0.000000,70,1,0,,
168361,945302.000000,2019-11-01 00:00:00+03:00,0,0.000000,0,0.000000,0,0.000000,41,1,0,,
168361,945302.000000,2019-11-02 00:00:00+03:00,0,0.000000,0,0.000000,0,0.000000,207,1,0,,
168361,945302.000000,2019-11-03 00:00:00+03:00,0,0.000000,0,0.000000,0,0.000000,236,1,0,,
168361,945302.000000,2019-11-04 00:00:00+03:00,0,0.000000,0,0.000000,0,0.000000,271,1,0,,
168361,945302.000000,2019-11-05 00:00:00+03:00,0,0.000000,0,0.000000,0,0.000000,26,1,0,,
168361,945302.000000,2019-11-06 00:00:00+03:00,0,0.000000,0,0.000000,0,0.000000,125,1,0,,
168361,945302.000000,2019-11-07 00:00:00+03:00,0,0.000000,0,0.000000,0,0.000000,219,1,0,,
168361,945302.000000,2019-11-08 00:00:00+03:00,0,0.000000,0,0.000000,0,0.000000,561,1,0,,
168361,945302.000000,2019-11-09 00:00:00+03:00,0,0.000000,0,0.000000,0,0.000000,88,1,0,,
168361,945302.000000,2019-11-10 00:00:00+03:00,0,0.000000,0,0.000000,0,0.000000,244,1,0,,
168361,945302.000000,2019-11-11 00:00:00+03:00,0,0.000000,0,0.000000,0,0.000000,126,1,0,,
168361,945302.000000,2019-11-12 00:00:00+03:00,0,0.000000,0,0.000000,0,0.000000,251,1,0,,
168361,945302.000000,2019-11-13 00:00:00+03:00,0,0.000000,0,0.000000,0,0.000000,63,1,0,,
168361,945302.000000,2019-11-14 00:00:00+03:00,0,0.000000,0,0.000000,0,0.000000,296,1,0,,
168361,945302.000000,2019-11-15 00:00:00+03:00,0,0.000000,0,0.000000,0,0.000000,237,1,0,,
168361,945302.000000,2019-11-17 00:00:00+03:00,0,0.000000,0,0.000000,0,0.000000,245,1,0,,
168361,945302.000000,2019-11-18 00:00:00+03:00,0,0.000000,0,0.000000,0,0.000000,459,1,0,,
168361,945302.000000,2019-11-19 00:00:00+03:00,0,0.000000,0,0.000000,0,0.000000,190,1,0,,
168361,945302.000000,2019-11-20 00:00:00+03:00,0,0.000000,0,0.000000,0,0.000000,220,1,0,,
168361,945302.000000,2019-11-21 00:00:00+03:00,0,0.000000,0,0.000000,0,0.000000,184,1,0,,
168361,945302.000000,2019-11-22 00:00:00+03:00,0,0.000000,0,0.000000,0,0.000000,71,1,0,,
168361,945302.000000,2019-11-23 00:00:00+03:00,0,0.000000,0,0.000000,0,0.000000,139,1,0,,
168361,945302.000000,2019-11-24 00:00:00+03:00,0,0.000000,0,0.000000,0,0.000000,134,1,0,,
168361,945302.000000,2019-11-26 00:00:00+03:00,0,0.000000,0,0.000000,0,0.000000,173,1,0,,
168361,945302.000000,2019-11-27 00:00:00+03:00,0,0.000000,0,0.000000,0,0.000000,222,1,0,,
168361,945302.000000,2019-11-28 00:00:00+03:00,0,0.000000,0,0.000000,0,0.000000,178,1,0,,
168361,945304.000000,2019-11-01 00:00:00+03:00,0,0.000000,0,0.000000,0,0.000000,113,1,0,,
168361,945304.000000,2019-11-02 00:00:00+03:00,0,0.000000,0,0.000000,0,0.000000,168,1,0,,
168361,945304.000000,2019-11-05 00:00:00+03:00,0,0.000000,0,0.000000,0,0.000000,133,1,0,,
168361,945304.000000,2019-11-06 00:00:00+03:00,0,0.000000,0,0.000000,0,0.000000,185,1,0,,
168361,945304.000000,2019-11-09 00:00:00+03:00,0,0.000000,0,0.000000,0,0.000000,164,1,0,,
168361,945304.000000,2019-11-10 00:00:00+03:00,0,0.000000,0,0.000000,0,0.000000,281,1,0,,
168361,945304.000000,2019-11-13 00:00:00+03:00,0,0.000000,0,0.000000,0,0.000000,147,1,0,,
168361,945304.000000,2019-11-14 00:00:00+03:00,0,0.000000,0,0.000000,0,0.000000,139,1,0,,
168361,945304.000000,2019-11-16 00:00:00+03:00,0,0.000000,0,0.000000,0,0.000000,135,1,0,,
168361,945304.000000,2019-11-17 00:00:00+03:00,0,0.000000,0,0.000000,0,0.000000,146,1,0,,
168361,945304.000000,2019-11-18 00:00:00+03:00,0,0.000000,0,0.000000,0,0.000000,119,1,0,,
168361,945304.000000,2019-11-21 00:00:00+03:00,0,0.000000,0,0.000000,0,0.000000,178,1,0,,
168361,945304.000000,2019-11-22 00:00:00+03:00,0,0.000000,0,0.000000,0,0.000000,172,1,0,,
168361,945304.000000,2019-11-25 00:00:00+03:00,0,0.000000,0,0.000000,0,0.000000,123,1,0,,
168361,945304.000000,2019-11-26 00:00:00+03:00,0,0.000000,0,0.000000,0,0.000000,108,1,0,,
168361,945308.000000,2019-11-01 00:00:00+03:00,0,0.000000,0,0.000000,0,0.000000,84,1,0,,
168361,945308.000000,2019-11-02 00:00:00+03:00,0,0.000000,0,0.000000,0,0.000000,86,1,0,,
168361,945308.000000,2019-11-05 00:00:00+03:00,0,0.000000,0,0.000000,0,0.000000,136,1,0,,
168361,945308.000000,2019-11-06 00:00:00+03:00,0,0.000000,0,0.000000,0,0.000000,104,1,0,,
168361,945308.000000,2019-11-09 00:00:00+03:00,0,0.000000,0,0.000000,0,0.000000,137,1,0,,
168361,945308.000000,2019-11-10 00:00:00+03:00,0,0.000000,0,0.000000,0,0.000000,170,1,0,,
168361,945308.000000,2019-11-13 00:00:00+03:00,0,0.000000,0,0.000000,0,0.000000,129,1,0,,
168361,945308.000000,2019-11-14 00:00:00+03:00,0,0.000000,0,0.000000,0,0.000000,124,1,0,,
168361,945310.000000,2019-11-01 00:00:00+03:00,0,0.000000,0,0.000000,0,0.000000,176,1,0,,
168361,945310.000000,2019-11-02 00:00:00+03:00,0,0.000000,0,0.000000,0,0.000000,129,1,0,,
168361,945310.000000,2019-11-05 00:00:00+03:00,0,0.000000,0,0.000000,0,0.000000,161,1,0,,
168361,945310.000000,2019-11-06 00:00:00+03:00,0,0.000000,0,0.000000,0,0.000000,334,1,0,,
168361,945310.000000,2019-11-09 00:00:00+03:00,0,0.000000,0,0.000000,0,0.000000,175,1,0,,
168361,945310.000000,2019-11-10 00:00:00+03:00,0,0.000000,0,0.000000,0,0.000000,232,1,0,,
168361,945310.000000,2019-11-13 00:00:00+03:00,0,0.000000,0,0.000000,0,0.000000,156,1,0,,
168361,945310.000000,2019-11-14 00:00:00+03:00,0,0.000000,0,0.000000,0,0.000000,164,1,0,,
168361,945310.000000,2019-11-15 00:00:00+03:00,0,0.000000,0,0.000000,0,0.000000,133,1,0,,
168361,945310.000000,2019-11-17 00:00:00+03:00,0,0.000000,0,0.000000,0,0.000000,155,1,0,,
168361,945310.000000,2019-11-18 00:00:00+03:00,0,0.000000,0,0.000000,0,0.000000,183,1,0,,
168361,945310.000000,2019-11-19 00:00:00+03:00,0,0.000000,0,0.000000,0,0.000000,93,1,0,,
168361,945310.000000,2019-11-21 00:00:00+03:00,0,0.000000,0,0.000000,0,0.000000,205,1,0,,
168361,945310.000000,2019-11-22 00:00:00+03:00,0,0.000000,0,0.000000,0,0.000000,187,1,0,,
168361,945310.000000,2019-11-23 00:00:00+03:00,0,0.000000,0,0.000000,0,0.000000,92,1,0,,
168361,945310.000000,2019-11-24 00:00:00+03:00,0,0.000000,0,0.000000,0,0.000000,130,1,0,,
168361,945310.000000,2019-11-25 00:00:00+03:00,0,0.000000,0,0.000000,0,0.000000,192,1,0,,
168361,945310.000000,2019-11-26 00:00:00+03:00,0,0.000000,0,0.000000,0,0.000000,120,1,0,,
168361,945312.000000,2019-11-03 00:00:00+03:00,0,0.000000,0,0.000000,0,0.000000,104,1,0,,
168361,945312.000000,2019-11-04 00:00:00+03:00,0,0.000000,0,0.000000,0,0.000000,115,1,0,,
168361,945312.000000,2019-11-05 00:00:00+03:00,0,0.000000,0,0.000000,0,0.000000,20,1,0,,
168361,945312.000000,2019-11-07 00:00:00+03:00,0,0.000000,0,0.000000,0,0.000000,136,1,0,,
168361,945312.000000,2019-11-08 00:00:00+03:00,0,0.000000,0,0.000000,0,0.000000,205,1,0,,
168361,945312.000000,2019-11-09 00:00:00+03:00,0,0.000000,0,0.000000,0,0.000000,30,1,0,,
168361,945312.000000,2019-11-11 00:00:00+03:00,0,0.000000,0,0.000000,0,0.000000,91,1,0,,
168361,945312.000000,2019-11-12 00:00:00+03:00,0,0.000000,0,0.000000,0,0.000000,114,1,0,,
168361,945312.000000,2019-11-15 00:00:00+03:00,0,0.000000,0,0.000000,0,0.000000,124,1,0,,
168361,945312.000000,2019-11-16 00:00:00+03:00,0,0.000000,0,0.000000,0,0.000000,208,1,0,,
168361,945312.000000,2019-11-17 00:00:00+03:00,0,0.000000,0,0.000000,0,0.000000,28,1,0,,
168361,945312.000000,2019-11-18 00:00:00+03:00,0,0.000000,0,0.000000,0,0.000000,27,1,0,,
168361,945312.000000,2019-11-19 00:00:00+03:00,0,0.000000,0,0.000000,0,0.000000,79,1,0,,
168361,945312.000000,2019-11-20 00:00:00+03:00,0,0.000000,0,0.000000,0,0.000000,144,1,0,,
168361,945312.000000,2019-11-22 00:00:00+03:00,0,0.000000,0,0.000000,0,0.000000,22,1,0,,
168361,945312.000000,2019-11-23 00:00:00+03:00,0,0.000000,0,0.000000,0,0.000000,124,1,0,,
168361,945312.000000,2019-11-24 00:00:00+03:00,0,0.000000,0,0.000000,0,0.000000,109,1,0,,
168361,945312.000000,2019-11-27 00:00:00+03:00,0,0.000000,0,0.000000,0,0.000000,194,1,0,,
168361,945312.000000,2019-11-28 00:00:00+03:00,0,0.000000,0,0.000000,0,0.000000,102,1,0,,
168361,945314.000000,2019-11-01 00:00:00+03:00,0,0.000000,0,0.000000,0,0.000000,37,1,0,,
168361,945314.000000,2019-11-02 00:00:00+03:00,0,0.000000,0,0.000000,0,0.000000,53,1,0,,
168361,945314.000000,2019-11-03 00:00:00+03:00,0,0.000000,0,0.000000,0,0.000000,11,1,0,,
168361,945314.000000,2019-11-05 00:00:00+03:00,0,0.000000,0,0.000000,0,0.000000,23,1,0,,
168361,945314.000000,2019-11-06 00:00:00+03:00,0,0.000000,0,0.000000,0,0.000000,33,1,0,,
168361,945314.000000,2019-11-07 00:00:00+03:00,0,0.000000,0,0.000000,0,0.000000,21,1,0,,
168361,945314.000000,2019-11-09 00:00:00+03:00,0,0.000000,0,0.000000,0,0.000000,118,1,0,,
168361,945314.000000,2019-11-10 00:00:00+03:00,0,0.000000,0,0.000000,0,0.000000,45,1,0,,
168361,945314.000000,2019-11-11 00:00:00+03:00,0,0.000000,0,0.000000,0,0.000000,9,1,0,,
168361,945314.000000,2019-11-13 00:00:00+03:00,0,0.000000,0,0.000000,0,0.000000,62,1,0,,
168361,945314.000000,2019-11-14 00:00:00+03:00,0,0.000000,0,0.000000,0,0.000000,67,1,0,,
168361,945314.000000,2019-11-15 00:00:00+03:00,0,0.000000,0,0.000000,0,0.000000,43,1,0,,
168361,945314.000000,2019-11-17 00:00:00+03:00,0,0.000000,0,0.000000,0,0.000000,63,1,0,,
168361,945314.000000,2019-11-18 00:00:00+03:00,0,0.000000,0,0.000000,0,0.000000,59,1,0,,
168361,945314.000000,2019-11-19 00:00:00+03:00,0,0.000000,0,0.000000,0,0.000000,11,1,0,,
168361,945314.000000,2019-11-21 00:00:00+03:00,0,0.000000,0,0.000000,0,0.000000,95,1,0,,
168361,945314.000000,2019-11-22 00:00:00+03:00,0,0.000000,0,0.000000,0,0.000000,69,1,0,,
168361,945314.000000,2019-11-23 00:00:00+03:00,0,0.000000,0,0.000000,0,0.000000,61,1,0,,
168361,945314.000000,2019-11-25 00:00:00+03:00,0,0.000000,0,0.000000,0,0.000000,271,1,0,,
168361,945314.000000,2019-11-26 00:00:00+03:00,0,0.000000,0,0.000000,0,0.000000,127,1,0,,
168361,945314.000000,2019-11-27 00:00:00+03:00,0,0.000000,0,0.000000,0,0.000000,26,1,0,,
168361,945314.000000,2019-11-28 00:00:00+03:00,0,0.000000,0,0.000000,0,0.000000,141,1,0,,
168361,945316.000000,2019-11-01 00:00:00+03:00,0,0.000000,0,0.000000,0,0.000000,68,1,0,,
168361,945316.000000,2019-11-03 00:00:00+03:00,0,0.000000,0,0.000000,0,0.000000,38,1,0,,
168361,945316.000000,2019-11-04 00:00:00+03:00,0,0.000000,0,0.000000,0,0.000000,75,1,0,,
168361,945316.000000,2019-11-05 00:00:00+03:00,0,0.000000,0,0.000000,0,0.000000,70,1,0,,
168361,945316.000000,2019-11-07 00:00:00+03:00,0,0.000000,0,0.000000,0,0.000000,87,1,0,,
168361,945316.000000,2019-11-08 00:00:00+03:00,0,0.000000,0,0.000000,0,0.000000,91,1,0,,
168361,945316.000000,2019-11-09 00:00:00+03:00,0,0.000000,0,0.000000,0,0.000000,34,1,0,,
168361,945316.000000,2019-11-11 00:00:00+03:00,0,0.000000,0,0.000000,0,0.000000,55,1,0,,
168361,945316.000000,2019-11-12 00:00:00+03:00,0,0.000000,0,0.000000,0,0.000000,119,1,0,,
168361,945316.000000,2019-11-13 00:00:00+03:00,0,0.000000,0,0.000000,0,0.000000,38,1,0,,
168361,945316.000000,2019-11-15 00:00:00+03:00,0,0.000000,0,0.000000,0,0.000000,68,1,0,,
168361,945316.000000,2019-11-16 00:00:00+03:00,0,0.000000,0,0.000000,0,0.000000,122,1,0,,
168361,945316.000000,2019-11-17 00:00:00+03:00,0,0.000000,0,0.000000,0,0.000000,174,1,0,,
168361,945316.000000,2019-11-18 00:00:00+03:00,0,0.000000,0,0.000000,0,0.000000,79,1,0,,
168361,945316.000000,2019-11-19 00:00:00+03:00,0,0.000000,0,0.000000,0,0.000000,111,1,0,,
168361,945316.000000,2019-11-20 00:00:00+03:00,0,0.000000,0,0.000000,0,0.000000,111,1,0,,
168361,945316.000000,2019-11-21 00:00:00+03:00,0,0.000000,0,0.000000,0,0.000000,122,1,0,,
168361,945316.000000,2019-11-23 00:00:00+03:00,0,0.000000,0,0.000000,0,0.000000,37,1,0,,
168361,945316.000000,2019-11-24 00:00:00+03:00,0,0.000000,0,0.000000,0,0.000000,258,1,0,,
168361,945316.000000,2019-11-25 00:00:00+03:00,0,0.000000,0,0.000000,0,0.000000,78,1,0,,
168361,945316.000000,2019-11-26 00:00:00+03:00,0,0.000000,0,0.000000,0,0.000000,192,1,0,,
168361,945316.000000,2019-11-27 00:00:00+03:00,0,0.000000,0,0.000000,0,0.000000,60,1,0,,
168361,945316.000000,2019-11-28 00:00:00+03:00,0,0.000000,0,0.000000,0,0.000000,135,1,0,,
168361,945318.000000,2019-11-01 00:00:00+03:00,0,0.000000,0,0.000000,0,0.000000,94,1,0,,
168361,945318.000000,2019-11-05 00:00:00+03:00,0,0.000000,0,0.000000,0,0.000000,96,1,0,,
168361,945318.000000,2019-11-06 00:00:00+03:00,0,0.000000,0,0.000000,0,0.000000,99,1,0,,
168361,945318.000000,2019-11-09 00:00:00+03:00,0,0.000000,0,0.000000,0,0.000000,131,1,0,,
168361,945318.000000,2019-11-10 00:00:00+03:00,0,0.000000,0,0.000000,0,0.000000,227,1,0,,
168361,945318.000000,2019-11-13 00:00:00+03:00,0,0.000000,0,0.000000,0,0.000000,204,1,0,,
168361,945318.000000,2019-11-14 00:00:00+03:00,0,0.000000,0,0.000000,0,0.000000,124,1,0,,
168361,945318.000000,2019-11-15 00:00:00+03:00,0,0.000000,0,0.000000,0,0.000000,37,1,0,,
168361,945318.000000,2019-11-17 00:00:00+03:00,0,0.000000,0,0.000000,0,0.000000,115,1,0,,
168361,945318.000000,2019-11-18 00:00:00+03:00,0,0.000000,0,0.000000,0,0.000000,111,1,0,,
168361,945318.000000,2019-11-25 00:00:00+03:00,0,0.000000,0,0.000000,0,0.000000,104,1,0,,
168361,945318.000000,2019-11-26 00:00:00+03:00,0,0.000000,0,0.000000,0,0.000000,91,1,0,,
168361,945320.000000,2019-11-01 00:00:00+03:00,0,0.000000,0,0.000000,0,0.000000,80,1,0,,
168361,945320.000000,2019-11-02 00:00:00+03:00,0,0.000000,0,0.000000,0,0.000000,20,1,0,,
168361,945320.000000,2019-11-05 00:00:00+03:00,0,0.000000,0,0.000000,0,0.000000,100,1,0,,
168361,945320.000000,2019-11-06 00:00:00+03:00,0,0.000000,0,0.000000,0,0.000000,78,1,0,,
168361,945320.000000,2019-11-09 00:00:00+03:00,0,0.000000,0,0.000000,0,0.000000,134,1,0,,
168361,945320.000000,2019-11-10 00:00:00+03:00,0,0.000000,0,0.000000,0,0.000000,311,1,0,,
168361,945320.000000,2019-11-13 00:00:00+03:00,0,0.000000,0,0.000000,0,0.000000,140,1,0,,
168361,945320.000000,2019-11-14 00:00:00+03:00,0,0.000000,0,0.000000,0,0.000000,202,1,0,,
168361,945320.000000,2019-11-17 00:00:00+03:00,0,0.000000,0,0.000000,0,0.000000,105,1,0,,
168361,945320.000000,2019-11-18 00:00:00+03:00,0,0.000000,0,0.000000,0,0.000000,98,1,0,,
168361,945320.000000,2019-11-20 00:00:00+03:00,0,0.000000,0,0.000000,0,0.000000,33,1,0,,
168361,945320.000000,2019-11-21 00:00:00+03:00,0,0.000000,0,0.000000,0,0.000000,151,1,0,,
168361,945320.000000,2019-11-22 00:00:00+03:00,0,0.000000,0,0.000000,0,0.000000,180,1,0,,
168361,945320.000000,2019-11-25 00:00:00+03:00,0,0.000000,0,0.000000,0,0.000000,218,1,0,,
168361,945320.000000,2019-11-26 00:00:00+03:00,0,0.000000,0,0.000000,0,0.000000,120,1,0,,
168361,945322.000000,2019-11-01 00:00:00+03:00,0,0.000000,0,0.000000,0,0.000000,144,1,0,,
168361,945322.000000,2019-11-03 00:00:00+03:00,0,0.000000,0,0.000000,0,0.000000,171,1,0,,
168361,945322.000000,2019-11-04 00:00:00+03:00,0,0.000000,0,0.000000,0,0.000000,263,1,0,,
168361,945322.000000,2019-11-05 00:00:00+03:00,0,0.000000,0,0.000000,0,0.000000,185,1,0,,
168361,945322.000000,2019-11-06 00:00:00+03:00,0,0.000000,0,0.000000,0,0.000000,162,1,0,,
168361,945322.000000,2019-11-07 00:00:00+03:00,0,0.000000,0,0.000000,0,0.000000,137,1,0,,
168361,945322.000000,2019-11-08 00:00:00+03:00,0,0.000000,0,0.000000,0,0.000000,174,1,0,,
168361,945322.000000,2019-11-09 00:00:00+03:00,0,0.000000,0,0.000000,0,0.000000,154,1,0,,
168361,945322.000000,2019-11-10 00:00:00+03:00,0,0.000000,0,0.000000,0,0.000000,261,1,0,,
168361,945322.000000,2019-11-11 00:00:00+03:00,0,0.000000,0,0.000000,0,0.000000,207,1,0,,
168361,945322.000000,2019-11-12 00:00:00+03:00,0,0.000000,0,0.000000,0,0.000000,150,1,0,,
168361,945322.000000,2019-11-13 00:00:00+03:00,0,0.000000,0,0.000000,0,0.000000,156,1,0,,
168361,945322.000000,2019-11-14 00:00:00+03:00,0,0.000000,0,0.000000,0,0.000000,151,1,0,,
168361,945322.000000,2019-11-15 00:00:00+03:00,0,0.000000,0,0.000000,0,0.000000,72,1,0,,
168361,945322.000000,2019-11-16 00:00:00+03:00,0,0.000000,0,0.000000,0,0.000000,89,1,0,,
168361,945322.000000,2019-11-18 00:00:00+03:00,0,0.000000,0,0.000000,0,0.000000,96,1,0,,
168361,945322.000000,2019-11-19 00:00:00+03:00,0,0.000000,0,0.000000,0,0.000000,98,1,0,,
168361,945322.000000,2019-11-20 00:00:00+03:00,0,0.000000,0,0.000000,0,0.000000,184,1,0,,
168361,945322.000000,2019-11-21 00:00:00+03:00,0,0.000000,0,0.000000,0,0.000000,160,1,0,,
168361,945322.000000,2019-11-22 00:00:00+03:00,0,0.000000,0,0.000000,0,0.000000,157,1,0,,
168361,945322.000000,2019-11-23 00:00:00+03:00,0,0.000000,0,0.000000,0,0.000000,138,1,0,,
168361,945322.000000,2019-11-24 00:00:00+03:00,0,0.000000,0,0.000000,0,0.000000,142,1,0,,
168361,945322.000000,2019-11-25 00:00:00+03:00,0,0.000000,0,0.000000,0,0.000000,203,1,0,,
168361,945322.000000,2019-11-26 00:00:00+03:00,0,0.000000,0,0.000000,0,0.000000,222,1,0,,
168361,945322.000000,2019-11-27 00:00:00+03:00,0,0.000000,0,0.000000,0,0.000000,273,1,0,,
168361,945322.000000,2019-11-28 00:00:00+03:00,0,0.000000,0,0.000000,0,0.000000,247,1,0,,
168361,945324.000000,2019-11-01 00:00:00+03:00,0,0.000000,0,0.000000,0,0.000000,64,1,0,,
168361,945324.000000,2019-11-04 00:00:00+03:00,0,0.000000,0,0.000000,0,0.000000,21,1,0,,
168361,945324.000000,2019-11-05 00:00:00+03:00,0,0.000000,0,0.000000,0,0.000000,75,1,0,,
168361,945324.000000,2019-11-06 00:00:00+03:00,0,0.000000,0,0.000000,0,0.000000,92,1,0,,
168361,945324.000000,2019-11-07 00:00:00+03:00,0,0.000000,0,0.000000,0,0.000000,92,1,0,,
168361,945324.000000,2019-11-10 00:00:00+03:00,0,0.000000,0,0.000000,0,0.000000,121,1,0,,
168361,945324.000000,2019-11-11 00:00:00+03:00,0,0.000000,0,0.000000,0,0.000000,119,1,0,,
168361,945324.000000,2019-11-12 00:00:00+03:00,0,0.000000,0,0.000000,0,0.000000,111,1,0,,
168361,945324.000000,2019-11-13 00:00:00+03:00,0,0.000000,0,0.000000,0,0.000000,140,1,0,,
168361,945324.000000,2019-11-14 00:00:00+03:00,0,0.000000,0,0.000000,0,0.000000,158,1,0,,
168361,945324.000000,2019-11-17 00:00:00+03:00,0,0.000000,0,0.000000,0,0.000000,130,1,0,,
168361,945324.000000,2019-11-18 00:00:00+03:00,0,0.000000,0,0.000000,0,0.000000,118,1,0,,
168361,945324.000000,2019-11-19 00:00:00+03:00,0,0.000000,0,0.000000,0,0.000000,90,1,0,,
168361,945324.000000,2019-11-20 00:00:00+03:00,0,0.000000,0,0.000000,0,0.000000,101,1,0,,
168361,945324.000000,2019-11-21 00:00:00+03:00,0,0.000000,0,0.000000,0,0.000000,96,1,0,,
168361,945324.000000,2019-11-24 00:00:00+03:00,0,0.000000,0,0.000000,0,0.000000,123,1,0,,
168361,945324.000000,2019-11-27 00:00:00+03:00,0,0.000000,0,0.000000,0,0.000000,96,1,0,,
168361,945324.000000,2019-11-28 00:00:00+03:00,0,0.000000,0,0.000000,0,0.000000,78,1,0,,
168361,965538.000000,2019-11-19 00:00:00+03:00,0,0.000000,0,0.000000,0,0.000000,33,1,0,,
168361,965538.000000,2019-11-21 00:00:00+03:00,0,0.000000,0,0.000000,0,0.000000,56,1,0,,
168361,965538.000000,2019-11-22 00:00:00+03:00,0,0.000000,0,0.000000,0,0.000000,189,1,0,,
168361,965538.000000,2019-11-23 00:00:00+03:00,0,0.000000,0,0.000000,0,0.000000,76,1,0,,
168361,965538.000000,2019-11-25 00:00:00+03:00,0,0.000000,0,0.000000,0,0.000000,37,1,0,,
168361,965538.000000,2019-11-26 00:00:00+03:00,0,0.000000,0,0.000000,0,0.000000,101,1,0,,
168361,965538.000000,2019-11-27 00:00:00+03:00,0,0.000000,0,0.000000,0,0.000000,56,1,0,,
168361,965540.000000,2019-11-19 00:00:00+03:00,0,0.000000,0,0.000000,0,0.000000,84,1,0,,
168361,965540.000000,2019-11-20 00:00:00+03:00,0,0.000000,0,0.000000,0,0.000000,146,1,0,,
168361,965540.000000,2019-11-21 00:00:00+03:00,0,0.000000,0,0.000000,0,0.000000,137,1,0,,
168361,965540.000000,2019-11-22 00:00:00+03:00,0,0.000000,0,0.000000,0,0.000000,98,1,0,,
168361,965540.000000,2019-11-23 00:00:00+03:00,0,0.000000,0,0.000000,0,0.000000,191,1,0,,
168361,965540.000000,2019-11-24 00:00:00+03:00,0,0.000000,0,0.000000,0,0.000000,122,1,0,,
168361,965540.000000,2019-11-25 00:00:00+03:00,0,0.000000,0,0.000000,0,0.000000,27,1,0,,
168361,965540.000000,2019-11-26 00:00:00+03:00,0,0.000000,0,0.000000,0,0.000000,70,1,0,,
168361,965540.000000,2019-11-27 00:00:00+03:00,0,0.000000,0,0.000000,0,0.000000,44,1,0,,
168361,965542.000000,2019-11-19 00:00:00+03:00,0,0.000000,0,0.000000,0,0.000000,25,1,0,,
168361,965542.000000,2019-11-20 00:00:00+03:00,0,0.000000,0,0.000000,0,0.000000,181,1,0,,
168361,965542.000000,2019-11-21 00:00:00+03:00,0,0.000000,0,0.000000,0,0.000000,173,1,0,,
168361,965542.000000,2019-11-25 00:00:00+03:00,0,0.000000,0,0.000000,0,0.000000,250,1,0,,
168361,965542.000000,2019-11-26 00:00:00+03:00,0,0.000000,0,0.000000,0,0.000000,133,1,0,,
168361,965544.000000,2019-11-19 00:00:00+03:00,0,0.000000,0,0.000000,0,0.000000,52,1,0,,
168361,965544.000000,2019-11-20 00:00:00+03:00,0,0.000000,0,0.000000,0,0.000000,115,1,0,,
168361,965544.000000,2019-11-21 00:00:00+03:00,0,0.000000,0,0.000000,0,0.000000,271,1,0,,
168361,965544.000000,2019-11-22 00:00:00+03:00,0,0.000000,0,0.000000,0,0.000000,261,1,0,,
168361,965544.000000,2019-11-25 00:00:00+03:00,0,0.000000,0,0.000000,0,0.000000,275,1,0,,
168361,965544.000000,2019-11-26 00:00:00+03:00,0,0.000000,0,0.000000,0,0.000000,302,1,0,,
168366,952666.000000,2019-11-01 00:00:00+03:00,1,15.000000,0,0.000000,0,0.000000,0,1,1,0.000000,15.000000
168366,952678.000000,2019-11-05 00:00:00+03:00,1,30.000000,0,0.000000,0,0.000000,0,1,1,0.000000,30.000000
168377,968368.000000,2019-11-21 00:00:00+03:00,1,20.000000,0,0.000000,0,0.000000,0,1,1,0.000000,20.000000
168377,968368.000000,2019-11-22 00:00:00+03:00,1,18.000000,0,0.000000,0,0.000000,0,1,1,0.000000,18.000000
168412,952458.000000,2019-11-01 00:00:00+03:00,0,0.000000,0,0.000000,0,0.000000,2,1,0,,
168412,952458.000000,2019-11-04 00:00:00+03:00,0,0.000000,0,0.000000,0,0.000000,2,1,0,,
168412,952458.000000,2019-11-05 00:00:00+03:00,0,0.000000,0,0.000000,0,0.000000,1,1,0,,
168412,952458.000000,2019-11-06 00:00:00+03:00,0,0.000000,0,0.000000,0,0.000000,167,1,0,,
168412,952458.000000,2019-11-07 00:00:00+03:00,0,0.000000,0,0.000000,0,0.000000,170,1,0,,
168412,952458.000000,2019-11-08 00:00:00+03:00,0,0.000000,0,0.000000,0,0.000000,30,1,0,,
168412,952458.000000,2019-11-11 00:00:00+03:00,0,0.000000,0,0.000000,0,0.000000,229,1,0,,
168412,952458.000000,2019-11-12 00:00:00+03:00,0,0.000000,0,0.000000,0,0.000000,104,1,0,,
168412,952458.000000,2019-11-13 00:00:00+03:00,0,0.000000,0,0.000000,0,0.000000,139,1,0,,
168412,952458.000000,2019-11-15 00:00:00+03:00,0,0.000000,0,0.000000,0,0.000000,111,1,0,,
168412,952458.000000,2019-11-18 00:00:00+03:00,0,0.000000,0,0.000000,0,0.000000,176,1,0,,
168412,952458.000000,2019-11-19 00:00:00+03:00,0,0.000000,0,0.000000,0,0.000000,135,1,0,,
168412,952458.000000,2019-11-20 00:00:00+03:00,0,0.000000,0,0.000000,0,0.000000,132,1,0,,
168412,952458.000000,2019-11-21 00:00:00+03:00,0,0.000000,0,0.000000,0,0.000000,161,1,0,,
168412,952458.000000,2019-11-22 00:00:00+03:00,0,0.000000,0,0.000000,0,0.000000,153,1,0,,
168412,952460.000000,2019-11-04 00:00:00+03:00,0,0.000000,0,0.000000,0,0.000000,1,1,0,,
168412,952460.000000,2019-11-06 00:00:00+03:00,0,0.000000,0,0.000000,0,0.000000,8,1,0,,
168412,952460.000000,2019-11-07 00:00:00+03:00,0,0.000000,0,0.000000,0,0.000000,24,1,0,,
168412,952460.000000,2019-11-08 00:00:00+03:00,0,0.000000,0,0.000000,0,0.000000,8,1,0,,
168412,952460.000000,2019-11-11 00:00:00+03:00,0,0.000000,0,0.000000,0,0.000000,49,1,0,,
168412,952460.000000,2019-11-12 00:00:00+03:00,0,0.000000,0,0.000000,0,0.000000,10,1,0,,
168412,952460.000000,2019-11-13 00:00:00+03:00,0,0.000000,0,0.000000,0,0.000000,1,1,0,,
168412,952460.000000,2019-11-15 00:00:00+03:00,0,0.000000,0,0.000000,0,0.000000,5,1,0,,
168412,952460.000000,2019-11-18 00:00:00+03:00,0,0.000000,0,0.000000,0,0.000000,5,1,0,,
168412,952460.000000,2019-11-19 00:00:00+03:00,0,0.000000,0,0.000000,0,0.000000,24,1,0,,
168412,952460.000000,2019-11-22 00:00:00+03:00,0,0.000000,0,0.000000,0,0.000000,57,1,0,,
168412,952460.000000,2019-11-25 00:00:00+03:00,0,0.000000,0,0.000000,0,0.000000,1,1,0,,
168412,952462.000000,2019-11-05 00:00:00+03:00,4,98.000000,0,0.000000,0,0.000000,2,1,4,0.000000,24.500000
168412,952462.000000,2019-11-07 00:00:00+03:00,1,24.000000,0,0.000000,0,0.000000,0,1,1,0.000000,24.000000
168412,952462.000000,2019-11-19 00:00:00+03:00,2,19.000000,0,0.000000,0,0.000000,0,1,2,0.000000,9.500000
168412,952462.000000,2019-11-23 00:00:00+03:00,1,38.000000,0,0.000000,0,0.000000,0,1,1,0.000000,38.000000
168412,952462.000000,2019-11-26 00:00:00+03:00,1,9.000000,0,0.000000,0,0.000000,0,1,1,0.000000,9.000000
168412,952462.000000,2019-11-27 00:00:00+03:00,1,30.000000,0,0.000000,0,0.000000,0,1,1,0.000000,30.000000
168412,952466.000000,2019-11-05 00:00:00+03:00,0,0.000000,0,0.000000,0,0.000000,125,1,0,,
168412,952468.000000,2019-11-05 00:00:00+03:00,0,0.000000,0,0.000000,0,0.000000,44,1,0,,
168412,952468.000000,2019-11-06 00:00:00+03:00,0,0.000000,0,0.000000,0,0.000000,98,1,0,,
168412,952468.000000,2019-11-08 00:00:00+03:00,0,0.000000,0,0.000000,0,0.000000,72,1,0,,
168412,952468.000000,2019-11-11 00:00:00+03:00,0,0.000000,0,0.000000,0,0.000000,166,1,0,,
168412,952468.000000,2019-11-12 00:00:00+03:00,0,0.000000,0,0.000000,0,0.000000,96,1,0,,
168412,952468.000000,2019-11-13 00:00:00+03:00,0,0.000000,0,0.000000,0,0.000000,109,1,0,,
168412,952468.000000,2019-11-20 00:00:00+03:00,0,0.000000,0,0.000000,0,0.000000,40,1,0,,
168412,952468.000000,2019-11-21 00:00:00+03:00,0,0.000000,0,0.000000,0,0.000000,101,1,0,,
168412,952468.000000,2019-11-22 00:00:00+03:00,0,0.000000,0,0.000000,0,0.000000,91,1,0,,
168412,952468.000000,2019-11-25 00:00:00+03:00,0,0.000000,0,0.000000,0,0.000000,37,1,0,,
168412,952468.000000,2019-11-26 00:00:00+03:00,0,0.000000,0,0.000000,0,0.000000,73,1,0,,
168412,952468.000000,2019-11-27 00:00:00+03:00,0,0.000000,0,0.000000,0,0.000000,69,1,0,,
168412,952468.000000,2019-11-28 00:00:00+03:00,0,0.000000,0,0.000000,0,0.000000,86,1,0,,
168412,953458.000000,2019-11-05 00:00:00+03:00,0,0.000000,0,0.000000,0,0.000000,5,1,0,,
168412,953458.000000,2019-11-06 00:00:00+03:00,0,0.000000,0,0.000000,0,0.000000,41,1,0,,
168412,953458.000000,2019-11-12 00:00:00+03:00,0,0.000000,0,0.000000,0,0.000000,13,1,0,,
168412,953458.000000,2019-11-25 00:00:00+03:00,0,0.000000,0,0.000000,0,0.000000,2,1,0,,
168412,953460.000000,2019-11-05 00:00:00+03:00,0,0.000000,0,0.000000,0,0.000000,1,1,0,,
168412,953460.000000,2019-11-25 00:00:00+03:00,0,0.000000,0,0.000000,0,0.000000,4,1,0,,
168412,953460.000000,2019-11-27 00:00:00+03:00,0,0.000000,0,0.000000,0,0.000000,1,1,0,,
168412,953460.000000,2019-11-28 00:00:00+03:00,0,0.000000,0,0.000000,0,0.000000,2,1,0,,
168412,953462.000000,2019-11-18 00:00:00+03:00,0,0.000000,0,0.000000,0,0.000000,29,1,0,,
168412,953462.000000,2019-11-19 00:00:00+03:00,0,0.000000,0,0.000000,0,0.000000,99,1,0,,
168412,953462.000000,2019-11-20 00:00:00+03:00,0,0.000000,0,0.000000,0,0.000000,65,1,0,,
168412,953462.000000,2019-11-21 00:00:00+03:00,0,0.000000,0,0.000000,0,0.000000,90,1,0,,
168412,953462.000000,2019-11-22 00:00:00+03:00,0,0.000000,0,0.000000,0,0.000000,102,1,0,,
168412,953462.000000,2019-11-23 00:00:00+03:00,0,0.000000,0,0.000000,0,0.000000,75,1,0,,
168412,953462.000000,2019-11-25 00:00:00+03:00,0,0.000000,0,0.000000,0,0.000000,50,1,0,,
168412,953462.000000,2019-11-26 00:00:00+03:00,0,0.000000,0,0.000000,0,0.000000,56,1,0,,
168412,953462.000000,2019-11-27 00:00:00+03:00,0,0.000000,0,0.000000,0,0.000000,62,1,0,,
168412,953462.000000,2019-11-28 00:00:00+03:00,0,0.000000,0,0.000000,0,0.000000,64,1,0,,
168412,953464.000000,2019-11-05 00:00:00+03:00,3,26.000000,2,14.000000,0,0.000000,6,1,5,0.400000,8.666667
168412,953464.000000,2019-11-06 00:00:00+03:00,14,132.000000,0,0.000000,0,0.000000,1,1,14,0.000000,9.428571
168412,953464.000000,2019-11-07 00:00:00+03:00,1,7.000000,0,0.000000,0,0.000000,0,1,1,0.000000,7.000000
168412,953464.000000,2019-11-08 00:00:00+03:00,2,20.000000,0,0.000000,0,0.000000,0,1,2,0.000000,10.000000
168412,953464.000000,2019-11-11 00:00:00+03:00,5,63.000000,0,0.000000,0,0.000000,0,1,5,0.000000,12.600000
168412,953464.000000,2019-11-12 00:00:00+03:00,8,70.000000,0,0.000000,0,0.000000,0,1,8,0.000000,8.750000
168412,953464.000000,2019-11-13 00:00:00+03:00,5,46.000000,0,0.000000,0,0.000000,2,1,5,0.000000,9.200000
168412,953464.000000,2019-11-15 00:00:00+03:00,6,72.000000,0,0.000000,0,0.000000,0,1,6,0.000000,12.000000
168412,953464.000000,2019-11-18 00:00:00+03:00,2,11.000000,0,0.000000,0,0.000000,0,1,2,0.000000,5.500000
168412,953464.000000,2019-11-19 00:00:00+03:00,3,33.000000,0,0.000000,0,0.000000,43,1,3,0.000000,11.000000
168412,953464.000000,2019-11-20 00:00:00+03:00,3,27.000000,0,0.000000,0,0.000000,73,1,3,0.000000,9.000000
168412,953464.000000,2019-11-21 00:00:00+03:00,6,58.000000,0,0.000000,0,0.000000,17,1,6,0.000000,9.666667
168412,953464.000000,2019-11-22 00:00:00+03:00,3,17.000000,0,0.000000,0,0.000000,2,1,3,0.000000,5.666667
168412,953464.000000,2019-11-23 00:00:00+03:00,2,13.000000,0,0.000000,0,0.000000,1,1,2,0.000000,6.500000
168412,953464.000000,2019-11-25 00:00:00+03:00,0,0.000000,0,0.000000,0,0.000000,29,1,0,,
168412,953464.000000,2019-11-26 00:00:00+03:00,0,0.000000,0,0.000000,0,0.000000,171,1,0,,
168412,953464.000000,2019-11-27 00:00:00+03:00,1,17.000000,0,0.000000,0,0.000000,10,1,1,0.000000,17.000000
168412,953464.000000,2019-11-28 00:00:00+03:00,1,5.000000,0,0.000000,0,0.000000,10,1,1,0.000000,5.000000
168416,948182.000000,2019-11-01 00:00:00+03:00,3,42.000000,0,0.000000,0,0.000000,8,1,3,0.000000,14.000000
168416,948182.000000,2019-11-02 00:00:00+03:00,0,0.000000,0,0.000000,0,0.000000,2,1,0,,
168416,948182.000000,2019-11-05 00:00:00+03:00,7,76.000000,0,0.000000,0,0.000000,29,1,7,0.000000,10.857143
168416,948182.000000,2019-11-06 00:00:00+03:00,8,68.000000,0,0.000000,0,0.000000,14,1,8,0.000000,8.500000
168416,948182.000000,2019-11-07 00:00:00+03:00,3,62.000000,0,0.000000,0,0.000000,13,1,3,0.000000,20.666667
168416,948182.000000,2019-11-08 00:00:00+03:00,3,28.000000,0,0.000000,0,0.000000,16,1,3,0.000000,9.333333
168416,948182.000000,2019-11-09 00:00:00+03:00,0,0.000000,0,0.000000,0,0.000000,2,1,0,,
168416,948182.000000,2019-11-11 00:00:00+03:00,10,116.000000,0,0.000000,0,0.000000,7,1,10,0.000000,11.600000
168416,948182.000000,2019-11-12 00:00:00+03:00,2,33.000000,0,0.000000,0,0.000000,6,1,2,0.000000,16.500000
168416,948182.000000,2019-11-13 00:00:00+03:00,3,56.000000,0,0.000000,0,0.000000,18,1,3,0.000000,18.666667
168416,948182.000000,2019-11-14 00:00:00+03:00,7,56.000000,0,0.000000,0,0.000000,23,1,7,0.000000,8.000000
168416,948182.000000,2019-11-15 00:00:00+03:00,4,62.000000,0,0.000000,0,0.000000,5,1,4,0.000000,15.500000
168416,948182.000000,2019-11-16 00:00:00+03:00,1,18.000000,0,0.000000,0,0.000000,0,1,1,0.000000,18.000000
168416,948182.000000,2019-11-17 00:00:00+03:00,0,0.000000,0,0.000000,0,0.000000,3,1,0,,
168416,948182.000000,2019-11-18 00:00:00+03:00,7,91.000000,0,0.000000,0,0.000000,14,1,7,0.000000,13.000000
168416,948182.000000,2019-11-19 00:00:00+03:00,7,103.000000,0,0.000000,0,0.000000,65,1,7,0.000000,14.714286
168416,948182.000000,2019-11-20 00:00:00+03:00,8,124.000000,0,0.000000,0,0.000000,15,1,8,0.000000,15.500000
168416,948182.000000,2019-11-21 00:00:00+03:00,4,64.000000,0,0.000000,0,0.000000,20,1,4,0.000000,16.000000
168416,948182.000000,2019-11-22 00:00:00+03:00,2,25.000000,0,0.000000,0,0.000000,42,1,2,0.000000,12.500000
168416,948182.000000,2019-11-23 00:00:00+03:00,4,48.000000,0,0.000000,0,0.000000,1,1,4,0.000000,12.000000
168416,948182.000000,2019-11-25 00:00:00+03:00,8,92.000000,0,0.000000,0,0.000000,33,1,8,0.000000,11.500000
168416,948182.000000,2019-11-26 00:00:00+03:00,10,116.000000,0,0.000000,0,0.000000,40,1,10,0.000000,11.600000
168416,948182.000000,2019-11-27 00:00:00+03:00,6,100.000000,0,0.000000,0,0.000000,35,1,6,0.000000,16.666667
168416,948182.000000,2019-11-28 00:00:00+03:00,16,220.000000,0,0.000000,0,0.000000,16,1,16,0.000000,13.750000
168459,968520.000000,2019-11-27 00:00:00+03:00,10,10.000000,0,0.000000,0,0.000000,0,1,10,0.000000,1.000000
168464,950634.000000,2019-11-09 00:00:00+03:00,1,3.000000,0,0.000000,0,0.000000,0,1,1,0.000000,3.000000
168464,950634.000000,2019-11-11 00:00:00+03:00,1,24.000000,0,0.000000,0,0.000000,0,1,1,0.000000,24.000000
168464,950634.000000,2019-11-14 00:00:00+03:00,1,18.000000,0,0.000000,0,0.000000,0,1,1,0.000000,18.000000
168464,950634.000000,2019-11-18 00:00:00+03:00,1,3.000000,0,0.000000,0,0.000000,0,1,1,0.000000,3.000000
168464,950634.000000,2019-11-20 00:00:00+03:00,1,2.000000,0,0.000000,0,0.000000,0,1,1,0.000000,2.000000
168464,950634.000000,2019-11-22 00:00:00+03:00,1,17.000000,0,0.000000,0,0.000000,0,1,1,0.000000,17.000000
168464,950634.000000,2019-11-27 00:00:00+03:00,1,13.000000,0,0.000000,0,0.000000,0,1,1,0.000000,13.000000
168466,952114.000000,2019-11-07 00:00:00+03:00,0,0.000000,0,0.000000,0,0.000000,5,1,0,,
168466,952114.000000,2019-11-08 00:00:00+03:00,0,0.000000,0,0.000000,0,0.000000,162,1,0,,
168466,952114.000000,2019-11-11 00:00:00+03:00,0,0.000000,0,0.000000,0,0.000000,142,1,0,,
168466,952114.000000,2019-11-12 00:00:00+03:00,0,0.000000,0,0.000000,0,0.000000,164,1,0,,
168466,952114.000000,2019-11-13 00:00:00+03:00,0,0.000000,0,0.000000,0,0.000000,125,1,0,,
168466,952114.000000,2019-11-14 00:00:00+03:00,0,0.000000,0,0.000000,0,0.000000,73,1,0,,
168466,952114.000000,2019-11-15 00:00:00+03:00,1,3.000000,0,0.000000,0,0.000000,7,1,1,0.000000,3.000000
168466,952114.000000,2019-11-18 00:00:00+03:00,0,0.000000,0,0.000000,0,0.000000,12,1,0,,
168466,952116.000000,2019-11-11 00:00:00+03:00,0,0.000000,0,0.000000,0,0.000000,155,1,0,,
168466,952116.000000,2019-11-12 00:00:00+03:00,0,0.000000,0,0.000000,0,0.000000,54,1,0,,
168466,952116.000000,2019-11-13 00:00:00+03:00,0,0.000000,0,0.000000,0,0.000000,116,1,0,,
168466,952116.000000,2019-11-14 00:00:00+03:00,0,0.000000,0,0.000000,0,0.000000,28,1,0,,
168466,952116.000000,2019-11-15 00:00:00+03:00,0,0.000000,0,0.000000,0,0.000000,1,1,0,,
168473,956268.000000,2019-11-07 00:00:00+03:00,0,0.000000,0,0.000000,0,0.000000,8,1,0,,
168473,956268.000000,2019-11-08 00:00:00+03:00,4,62.000000,0,0.000000,0,0.000000,6,1,4,0.000000,15.500000
168473,956268.000000,2019-11-11 00:00:00+03:00,1,13.000000,0,0.000000,0,0.000000,8,1,1,0.000000,13.000000
168473,956268.000000,2019-11-20 00:00:00+03:00,2,38.000000,0,0.000000,0,0.000000,0,1,2,0.000000,19.000000
168481,956276.000000,2019-11-07 00:00:00+03:00,3,26.000000,0,0.000000,0,0.000000,4,1,3,0.000000,8.666667
168481,956276.000000,2019-11-11 00:00:00+03:00,5,27.000000,0,0.000000,0,0.000000,6,1,5,0.000000,5.400000
168481,956292.000000,2019-11-11 00:00:00+03:00,2,29.000000,0,0.000000,0,0.000000,0,1,2,0.000000,14.500000
168481,956292.000000,2019-11-12 00:00:00+03:00,1,6.000000,0,0.000000,0,0.000000,2,1,1,0.000000,6.000000
168481,959596.000000,2019-11-12 00:00:00+03:00,0,0.000000,0,0.000000,0,0.000000,9,1,0,,
168500,952196.000000,2019-11-01 00:00:00+03:00,1,16.000000,0,0.000000,0,0.000000,0,1,1,0.000000,16.000000
168500,952196.000000,2019-11-08 00:00:00+03:00,0,0.000000,0,0.000000,0,0.000000,2,1,0,,
168500,952196.000000,2019-11-24 00:00:00+03:00,1,8.000000,0,0.000000,0,0.000000,0,1,1,0.000000,8.000000
168522,951614.000000,2019-11-27 00:00:00+03:00,1,12.000000,0,0.000000,0,0.000000,0,1,1,0.000000,12.000000
168522,951614.000000,2019-11-28 00:00:00+03:00,4,72.000000,0,0.000000,0,0.000000,0,1,4,0.000000,18.000000
168562,960698.000000,2019-11-20 00:00:00+03:00,1,14.000000,0,0.000000,0,0.000000,0,1,1,0.000000,14.000000
168562,960698.000000,2019-11-26 00:00:00+03:00,1,10.000000,0,0.000000,0,0.000000,0,1,1,0.000000,10.000000
168562,960698.000000,2019-11-27 00:00:00+03:00,4,77.000000,0,0.000000,0,0.000000,0,1,4,0.000000,19.250000
168575,953940.000000,2019-11-05 00:00:00+03:00,1,9.000000,0,0.000000,0,0.000000,0,1,1,0.000000,9.000000
168575,953952.000000,2019-11-05 00:00:00+03:00,4,46.000000,0,0.000000,0,0.000000,0,1,4,0.000000,11.500000
168575,953952.000000,2019-11-07 00:00:00+03:00,4,66.000000,0,0.000000,0,0.000000,0,1,4,0.000000,16.500000
168575,953952.000000,2019-11-08 00:00:00+03:00,1,12.000000,0,0.000000,0,0.000000,0,1,1,0.000000,12.000000
168579,954810.000000,2019-11-07 00:00:00+03:00,3,22.000000,0,0.000000,0,0.000000,0,1,3,0.000000,7.333333
168579,954810.000000,2019-11-08 00:00:00+03:00,2,7.000000,0,0.000000,0,0.000000,0,1,2,0.000000,3.500000
168579,954810.000000,2019-11-09 00:00:00+03:00,6,62.000000,0,0.000000,0,0.000000,0,1,6,0.000000,10.333333
168579,954810.000000,2019-11-10 00:00:00+03:00,6,63.000000,0,0.000000,0,0.000000,0,1,6,0.000000,10.500000
168579,954810.000000,2019-11-11 00:00:00+03:00,3,21.000000,0,0.000000,0,0.000000,0,1,3,0.000000,7.000000
168579,954810.000000,2019-11-16 00:00:00+03:00,3,39.000000,0,0.000000,0,0.000000,0,1,3,0.000000,13.000000
168579,954810.000000,2019-11-17 00:00:00+03:00,2,14.000000,0,0.000000,0,0.000000,0,1,2,0.000000,7.000000
168579,954810.000000,2019-11-18 00:00:00+03:00,4,43.000000,0,0.000000,0,0.000000,0,1,4,0.000000,10.750000
168579,954810.000000,2019-11-22 00:00:00+03:00,1,4.000000,0,0.000000,0,0.000000,0,1,1,0.000000,4.000000
168579,954810.000000,2019-11-24 00:00:00+03:00,5,26.000000,0,0.000000,0,0.000000,0,1,5,0.000000,5.200000
168579,954810.000000,2019-11-25 00:00:00+03:00,2,35.000000,0,0.000000,0,0.000000,0,1,2,0.000000,17.500000
168579,973286.000000,2019-11-28 00:00:00+03:00,2,88.000000,0,0.000000,0,0.000000,0,1,2,0.000000,44.000000
168583,952126.000000,2019-11-06 00:00:00+03:00,1,23.000000,0,0.000000,0,0.000000,0,1,1,0.000000,23.000000
168583,952126.000000,2019-11-08 00:00:00+03:00,2,25.000000,0,0.000000,0,0.000000,0,1,2,0.000000,12.500000
168583,952126.000000,2019-11-13 00:00:00+03:00,2,28.000000,0,0.000000,0,0.000000,0,1,2,0.000000,14.000000
168583,952126.000000,2019-11-14 00:00:00+03:00,1,13.000000,0,0.000000,0,0.000000,0,1,1,0.000000,13.000000
168583,962062.000000,2019-11-16 00:00:00+03:00,4,52.000000,0,0.000000,0,0.000000,0,1,4,0.000000,13.000000
168583,962062.000000,2019-11-17 00:00:00+03:00,1,10.000000,0,0.000000,0,0.000000,0,1,1,0.000000,10.000000
168583,962062.000000,2019-11-18 00:00:00+03:00,1,18.000000,0,0.000000,0,0.000000,0,1,1,0.000000,18.000000
168583,962062.000000,2019-11-19 00:00:00+03:00,2,12.000000,0,0.000000,0,0.000000,0,1,2,0.000000,6.000000
168583,962062.000000,2019-11-22 00:00:00+03:00,6,102.000000,0,0.000000,0,0.000000,0,1,6,0.000000,17.000000
168583,962062.000000,2019-11-23 00:00:00+03:00,4,52.000000,0,0.000000,0,0.000000,0,1,4,0.000000,13.000000
168583,962062.000000,2019-11-24 00:00:00+03:00,2,26.000000,0,0.000000,0,0.000000,0,1,2,0.000000,13.000000
168583,962062.000000,2019-11-28 00:00:00+03:00,2,28.000000,0,0.000000,0,0.000000,0,1,2,0.000000,14.000000
168598,958394.000000,2019-11-11 00:00:00+03:00,2,28.000000,0,0.000000,0,0.000000,0,1,2,0.000000,14.000000
168598,958394.000000,2019-11-12 00:00:00+03:00,1,7.000000,0,0.000000,0,0.000000,0,1,1,0.000000,7.000000
168598,958394.000000,2019-11-14 00:00:00+03:00,2,28.000000,0,0.000000,0,0.000000,0,1,2,0.000000,14.000000
168598,958394.000000,2019-11-19 00:00:00+03:00,2,10.000000,0,0.000000,0,0.000000,0,1,2,0.000000,5.000000
168598,958394.000000,2019-11-20 00:00:00+03:00,1,5.000000,0,0.000000,0,0.000000,0,1,1,0.000000,5.000000
168598,958394.000000,2019-11-21 00:00:00+03:00,1,7.000000,0,0.000000,0,0.000000,0,1,1,0.000000,7.000000
168598,958394.000000,2019-11-22 00:00:00+03:00,1,6.000000,0,0.000000,0,0.000000,0,1,1,0.000000,6.000000
168598,958394.000000,2019-11-25 00:00:00+03:00,4,26.000000,0,0.000000,0,0.000000,0,1,4,0.000000,6.500000
168598,958394.000000,2019-11-27 00:00:00+03:00,2,11.000000,0,0.000000,0,0.000000,0,1,2,0.000000,5.500000
168598,958394.000000,2019-11-28 00:00:00+03:00,7,43.000000,0,0.000000,0,0.000000,0,1,7,0.000000,6.142857
168601,952914.000000,2019-11-02 00:00:00+03:00,5,24.000000,0,0.000000,0,0.000000,20,1,5,0.000000,4.800000
168601,952914.000000,2019-11-04 00:00:00+03:00,0,0.000000,0,0.000000,0,0.000000,2,1,0,,
168601,952914.000000,2019-11-05 00:00:00+03:00,3,22.000000,0,0.000000,0,0.000000,39,1,3,0.000000,7.333333
168601,952914.000000,2019-11-06 00:00:00+03:00,5,37.000000,0,0.000000,0,0.000000,48,1,5,0.000000,7.400000
168601,952914.000000,2019-11-07 00:00:00+03:00,6,73.000000,0,0.000000,0,0.000000,34,1,6,0.000000,12.166667
168601,952914.000000,2019-11-08 00:00:00+03:00,4,20.000000,0,0.000000,0,0.000000,34,1,4,0.000000,5.000000
168601,952914.000000,2019-11-09 00:00:00+03:00,0,0.000000,0,0.000000,0,0.000000,2,1,0,,
168601,952914.000000,2019-11-11 00:00:00+03:00,7,52.000000,0,0.000000,0,0.000000,75,1,7,0.000000,7.428571
168601,952914.000000,2019-11-12 00:00:00+03:00,7,47.000000,0,0.000000,0,0.000000,55,1,7,0.000000,6.714286
168601,952914.000000,2019-11-13 00:00:00+03:00,6,33.000000,0,0.000000,0,0.000000,80,1,6,0.000000,5.500000
168601,952914.000000,2019-11-14 00:00:00+03:00,18,140.000000,0,0.000000,0,0.000000,77,1,18,0.000000,7.777778
168601,952914.000000,2019-11-15 00:00:00+03:00,10,84.000000,0,0.000000,0,0.000000,33,1,10,0.000000,8.400000
168601,952914.000000,2019-11-19 00:00:00+03:00,0,0.000000,0,0.000000,0,0.000000,3,1,0,,
168601,952914.000000,2019-11-20 00:00:00+03:00,1,8.000000,0,0.000000,0,0.000000,2,1,1,0.000000,8.000000
168601,952914.000000,2019-11-22 00:00:00+03:00,2,13.000000,0,0.000000,0,0.000000,6,1,2,0.000000,6.500000
168601,952914.000000,2019-11-25 00:00:00+03:00,14,106.000000,0,0.000000,0,0.000000,48,1,14,0.000000,7.571429
168601,952914.000000,2019-11-26 00:00:00+03:00,8,46.000000,0,0.000000,0,0.000000,18,1,8,0.000000,5.750000
168601,952914.000000,2019-11-27 00:00:00+03:00,2,24.000000,0,0.000000,0,0.000000,28,1,2,0.000000,12.000000
168601,952914.000000,2019-11-28 00:00:00+03:00,0,0.000000,0,0.000000,0,0.000000,2,1,0,,
168601,952916.000000,2019-11-02 00:00:00+03:00,0,0.000000,0,0.000000,0,0.000000,1,1,0,,
168601,952916.000000,2019-11-12 00:00:00+03:00,1,25.000000,0,0.000000,0,0.000000,1,1,1,0.000000,25.000000
168601,952916.000000,2019-11-14 00:00:00+03:00,0,0.000000,0,0.000000,0,0.000000,3,1,0,,
168601,952916.000000,2019-11-15 00:00:00+03:00,0,0.000000,0,0.000000,0,0.000000,2,1,0,,
168603,959118.000000,2019-11-12 00:00:00+03:00,0,0.000000,0,0.000000,0,0.000000,1,1,0,,
168603,959118.000000,2019-11-20 00:00:00+03:00,0,0.000000,0,0.000000,0,0.000000,9,1,0,,
168603,959118.000000,2019-11-21 00:00:00+03:00,0,0.000000,0,0.000000,0,0.000000,6,1,0,,
168603,959118.000000,2019-11-27 00:00:00+03:00,0,0.000000,0,0.000000,0,0.000000,1,1,0,,
168606,957922.000000,2019-11-08 00:00:00+03:00,2,19.000000,1,7.000000,0,0.000000,4,1,3,0.333333,9.500000
168606,957922.000000,2019-11-09 00:00:00+03:00,0,0.000000,0,0.000000,0,0.000000,4,1,0,,
168606,957922.000000,2019-11-10 00:00:00+03:00,0,0.000000,0,0.000000,0,0.000000,0,1,0,,
168606,957922.000000,2019-11-11 00:00:00+03:00,0,0.000000,0,0.000000,0,0.000000,0,1,0,,
168606,957922.000000,2019-11-15 00:00:00+03:00,0,0.000000,0,0.000000,0,0.000000,0,1,0,,
